{"type":"FeatureCollection","metadata":{"parent_osm_id":"gid_IDN_21_1","parent_name":"NusaTenggaraTimur","parent_name_1":"NusaTenggaraTimur","parent_gid":"IDN.21_1","parent_level":"4","child_level":"5","count":21,"source":"GADM 4.1","generated":"2026-05-07"},"features":[{"type":"Feature","properties":{"name":"Alor","name_en":"Alor","admin_level":"5","osm_id":""},"geometry":{"type":"Polygon","coordinates":[[[124.455,-8.4425],[124.4465,-8.447],[124.4392,-8.4536],[124.4279,-8.4553],[124.4278,-8.4599],[124.4231,-8.4594],[124.4164,-8.4614],[124.4144,-8.4593],[124.4196,-8.4512],[124.4191,-8.4476],[124.4205,-8.4451],[124.4174,-8.4386],[124.4129,-8.437],[124.4066,-8.44],[124.3939,-8.4422],[124.3809,-8.4377],[124.3739,-8.4389],[124.3733,-8.4428],[124.3624,-8.4424],[124.3525,-8.4366],[124.3465,-8.4258],[124.3373,-8.42],[124.3399,-8.4157],[124.3415,-8.3915],[124.3441,-8.392],[124.3496,-8.3831],[124.365,-8.3723],[124.3662,-8.368],[124.3705,-8.3639],[124.3696,-8.3563],[124.3747,-8.3536],[124.3881,-8.3397],[124.3965,-8.3262],[124.3988,-8.3264],[124.4003,-8.321],[124.4037,-8.318],[124.4046,-8.3133],[124.403,-8.3097],[124.407,-8.2954],[124.4144,-8.2905],[124.423,-8.2924],[124.4263,-8.2899],[124.4276,-8.2909],[124.4419,-8.2806],[124.4436,-8.2774],[124.4433,-8.2724],[124.4469,-8.2691],[124.4508,-8.27],[124.4534,-8.2668],[124.4578,-8.2659],[124.4754,-8.2547],[124.4878,-8.2541],[124.4885,-8.252],[124.4909,-8.2533],[124.4979,-8.2521],[124.5059,-8.2594],[124.5082,-8.2553],[124.5117,-8.2532],[124.5122,-8.2483],[124.5179,-8.2461],[124.5217,-8.2473],[124.5287,-8.2402],[124.5338,-8.2398],[124.5352,-8.2379],[124.5394,-8.2388],[124.5426,-8.2331],[124.5421,-8.228],[124.5502,-8.2232],[124.5592,-8.2226],[124.564,-8.2181],[124.5614,-8.2189],[124.5566,-8.2136],[124.5543,-8.2135],[124.5487,-8.2173],[124.5474,-8.2228],[124.5397,-8.2244],[124.533,-8.2176],[124.5239,-8.2184],[124.5191,-8.2208],[124.5139,-8.2186],[124.5084,-8.2247],[124.504,-8.2207],[124.4999,-8.229],[124.4963,-8.2317],[124.4936,-8.2316],[124.4931,-8.23],[124.4858,-8.2322],[124.4767,-8.2396],[124.4675,-8.2429],[124.4632,-8.2477],[124.4586,-8.2476],[124.4549,-8.2496],[124.4533,-8.2547],[124.4471,-8.2555],[124.4453,-8.2588],[124.44,-8.2582],[124.4293,-8.2657],[124.413,-8.2708],[124.4105,-8.2724],[124.4087,-8.2774],[124.4062,-8.2789],[124.405,-8.2779],[124.4069,-8.2677],[124.4056,-8.2493],[124.4026,-8.2371],[124.3964,-8.2337],[124.3958,-8.2298],[124.4002,-8.2148],[124.4106,-8.2052],[124.4227,-8.1871],[124.4255,-8.1857],[124.4372,-8.1711],[124.4364,-8.1695],[124.4431,-8.1666],[124.4469,-8.16],[124.4458,-8.1557],[124.4511,-8.1487],[124.4553,-8.1471],[124.4579,-8.1423],[124.477,-8.1281],[124.4891,-8.1267],[124.5048,-8.1324],[124.5144,-8.1237],[124.5287,-8.1219],[124.537,-8.1274],[124.5403,-8.1272],[124.549,-8.1216],[124.557,-8.1235],[124.5851,-8.125],[124.592,-8.1221],[124.5999,-8.1216],[124.6031,-8.1241],[124.601,-8.1339],[124.5929,-8.1422],[124.5949,-8.1766],[124.5914,-8.1839],[124.5972,-8.1925],[124.5941,-8.1955],[124.608,-8.197],[124.6212,-8.185],[124.6255,-8.1845],[124.6309,-8.1804],[124.6401,-8.1789],[124.6475,-8.173],[124.6623,-8.1682],[124.6676,-8.1618],[124.6721,-8.1618],[124.6753,-8.1648],[124.6942,-8.1569],[124.697,-8.1583],[124.7121,-8.1555],[124.7248,-8.1561],[124.7328,-8.1535],[124.7375,-8.1538],[124.7489,-8.1475],[124.7484,-8.1464],[124.7518,-8.1466],[124.7577,-8.1499],[124.7728,-8.1461],[124.7822,-8.1472],[124.786,-8.149],[124.794,-8.157],[124.804,-8.1585],[124.81,-8.161],[124.8132,-8.1647],[124.8178,-8.1631],[124.8278,-8.1661],[124.8319,-8.1639],[124.8413,-8.1636],[124.8614,-8.1669],[124.8874,-8.1651],[124.8973,-8.1621],[124.9198,-8.1632],[124.9327,-8.1509],[124.9437,-8.1477],[124.9465,-8.1441],[124.9493,-8.1457],[124.9543,-8.1456],[124.9586,-8.1396],[124.9658,-8.1421],[124.9655,-8.1461],[124.9675,-8.1487],[124.9717,-8.1485],[124.9765,-8.1515],[124.9823,-8.1523],[124.9894,-8.1506],[124.9974,-8.157],[125.0082,-8.157],[125.0251,-8.1492],[125.0408,-8.1464],[125.0479,-8.1462],[125.0529,-8.1496],[125.0575,-8.1496],[125.0687,-8.1478],[125.0794,-8.1489],[125.0847,-8.1455],[125.0907,-8.1451],[125.0991,-8.1499],[125.1009,-8.1618],[125.1043,-8.1697],[125.1073,-8.1688],[125.1111,-8.1716],[125.1074,-8.1739],[125.1073,-8.181],[125.1127,-8.1931],[125.1228,-8.2037],[125.125,-8.2089],[125.1345,-8.2188],[125.1372,-8.2239],[125.1416,-8.2384],[125.1428,-8.2505],[125.1362,-8.2708],[125.1283,-8.2821],[125.1296,-8.2968],[125.1357,-8.315],[125.1409,-8.3192],[125.1293,-8.3313],[125.1259,-8.3371],[125.1093,-8.3437],[125.0953,-8.3443],[125.0875,-8.348],[125.0772,-8.3476],[125.0622,-8.357],[125.05,-8.3537],[125.0434,-8.3562],[125.0382,-8.3554],[125.0356,-8.3532],[125.0314,-8.3554],[125.0288,-8.3535],[125.0241,-8.3566],[125.0223,-8.354],[125.0187,-8.3568],[125.0143,-8.3531],[125.0104,-8.3572],[125.0096,-8.3541],[125.0014,-8.3543],[124.9691,-8.36],[124.9498,-8.3558],[124.9211,-8.3595],[124.8968,-8.3646],[124.8909,-8.3625],[124.8867,-8.3655],[124.8813,-8.3655],[124.8635,-8.3749],[124.8569,-8.3762],[124.8522,-8.3795],[124.8428,-8.3823],[124.839,-8.3872],[124.8317,-8.3866],[124.8281,-8.3843],[124.8263,-8.3863],[124.824,-8.3861],[124.8177,-8.392],[124.8167,-8.391],[124.8086,-8.3941],[124.8066,-8.3964],[124.7971,-8.3973],[124.7885,-8.4008],[124.7874,-8.4035],[124.7808,-8.3997],[124.7738,-8.4053],[124.761,-8.4023],[124.7579,-8.4038],[124.7413,-8.4049],[124.7341,-8.4014],[124.7297,-8.4019],[124.7247,-8.3996],[124.7174,-8.4049],[124.701,-8.3973],[124.6943,-8.3969],[124.6914,-8.3939],[124.6844,-8.3952],[124.6759,-8.3924],[124.6715,-8.3928],[124.6688,-8.3887],[124.6691,-8.3916],[124.6618,-8.3902],[124.6561,-8.3912],[124.6444,-8.3983],[124.6425,-8.401],[124.6389,-8.4016],[124.6341,-8.4071],[124.6265,-8.4105],[124.6166,-8.4189],[124.6105,-8.4189],[124.6038,-8.4259],[124.5905,-8.4328],[124.5608,-8.4364],[124.5549,-8.4397],[124.5503,-8.4388],[124.5471,-8.4424],[124.5397,-8.4416],[124.5358,-8.4396],[124.5364,-8.4364],[124.5344,-8.4304],[124.5254,-8.4225],[124.522,-8.4239],[124.5199,-8.4205],[124.5099,-8.4184],[124.4943,-8.419],[124.4905,-8.4235],[124.4859,-8.4253],[124.4826,-8.423],[124.4742,-8.4297],[124.4691,-8.4363],[124.4592,-8.4419],[124.455,-8.4425]]]}},{"type":"Feature","properties":{"name":"Belu","name_en":"Belu","admin_level":"5","osm_id":""},"geometry":{"type":"Polygon","coordinates":[[[124.8313,-9.7605],[124.824,-9.7753],[124.8196,-9.7743],[124.8188,-9.7755],[124.8214,-9.7767],[124.8214,-9.7788],[124.8094,-9.7906],[124.8074,-9.7882],[124.8092,-9.7804],[124.8028,-9.7747],[124.7998,-9.7744],[124.7977,-9.7709],[124.7971,-9.7612],[124.7994,-9.756],[124.7981,-9.7486],[124.8061,-9.7254],[124.8126,-9.6893],[124.8213,-9.6692],[124.8208,-9.658],[124.8156,-9.6548],[124.8063,-9.6531],[124.8021,-9.6503],[124.8006,-9.6455],[124.7952,-9.6419],[124.7929,-9.6377],[124.7927,-9.6327],[124.7966,-9.6288],[124.8003,-9.6179],[124.7981,-9.6143],[124.7934,-9.6118],[124.7879,-9.5998],[124.7857,-9.5982],[124.7819,-9.5989],[124.7801,-9.597],[124.7742,-9.5984],[124.7622,-9.5978],[124.7442,-9.6199],[124.7314,-9.6296],[124.7277,-9.6293],[124.7188,-9.6373],[124.7136,-9.6386],[124.7029,-9.6366],[124.7041,-9.6339],[124.6998,-9.6284],[124.6969,-9.6295],[124.6961,-9.6282],[124.6962,-9.6306],[124.6926,-9.6321],[124.6881,-9.6322],[124.6848,-9.63],[124.6835,-9.6324],[124.682,-9.6304],[124.6801,-9.6314],[124.6787,-9.6298],[124.6734,-9.63],[124.6734,-9.6284],[124.6714,-9.6278],[124.6723,-9.6271],[124.6634,-9.627],[124.66,-9.6199],[124.652,-9.6172],[124.6497,-9.6123],[124.6521,-9.6081],[124.6494,-9.6071],[124.6486,-9.6032],[124.6469,-9.603],[124.6481,-9.5996],[124.6424,-9.5954],[124.6429,-9.5936],[124.644,-9.5944],[124.643,-9.591],[124.6445,-9.591],[124.6453,-9.5849],[124.6539,-9.5817],[124.6686,-9.5819],[124.6785,-9.5859],[124.686,-9.5846],[124.6979,-9.5859],[124.7013,-9.5825],[124.7003,-9.5689],[124.7042,-9.5613],[124.7241,-9.5545],[124.7327,-9.5539],[124.7354,-9.5559],[124.7382,-9.562],[124.7534,-9.5638],[124.7568,-9.5601],[124.7569,-9.5576],[124.7519,-9.5542],[124.7541,-9.5436],[124.7527,-9.541],[124.753,-9.5363],[124.7415,-9.5302],[124.7388,-9.5186],[124.7364,-9.5163],[124.7384,-9.5097],[124.7341,-9.5101],[124.729,-9.5133],[124.7224,-9.5069],[124.7212,-9.5035],[124.7229,-9.5013],[124.7286,-9.5026],[124.7284,-9.4984],[124.7313,-9.4985],[124.7323,-9.4962],[124.7334,-9.4981],[124.732,-9.5011],[124.7371,-9.4995],[124.7399,-9.4975],[124.7367,-9.4964],[124.7379,-9.4941],[124.7409,-9.4939],[124.744,-9.4876],[124.7459,-9.49],[124.7486,-9.4898],[124.7527,-9.4823],[124.7571,-9.4822],[124.7599,-9.4794],[124.7623,-9.4824],[124.7648,-9.48],[124.7671,-9.4819],[124.7682,-9.4763],[124.7661,-9.4747],[124.7688,-9.4716],[124.7687,-9.4677],[124.7714,-9.4675],[124.7731,-9.47],[124.7813,-9.4707],[124.7817,-9.468],[124.7787,-9.464],[124.7816,-9.4571],[124.78,-9.453],[124.7839,-9.4528],[124.7883,-9.4456],[124.7849,-9.4439],[124.7878,-9.4392],[124.7862,-9.4361],[124.7879,-9.4307],[124.7856,-9.4285],[124.788,-9.4257],[124.7862,-9.4246],[124.7877,-9.4188],[124.7787,-9.4113],[124.772,-9.4103],[124.7698,-9.4064],[124.7711,-9.4021],[124.7688,-9.3975],[124.775,-9.3982],[124.789,-9.385],[124.7944,-9.3829],[124.8013,-9.3826],[124.8089,-9.3689],[124.8073,-9.3679],[124.8081,-9.366],[124.8063,-9.3655],[124.8061,-9.3619],[124.8009,-9.3558],[124.8019,-9.3534],[124.8006,-9.3507],[124.8031,-9.3499],[124.8043,-9.3471],[124.8121,-9.3445],[124.8153,-9.341],[124.82,-9.3391],[124.8239,-9.3401],[124.8304,-9.3354],[124.8377,-9.3351],[124.8373,-9.3318],[124.8397,-9.3326],[124.8412,-9.3304],[124.8404,-9.3291],[124.844,-9.3261],[124.8447,-9.3223],[124.8426,-9.3175],[124.8453,-9.3192],[124.8477,-9.3175],[124.8475,-9.3159],[124.8452,-9.3164],[124.8447,-9.3148],[124.8447,-9.3109],[124.8462,-9.3115],[124.8459,-9.3103],[124.8431,-9.3092],[124.8427,-9.3059],[124.8458,-9.3023],[124.8437,-9.2994],[124.8451,-9.2992],[124.8446,-9.298],[124.8467,-9.2981],[124.8456,-9.2965],[124.8469,-9.2937],[124.8488,-9.2937],[124.8548,-9.2849],[124.8533,-9.284],[124.8522,-9.2781],[124.8527,-9.2712],[124.8505,-9.2651],[124.8505,-9.2544],[124.8489,-9.25],[124.8376,-9.234],[124.8349,-9.2139],[124.82,-9.1996],[124.8187,-9.1892],[124.8167,-9.1854],[124.8203,-9.1807],[124.8209,-9.1739],[124.8127,-9.1726],[124.8092,-9.1683],[124.8125,-9.1665],[124.8121,-9.1651],[124.8156,-9.1658],[124.8173,-9.1595],[124.8248,-9.1522],[124.8269,-9.1455],[124.826,-9.1437],[124.8205,-9.1442],[124.8166,-9.1058],[124.8136,-9.102],[124.816,-9.0913],[124.814,-9.0895],[124.8181,-9.0859],[124.8202,-9.0763],[124.8155,-9.065],[124.8115,-9.0635],[124.8044,-9.0545],[124.8025,-9.0472],[124.8056,-9.0413],[124.802,-9.0374],[124.8008,-9.0299],[124.7968,-9.0264],[124.7974,-9.0224],[124.7951,-9.0218],[124.7924,-9.0182],[124.7961,-9.0121],[124.8012,-9.0086],[124.8042,-9.0088],[124.8072,-9.0113],[124.8088,-9.014],[124.8072,-9.0128],[124.8072,-9.0148],[124.8095,-9.0181],[124.8102,-9.0164],[124.8088,-9.0147],[124.8106,-9.0112],[124.8095,-9.0072],[124.8162,-9.0024],[124.8243,-9.0022],[124.8261,-9.0043],[124.827,-9.0021],[124.83,-9.0024],[124.8466,-9.0056],[124.8486,-9.0085],[124.8511,-9.0068],[124.8544,-8.9994],[124.8606,-8.9987],[124.8657,-9.0036],[124.8634,-8.999],[124.862,-8.9991],[124.8613,-8.9974],[124.8614,-8.9963],[124.8619,-8.9979],[124.8664,-8.9901],[124.8729,-8.9865],[124.878,-8.9803],[124.9,-8.9721],[124.9064,-8.972],[124.9078,-8.9697],[124.912,-8.9708],[124.9156,-8.9689],[124.9187,-8.9707],[124.9207,-8.9667],[124.9267,-8.9665],[124.9296,-8.9636],[124.9288,-8.9625],[124.9321,-8.962],[124.935,-8.959],[124.9452,-8.957],[124.9495,-8.9582],[124.9516,-8.9606],[124.9505,-8.9681],[124.9459,-8.9734],[124.9455,-8.9763],[124.9413,-8.9786],[124.941,-8.9841],[124.9341,-8.9951],[124.934,-8.9989],[124.938,-9.003],[124.9366,-9.0068],[124.9374,-9.0138],[124.9367,-9.0168],[124.9319,-9.0182],[124.9318,-9.0281],[124.9374,-9.0348],[124.9421,-9.0374],[124.9403,-9.0472],[124.9426,-9.0474],[124.9428,-9.0491],[124.9467,-9.0492],[124.9487,-9.0526],[124.9503,-9.052],[124.9505,-9.0488],[124.9528,-9.0487],[124.9541,-9.0564],[124.9559,-9.0581],[124.9613,-9.0589],[124.9692,-9.0566],[124.9746,-9.0631],[124.9839,-9.0662],[124.9887,-9.0601],[124.991,-9.064],[125.0011,-9.0643],[125.0069,-9.0606],[125.0103,-9.0502],[125.0211,-9.0497],[125.0204,-9.0436],[125.0218,-9.0425],[125.0295,-9.0437],[125.0317,-9.0416],[125.0315,-9.0382],[125.0364,-9.0363],[125.0383,-9.0335],[125.0403,-9.0344],[125.0427,-9.0319],[125.0524,-9.0317],[125.058,-9.0269],[125.0627,-9.0285],[125.0678,-9.0278],[125.0726,-9.023],[125.0768,-9.0217],[125.0821,-9.0143],[125.0875,-9.0125],[125.0993,-8.9994],[125.0988,-8.9928],[125.1021,-8.9884],[125.1038,-8.9736],[125.1082,-8.9688],[125.1124,-8.9676],[125.1175,-8.9702],[125.1214,-8.9746],[125.1218,-8.9782],[125.1269,-8.9808],[125.13,-8.9867],[125.1334,-8.9882],[125.1359,-8.9955],[125.1483,-8.9965],[125.1592,-9.0047],[125.1648,-9.0126],[125.1847,-9.0259],[125.1868,-9.029],[125.1852,-9.0308],[125.1843,-9.0371],[125.1893,-9.0465],[125.1879,-9.0492],[125.1886,-9.0571],[125.1848,-9.0594],[125.1839,-9.0628],[125.1876,-9.0733],[125.1849,-9.0745],[125.1849,-9.08],[125.1802,-9.0839],[125.1774,-9.0955],[125.1782,-9.0998],[125.1761,-9.1044],[125.1732,-9.1061],[125.1781,-9.1125],[125.1795,-9.1184],[125.1732,-9.1182],[125.1706,-9.1228],[125.1726,-9.1272],[125.1731,-9.1341],[125.1757,-9.1368],[125.1763,-9.144],[125.1793,-9.1468],[125.1789,-9.1536],[125.1765,-9.1578],[125.1794,-9.1664],[125.1787,-9.1687],[125.1747,-9.175],[125.1714,-9.1724],[125.1554,-9.173],[125.1482,-9.1708],[125.1421,-9.1735],[125.1343,-9.1744],[125.1319,-9.1791],[125.125,-9.1823],[125.1226,-9.1853],[125.1164,-9.1865],[125.1079,-9.1924],[125.1062,-9.1958],[125.1023,-9.1958],[125.1025,-9.1972],[125.097,-9.2018],[125.0911,-9.1954],[125.0863,-9.193],[125.0834,-9.1895],[125.08,-9.1886],[125.0748,-9.1755],[125.068,-9.1758],[125.0653,-9.1733],[125.0564,-9.1715],[125.0561,-9.1697],[125.0523,-9.1689],[125.0419,-9.1743],[125.0395,-9.1732],[125.0361,-9.1744],[125.0331,-9.1702],[125.0286,-9.1696],[125.0251,-9.1713],[125.0144,-9.1691],[125.0117,-9.1739],[125.009,-9.1748],[125.0055,-9.1746],[125.003,-9.1724],[124.9997,-9.1742],[124.9943,-9.1724],[124.993,-9.1766],[124.994,-9.1783],[124.9928,-9.1767],[124.9904,-9.1787],[124.9883,-9.1895],[124.9845,-9.192],[124.9827,-9.1914],[124.9814,-9.2111],[124.9838,-9.2308],[124.9821,-9.2354],[124.983,-9.2409],[124.9814,-9.242],[124.9839,-9.2429],[124.9853,-9.2463],[124.9848,-9.2515],[124.9883,-9.2552],[124.9874,-9.2608],[124.9894,-9.268],[124.9968,-9.2765],[124.9983,-9.2806],[124.9953,-9.2855],[124.9945,-9.2902],[124.9969,-9.2941],[125.0067,-9.2948],[125.0107,-9.3005],[125.0264,-9.314],[125.0295,-9.3201],[125.0341,-9.3201],[125.0356,-9.3235],[125.0425,-9.3213],[125.049,-9.3251],[125.0523,-9.3312],[125.0503,-9.3343],[125.0512,-9.3448],[125.0488,-9.3535],[125.0495,-9.3551],[125.0515,-9.3551],[125.05,-9.358],[125.0507,-9.3602],[125.0534,-9.3641],[125.0587,-9.3669],[125.0589,-9.3709],[125.0668,-9.3736],[125.0678,-9.3793],[125.071,-9.3828],[125.0751,-9.3838],[125.0793,-9.3902],[125.08,-9.3923],[125.077,-9.3981],[125.077,-9.4024],[125.0811,-9.4132],[125.0779,-9.4185],[125.081,-9.4215],[125.0782,-9.4264],[125.0806,-9.4272],[125.0793,-9.4301],[125.0815,-9.432],[125.0787,-9.4347],[125.0809,-9.4387],[125.0787,-9.4426],[125.0812,-9.4439],[125.0837,-9.4497],[125.0873,-9.4513],[125.0847,-9.4546],[125.0877,-9.4571],[125.0879,-9.463],[125.0712,-9.4821],[125.0632,-9.4817],[125.0487,-9.4909],[125.0321,-9.5044],[125.0306,-9.5038],[125.0315,-9.505],[125.0171,-9.5196],[125.0052,-9.5353],[124.9957,-9.5553],[124.9913,-9.5586],[124.9898,-9.5621],[124.9922,-9.5642],[124.9928,-9.568],[124.989,-9.579],[124.9863,-9.5941],[124.9869,-9.629],[124.9839,-9.6372],[124.9793,-9.6437],[124.9492,-9.6727],[124.947,-9.6779],[124.9386,-9.6802],[124.9376,-9.6825],[124.9278,-9.6825],[124.9176,-9.6848],[124.9112,-9.6892],[124.8955,-9.6955],[124.8683,-9.7185],[124.8661,-9.7197],[124.8644,-9.7187],[124.8627,-9.7209],[124.8635,-9.7226],[124.8531,-9.7304],[124.8525,-9.7316],[124.854,-9.7315],[124.8447,-9.7411],[124.8313,-9.7605]]]}},{"type":"Feature","properties":{"name":"Ende","name_en":"Ende","admin_level":"5","osm_id":""},"geometry":{"type":"Polygon","coordinates":[[[121.6544,-8.8928],[121.6523,-8.8998],[121.644,-8.9059],[121.6392,-8.9055],[121.636,-8.9017],[121.6336,-8.9026],[121.6322,-8.8998],[121.6269,-8.8988],[121.625,-8.8907],[121.6339,-8.8651],[121.6425,-8.8493],[121.6416,-8.8408],[121.633,-8.8333],[121.6092,-8.8257],[121.6042,-8.822],[121.6013,-8.817],[121.5968,-8.8144],[121.5929,-8.8068],[121.5836,-8.8014],[121.5675,-8.7978],[121.5487,-8.8055],[121.5456,-8.8096],[121.5046,-8.8048],[121.4856,-8.7988],[121.4624,-8.7991],[121.4294,-8.795],[121.4276,-8.7936],[121.4153,-8.7943],[121.4138,-8.7909],[121.4173,-8.7832],[121.4156,-8.7761],[121.4177,-8.7741],[121.4148,-8.7719],[121.4165,-8.7688],[121.4156,-8.7663],[121.4177,-8.7652],[121.4161,-8.7638],[121.419,-8.7613],[121.4155,-8.7579],[121.4173,-8.7566],[121.4156,-8.7551],[121.4178,-8.7525],[121.4166,-8.7443],[121.4116,-8.7421],[121.4097,-8.7354],[121.4045,-8.7355],[121.4029,-8.7321],[121.4008,-8.7331],[121.3977,-8.7283],[121.3985,-8.7256],[121.3957,-8.7262],[121.3971,-8.7236],[121.3964,-8.7206],[121.3948,-8.7205],[121.3968,-8.716],[121.3991,-8.7163],[121.3982,-8.7145],[121.4,-8.7139],[121.3995,-8.7122],[121.4025,-8.7077],[121.4046,-8.7076],[121.4053,-8.7045],[121.4147,-8.6949],[121.4191,-8.6929],[121.4264,-8.6863],[121.43,-8.6811],[121.4282,-8.6778],[121.4323,-8.6706],[121.437,-8.6716],[121.439,-8.6693],[121.4418,-8.6692],[121.4456,-8.6718],[121.4493,-8.6683],[121.4549,-8.6703],[121.4622,-8.6681],[121.4645,-8.6639],[121.4716,-8.663],[121.4727,-8.6581],[121.4824,-8.6533],[121.4947,-8.6395],[121.5,-8.6399],[121.5046,-8.6362],[121.5191,-8.6353],[121.5233,-8.6285],[121.5237,-8.6216],[121.5212,-8.6174],[121.5192,-8.6181],[121.5195,-8.615],[121.5258,-8.6125],[121.5288,-8.6078],[121.5256,-8.6027],[121.5227,-8.6015],[121.5254,-8.6],[121.5257,-8.5957],[121.5299,-8.5947],[121.5312,-8.5966],[121.5294,-8.5982],[121.53,-8.5998],[121.538,-8.6017],[121.5408,-8.5995],[121.5415,-8.5955],[121.5401,-8.5932],[121.5422,-8.5891],[121.5409,-8.5863],[121.5419,-8.5843],[121.5532,-8.576],[121.5602,-8.5766],[121.5656,-8.5742],[121.5738,-8.5762],[121.5781,-8.5753],[121.5816,-8.5697],[121.5817,-8.5648],[121.5795,-8.5613],[121.5736,-8.5598],[121.5655,-8.5521],[121.5662,-8.5432],[121.5641,-8.5402],[121.5703,-8.5309],[121.5726,-8.5307],[121.5773,-8.535],[121.577,-8.539],[121.5785,-8.5415],[121.5809,-8.5403],[121.5865,-8.5437],[121.5921,-8.5425],[121.5912,-8.546],[121.5939,-8.5483],[121.5937,-8.5499],[121.6055,-8.5595],[121.6087,-8.5603],[121.6091,-8.5582],[121.6113,-8.559],[121.6122,-8.5537],[121.609,-8.5477],[121.6049,-8.544],[121.6027,-8.544],[121.6015,-8.5409],[121.6021,-8.5243],[121.6073,-8.5151],[121.6026,-8.5069],[121.6065,-8.4985],[121.605,-8.4914],[121.6076,-8.4833],[121.6068,-8.4796],[121.6075,-8.4786],[121.6094,-8.4799],[121.6103,-8.4842],[121.6131,-8.4843],[121.6132,-8.481],[121.6159,-8.4775],[121.6148,-8.4759],[121.6189,-8.4718],[121.621,-8.4726],[121.6224,-8.4779],[121.625,-8.4776],[121.6252,-8.4748],[121.6285,-8.4741],[121.6296,-8.4713],[121.6357,-8.4747],[121.6404,-8.4748],[121.6397,-8.477],[121.6411,-8.4785],[121.6446,-8.4786],[121.6429,-8.4834],[121.6368,-8.4871],[121.6396,-8.4932],[121.6387,-8.4956],[121.6419,-8.4988],[121.6521,-8.5014],[121.6593,-8.497],[121.6604,-8.4927],[121.6655,-8.4938],[121.6652,-8.4967],[121.6689,-8.5049],[121.6749,-8.5101],[121.6802,-8.512],[121.6884,-8.5113],[121.6994,-8.508],[121.7098,-8.5014],[121.7204,-8.4985],[121.7167,-8.4992],[121.7146,-8.499],[121.721,-8.498],[121.7257,-8.4945],[121.7349,-8.4945],[121.7435,-8.4979],[121.7542,-8.4975],[121.7605,-8.5011],[121.7715,-8.503],[121.7745,-8.5008],[121.7866,-8.5004],[121.7855,-8.5047],[121.7877,-8.5088],[121.8003,-8.5106],[121.8104,-8.5075],[121.8132,-8.5056],[121.8148,-8.5016],[121.8203,-8.5038],[121.8276,-8.4995],[121.8311,-8.5],[121.833,-8.4892],[121.8436,-8.482],[121.8455,-8.4869],[121.854,-8.4939],[121.8619,-8.494],[121.8713,-8.4988],[121.8814,-8.496],[121.8846,-8.4988],[121.8951,-8.4947],[121.8986,-8.4969],[121.9055,-8.4938],[121.913,-8.4957],[121.9232,-8.4903],[121.9272,-8.4852],[121.9316,-8.4825],[121.9323,-8.4785],[121.9415,-8.47],[121.9424,-8.4652],[121.9457,-8.4629],[121.9458,-8.4591],[121.9419,-8.459],[121.9445,-8.4571],[121.9452,-8.4538],[121.9474,-8.4539],[121.9556,-8.4482],[121.9576,-8.4459],[121.9572,-8.4439],[121.9607,-8.4472],[121.9489,-8.4573],[121.9506,-8.4595],[121.9545,-8.4583],[121.9584,-8.4624],[121.9527,-8.4684],[121.9558,-8.4733],[121.9592,-8.4726],[121.9623,-8.4691],[121.9663,-8.4592],[121.9714,-8.4558],[121.9756,-8.456],[121.9776,-8.4528],[121.9796,-8.4537],[121.9823,-8.452],[121.9833,-8.4467],[121.9917,-8.4529],[121.994,-8.4522],[121.9953,-8.4488],[122.0012,-8.4504],[122.006,-8.4478],[122.0077,-8.4423],[122.0107,-8.441],[122.0145,-8.4405],[122.0161,-8.4424],[122.0207,-8.443],[122.024,-8.4402],[122.0253,-8.447],[122.023,-8.4482],[122.023,-8.4515],[122.02,-8.4522],[122.0225,-8.4576],[122.0145,-8.4591],[122.0145,-8.4609],[122.0181,-8.4624],[122.0188,-8.4669],[122.016,-8.467],[122.0103,-8.464],[122.0119,-8.4672],[122.0191,-8.4724],[122.016,-8.4752],[122.0138,-8.4821],[122.0092,-8.4871],[122.0142,-8.4881],[122.009,-8.4928],[122.0124,-8.5054],[122.0109,-8.5074],[122.0062,-8.509],[122.0065,-8.5143],[122.0,-8.516],[122.0006,-8.5192],[121.9988,-8.5198],[121.996,-8.5294],[121.9909,-8.5351],[121.9899,-8.5401],[121.9865,-8.5434],[121.9805,-8.5453],[121.9768,-8.5506],[121.9809,-8.5627],[121.9882,-8.5673],[121.9848,-8.576],[121.9797,-8.5771],[121.9804,-8.5847],[121.9855,-8.5914],[121.9857,-8.5957],[121.9821,-8.6048],[121.9844,-8.6099],[121.9682,-8.611],[121.9626,-8.6162],[121.9719,-8.6254],[121.9657,-8.6273],[121.9642,-8.629],[121.9658,-8.63],[121.9625,-8.6321],[121.9606,-8.6365],[121.962,-8.6444],[121.9585,-8.6575],[121.9587,-8.6705],[121.9484,-8.6768],[121.9425,-8.6928],[121.9379,-8.6995],[121.9368,-8.7053],[121.9283,-8.7086],[121.927,-8.7116],[121.9306,-8.7198],[121.9405,-8.7263],[121.9443,-8.737],[121.9438,-8.7415],[121.9518,-8.7521],[121.9549,-8.7521],[121.9595,-8.7558],[121.9648,-8.7566],[121.9671,-8.7605],[121.9689,-8.7593],[121.9706,-8.7509],[121.9838,-8.7512],[121.9906,-8.7553],[121.9955,-8.7676],[121.9954,-8.7741],[121.9914,-8.7766],[121.9919,-8.7926],[121.9903,-8.7954],[121.9972,-8.8059],[121.9815,-8.8105],[121.9779,-8.8141],[121.9735,-8.8123],[121.9685,-8.8126],[121.9632,-8.8174],[121.9602,-8.8173],[121.9562,-8.8202],[121.9525,-8.82],[121.9436,-8.8254],[121.9358,-8.8264],[121.9246,-8.8316],[121.9194,-8.8302],[121.9093,-8.832],[121.9058,-8.8297],[121.8946,-8.8309],[121.8883,-8.828],[121.8841,-8.8281],[121.8742,-8.8333],[121.8703,-8.8329],[121.8686,-8.8354],[121.8677,-8.8337],[121.861,-8.8353],[121.8581,-8.8372],[121.8546,-8.8456],[121.8496,-8.8512],[121.8408,-8.851],[121.8357,-8.8528],[121.8321,-8.8565],[121.8239,-8.8584],[121.8207,-8.8617],[121.8197,-8.8663],[121.8139,-8.8707],[121.8098,-8.8726],[121.8056,-8.8705],[121.8025,-8.8721],[121.7998,-8.8714],[121.7994,-8.873],[121.7864,-8.8759],[121.7801,-8.8804],[121.7728,-8.8817],[121.7655,-8.8794],[121.7615,-8.8801],[121.7371,-8.8768],[121.7327,-8.8751],[121.7287,-8.8684],[121.7228,-8.8632],[121.7068,-8.8542],[121.6892,-8.8482],[121.6864,-8.8489],[121.6827,-8.8463],[121.6746,-8.8472],[121.6657,-8.8507],[121.6612,-8.8555],[121.6617,-8.8661],[121.6645,-8.8734],[121.6619,-8.8862],[121.6631,-8.8879],[121.6624,-8.8902],[121.658,-8.8894],[121.6544,-8.8928]]]}},{"type":"Feature","properties":{"name":"FloresTimur","name_en":"FloresTimur","admin_level":"5","osm_id":""},"geometry":{"type":"Polygon","coordinates":[[[122.7523,-8.6048],[122.7473,-8.6077],[122.7387,-8.608],[122.7318,-8.6109],[122.7267,-8.6201],[122.7258,-8.6253],[122.7282,-8.6267],[122.7279,-8.632],[122.7256,-8.6334],[122.7207,-8.634],[122.7183,-8.6292],[122.7017,-8.6232],[122.6977,-8.6231],[122.6965,-8.6269],[122.6774,-8.6221],[122.6643,-8.6262],[122.6542,-8.6371],[122.6484,-8.6276],[122.6499,-8.6202],[122.6489,-8.6152],[122.6514,-8.6072],[122.6492,-8.6043],[122.6515,-8.5989],[122.6519,-8.5818],[122.6561,-8.5692],[122.6557,-8.5623],[122.6585,-8.5605],[122.6592,-8.5527],[122.6634,-8.5477],[122.664,-8.5322],[122.6665,-8.5258],[122.6648,-8.5197],[122.671,-8.5126],[122.6742,-8.5028],[122.6805,-8.5003],[122.6799,-8.497],[122.6869,-8.4847],[122.6821,-8.4736],[122.6765,-8.467],[122.6777,-8.4626],[122.6734,-8.4597],[122.6791,-8.4553],[122.6847,-8.4387],[122.6838,-8.4218],[122.6781,-8.4194],[122.6765,-8.4133],[122.6825,-8.4069],[122.6841,-8.3998],[122.6824,-8.3956],[122.6835,-8.3861],[122.6822,-8.3833],[122.6856,-8.3829],[122.6887,-8.3781],[122.6956,-8.3775],[122.7014,-8.3745],[122.7056,-8.3742],[122.7129,-8.3665],[122.7178,-8.3658],[122.7239,-8.3603],[122.7277,-8.3606],[122.7356,-8.3578],[122.747,-8.3584],[122.7602,-8.3637],[122.7659,-8.3632],[122.7678,-8.3611],[122.7694,-8.3538],[122.7729,-8.3499],[122.7743,-8.3423],[122.7815,-8.3325],[122.789,-8.3166],[122.793,-8.3131],[122.7987,-8.3115],[122.8023,-8.3066],[122.8059,-8.3054],[122.8111,-8.2979],[122.8172,-8.2992],[122.827,-8.2928],[122.8336,-8.2945],[122.8349,-8.2964],[122.842,-8.292],[122.8464,-8.2925],[122.8511,-8.2902],[122.8721,-8.2937],[122.8819,-8.2889],[122.8845,-8.2868],[122.8867,-8.2819],[122.8934,-8.277],[122.8949,-8.2566],[122.9003,-8.2509],[122.9029,-8.243],[122.9079,-8.2368],[122.9084,-8.2249],[122.9123,-8.2175],[122.9191,-8.208],[122.9244,-8.2043],[122.9346,-8.2024],[122.9351,-8.2034],[122.9396,-8.1999],[122.9392,-8.1936],[122.9377,-8.1926],[122.9319,-8.1953],[122.9254,-8.192],[122.9248,-8.1946],[122.9237,-8.1932],[122.9225,-8.1951],[122.9184,-8.1939],[122.9139,-8.1886],[122.9013,-8.1798],[122.9008,-8.1759],[122.8972,-8.179],[122.8909,-8.1753],[122.8865,-8.1753],[122.8836,-8.177],[122.8821,-8.1807],[122.8763,-8.1786],[122.8715,-8.1801],[122.8661,-8.1762],[122.863,-8.1791],[122.8625,-8.1824],[122.8557,-8.188],[122.8499,-8.1887],[122.8475,-8.1862],[122.8471,-8.1813],[122.8454,-8.1849],[122.8414,-8.188],[122.8379,-8.1882],[122.8333,-8.193],[122.8228,-8.1949],[122.8203,-8.1911],[122.8193,-8.1948],[122.8091,-8.1983],[122.7994,-8.2075],[122.7971,-8.2149],[122.7972,-8.2236],[122.7924,-8.2259],[122.7878,-8.2355],[122.784,-8.2343],[122.7815,-8.2356],[122.7756,-8.2312],[122.7697,-8.2318],[122.7668,-8.2264],[122.7624,-8.225],[122.7556,-8.2301],[122.7501,-8.2261],[122.7417,-8.2289],[122.734,-8.228],[122.7308,-8.2248],[122.73,-8.2204],[122.7322,-8.2156],[122.7404,-8.2077],[122.7467,-8.2039],[122.7511,-8.1976],[122.7595,-8.1942],[122.7618,-8.1781],[122.7762,-8.1641],[122.7816,-8.1569],[122.7824,-8.1518],[122.7849,-8.1503],[122.7824,-8.1405],[122.7783,-8.1362],[122.7818,-8.1207],[122.7807,-8.112],[122.7827,-8.1079],[122.7861,-8.107],[122.7895,-8.1035],[122.7907,-8.1059],[122.7971,-8.109],[122.803,-8.1049],[122.8037,-8.103],[122.8025,-8.1012],[122.8101,-8.0997],[122.8145,-8.0952],[122.8166,-8.0966],[122.8179,-8.0955],[122.8307,-8.0964],[122.839,-8.0818],[122.8457,-8.0791],[122.8461,-8.0765],[122.842,-8.0735],[122.8443,-8.0702],[122.8507,-8.075],[122.8666,-8.0634],[122.8699,-8.0683],[122.8855,-8.0762],[122.8878,-8.083],[122.8915,-8.0872],[122.8962,-8.0879],[122.8993,-8.0917],[122.9072,-8.095],[122.9166,-8.1021],[122.9353,-8.1087],[122.9408,-8.1125],[122.9418,-8.1158],[122.955,-8.1206],[122.9619,-8.128],[122.9672,-8.1281],[122.9722,-8.1329],[122.9736,-8.1422],[122.972,-8.1501],[122.9736,-8.1502],[122.9721,-8.1515],[122.9732,-8.1606],[122.9719,-8.162],[122.9715,-8.1742],[122.9684,-8.182],[122.9688,-8.1862],[122.9638,-8.1942],[122.9591,-8.194],[122.9568,-8.1963],[122.96,-8.1954],[122.9622,-8.1967],[122.9645,-8.199],[122.9646,-8.2024],[122.9675,-8.2032],[122.9696,-8.2075],[122.9778,-8.2122],[122.9796,-8.2151],[122.9781,-8.222],[122.9847,-8.2373],[122.9812,-8.2446],[122.983,-8.2511],[122.9897,-8.2538],[122.9921,-8.2617],[122.9976,-8.2696],[123.0075,-8.2733],[123.0084,-8.2757],[123.0099,-8.2751],[123.0184,-8.2814],[123.0196,-8.2887],[123.0184,-8.2984],[123.0211,-8.3066],[123.0207,-8.3154],[123.0017,-8.3328],[122.992,-8.3369],[122.99,-8.342],[122.9851,-8.3442],[122.9829,-8.3472],[122.9772,-8.3483],[122.9731,-8.3472],[122.9645,-8.3519],[122.9552,-8.3483],[122.9396,-8.3367],[122.9327,-8.3349],[122.9291,-8.328],[122.9138,-8.3285],[122.9138,-8.3364],[122.9127,-8.3381],[122.9102,-8.3377],[122.9081,-8.3394],[122.91,-8.3435],[122.9021,-8.3472],[122.8934,-8.3635],[122.8911,-8.3642],[122.8926,-8.3671],[122.8868,-8.3682],[122.8848,-8.3705],[122.8843,-8.3744],[122.8784,-8.3844],[122.8835,-8.3903],[122.8812,-8.394],[122.8822,-8.398],[122.8902,-8.4031],[122.8902,-8.4098],[122.8932,-8.4204],[122.8916,-8.4357],[122.8892,-8.4405],[122.8901,-8.4454],[122.8876,-8.4486],[122.8724,-8.4549],[122.868,-8.4528],[122.8602,-8.4527],[122.8479,-8.4456],[122.8442,-8.4449],[122.8405,-8.4415],[122.8287,-8.4381],[122.8282,-8.4364],[122.8312,-8.4347],[122.8253,-8.4291],[122.8163,-8.4292],[122.8171,-8.4323],[122.8145,-8.4337],[122.8128,-8.4321],[122.8091,-8.432],[122.8088,-8.4299],[122.8115,-8.4256],[122.8067,-8.4243],[122.8066,-8.4229],[122.8023,-8.4248],[122.7976,-8.4221],[122.7905,-8.4228],[122.7854,-8.4216],[122.7832,-8.4228],[122.7833,-8.4245],[122.788,-8.4264],[122.7836,-8.4328],[122.7837,-8.4353],[122.7869,-8.4393],[122.7865,-8.447],[122.7796,-8.4512],[122.7788,-8.4572],[122.7846,-8.4619],[122.7883,-8.4788],[122.7909,-8.4812],[122.7902,-8.4843],[122.7965,-8.4869],[122.7996,-8.4951],[122.8126,-8.5012],[122.8217,-8.5091],[122.8266,-8.5158],[122.8322,-8.518],[122.8325,-8.5213],[122.8381,-8.5296],[122.8435,-8.5469],[122.8417,-8.5532],[122.8431,-8.5557],[122.8422,-8.56],[122.8445,-8.563],[122.8412,-8.5695],[122.8417,-8.5718],[122.8315,-8.5839],[122.8322,-8.5887],[122.8169,-8.5977],[122.8106,-8.5962],[122.8051,-8.5987],[122.8017,-8.6027],[122.7966,-8.6011],[122.7938,-8.6018],[122.7833,-8.6071],[122.78,-8.6127],[122.7784,-8.6105],[122.7727,-8.6124],[122.7715,-8.6087],[122.7523,-8.6048]]]}},{"type":"Feature","properties":{"name":"KotaKupang","name_en":"KotaKupang","admin_level":"5","osm_id":""},"geometry":{"type":"Polygon","coordinates":[[[123.6247,-10.14],[123.6293,-10.1405],[123.6329,-10.1434],[123.6494,-10.1454],[123.6537,-10.1419],[123.6584,-10.1343],[123.6662,-10.1334],[123.6696,-10.1301],[123.6727,-10.1297],[123.6762,-10.1357],[123.6788,-10.1371],[123.6784,-10.1387],[123.6831,-10.1399],[123.6796,-10.1483],[123.6828,-10.1513],[123.6739,-10.1524],[123.6717,-10.1569],[123.6594,-10.1573],[123.6625,-10.1589],[123.6671,-10.1662],[123.6825,-10.1649],[123.6835,-10.1675],[123.6814,-10.1754],[123.6774,-10.1802],[123.6739,-10.1769],[123.67,-10.184],[123.6623,-10.1855],[123.6619,-10.1879],[123.6587,-10.1905],[123.6551,-10.1868],[123.6508,-10.1885],[123.6548,-10.2082],[123.6594,-10.2127],[123.6632,-10.221],[123.6682,-10.2227],[123.6685,-10.2269],[123.6648,-10.2287],[123.6629,-10.2267],[123.6395,-10.2178],[123.6388,-10.2217],[123.6362,-10.2216],[123.6335,-10.2254],[123.6205,-10.2312],[123.6305,-10.2412],[123.6391,-10.2443],[123.6322,-10.2686],[123.6299,-10.285],[123.625,-10.288],[123.622,-10.287],[123.6136,-10.2929],[123.6092,-10.2931],[123.606,-10.2914],[123.6022,-10.2933],[123.6003,-10.2892],[123.5957,-10.2872],[123.5848,-10.2881],[123.585,-10.2812],[123.5812,-10.264],[123.5771,-10.2545],[123.5707,-10.2465],[123.5785,-10.2243],[123.5755,-10.2251],[123.5741,-10.2171],[123.572,-10.218],[123.57,-10.224],[123.5661,-10.2264],[123.5569,-10.2275],[123.5525,-10.2204],[123.5498,-10.2201],[123.5459,-10.2144],[123.5343,-10.2083],[123.5312,-10.2112],[123.5284,-10.2098],[123.5302,-10.2019],[123.5289,-10.1967],[123.5272,-10.1959],[123.5287,-10.1945],[123.5275,-10.194],[123.5279,-10.187],[123.5311,-10.1777],[123.5348,-10.174],[123.5502,-10.1683],[123.5558,-10.1691],[123.5587,-10.1724],[123.5642,-10.1713],[123.5684,-10.1685],[123.5698,-10.1648],[123.5817,-10.1568],[123.5881,-10.1562],[123.5899,-10.1551],[123.5889,-10.1531],[123.5918,-10.1519],[123.596,-10.1538],[123.6247,-10.14]]]}},{"type":"Feature","properties":{"name":"Kupang","name_en":"Kupang","admin_level":"5","osm_id":""},"geometry":{"type":"Polygon","coordinates":[[[123.6801,-10.3537],[123.6592,-10.3495],[123.6475,-10.3514],[123.6372,-10.3549],[123.6337,-10.3577],[123.6335,-10.3555],[123.6303,-10.3544],[123.6196,-10.3603],[123.6114,-10.3701],[123.6067,-10.3677],[123.5997,-10.3536],[123.5944,-10.3492],[123.5844,-10.345],[123.5754,-10.3443],[123.5705,-10.3389],[123.5692,-10.3332],[123.5542,-10.333],[123.5493,-10.3311],[123.5459,-10.3277],[123.5298,-10.3302],[123.5145,-10.3403],[123.4992,-10.3464],[123.4943,-10.3501],[123.4923,-10.3483],[123.4924,-10.352],[123.4871,-10.3553],[123.4739,-10.359],[123.4651,-10.3603],[123.4585,-10.3574],[123.4554,-10.3504],[123.465,-10.3392],[123.4622,-10.3313],[123.4632,-10.326],[123.4674,-10.3216],[123.4764,-10.3167],[123.4808,-10.3085],[123.4817,-10.3035],[123.4872,-10.2986],[123.4853,-10.2977],[123.4855,-10.2962],[123.4879,-10.2945],[123.4897,-10.296],[123.4924,-10.2944],[123.4917,-10.2932],[123.4943,-10.2934],[123.4905,-10.2888],[123.4966,-10.2829],[123.4977,-10.2763],[123.501,-10.2738],[123.4891,-10.2489],[123.489,-10.224],[123.5186,-10.2197],[123.5186,-10.2176],[123.5196,-10.2193],[123.5229,-10.2182],[123.5225,-10.2162],[123.5232,-10.2157],[123.5234,-10.2173],[123.5255,-10.2176],[123.528,-10.2144],[123.5284,-10.2098],[123.5312,-10.2112],[123.5342,-10.2083],[123.5479,-10.2159],[123.5484,-10.2186],[123.5525,-10.2204],[123.5569,-10.2275],[123.5661,-10.2264],[123.57,-10.224],[123.572,-10.218],[123.5741,-10.2171],[123.5755,-10.2251],[123.5785,-10.2243],[123.5707,-10.2465],[123.5771,-10.2545],[123.5812,-10.264],[123.585,-10.2812],[123.5848,-10.2881],[123.5949,-10.287],[123.6003,-10.2892],[123.6022,-10.2933],[123.606,-10.2914],[123.6111,-10.2932],[123.622,-10.287],[123.625,-10.288],[123.6299,-10.285],[123.6322,-10.2686],[123.6391,-10.2443],[123.6305,-10.2412],[123.6205,-10.2312],[123.6335,-10.2254],[123.6362,-10.2216],[123.6388,-10.2217],[123.6395,-10.2178],[123.6629,-10.2267],[123.6648,-10.2287],[123.6687,-10.2264],[123.6682,-10.2227],[123.6632,-10.221],[123.6594,-10.2127],[123.6548,-10.2082],[123.6508,-10.1885],[123.6551,-10.1868],[123.6587,-10.1905],[123.6619,-10.1879],[123.6623,-10.1855],[123.67,-10.184],[123.6739,-10.1769],[123.6774,-10.1802],[123.6816,-10.1748],[123.6834,-10.1652],[123.6757,-10.1647],[123.6671,-10.1662],[123.6625,-10.1589],[123.6594,-10.1573],[123.6717,-10.1569],[123.6739,-10.1524],[123.6828,-10.1513],[123.6796,-10.1483],[123.683,-10.1398],[123.6784,-10.1387],[123.6788,-10.1371],[123.6762,-10.1357],[123.6727,-10.1297],[123.6696,-10.1301],[123.6771,-10.1216],[123.6783,-10.1221],[123.6826,-10.1192],[123.6864,-10.1198],[123.6925,-10.1182],[123.7025,-10.1085],[123.7042,-10.1088],[123.7108,-10.1036],[123.717,-10.1021],[123.7179,-10.1039],[123.7159,-10.104],[123.7176,-10.1058],[123.7237,-10.1053],[123.7334,-10.0997],[123.7416,-10.0984],[123.7483,-10.0901],[123.7467,-10.0883],[123.7484,-10.0817],[123.7523,-10.0805],[123.7553,-10.077],[123.7543,-10.0752],[123.7586,-10.0711],[123.7585,-10.0663],[123.7624,-10.054],[123.7688,-10.051],[123.7675,-10.0495],[123.769,-10.0477],[123.7674,-10.0467],[123.7711,-10.0434],[123.7686,-10.041],[123.766,-10.0412],[123.7672,-10.04],[123.7647,-10.0393],[123.7652,-10.0351],[123.7583,-10.0336],[123.7582,-10.032],[123.7525,-10.0286],[123.7394,-10.0297],[123.7361,-10.0283],[123.7328,-10.0293],[123.7303,-10.0266],[123.7225,-10.027],[123.7032,-10.0174],[123.702,-10.0142],[123.699,-10.0136],[123.6972,-10.0102],[123.6891,-10.0125],[123.6888,-10.0156],[123.6848,-10.0164],[123.6829,-10.0186],[123.6837,-10.0198],[123.681,-10.0191],[123.6805,-10.0209],[123.6773,-10.0176],[123.6701,-10.0171],[123.6688,-10.0192],[123.6654,-10.018],[123.6599,-10.0146],[123.658,-10.0111],[123.6541,-10.0095],[123.6405,-10.0142],[123.6378,-10.0175],[123.6287,-10.0176],[123.6272,-10.02],[123.6223,-10.0193],[123.6116,-10.0344],[123.6071,-10.0454],[123.5979,-10.0449],[123.5915,-10.0408],[123.5894,-10.0368],[123.5863,-10.0346],[123.5809,-10.018],[123.5887,-9.9929],[123.5859,-9.9829],[123.5854,-9.9694],[123.5785,-9.9429],[123.5791,-9.9398],[123.5823,-9.9411],[123.5854,-9.9363],[123.5844,-9.9296],[123.5813,-9.925],[123.5836,-9.9164],[123.588,-9.9109],[123.5905,-9.9101],[123.5946,-9.9025],[123.5975,-9.902],[123.601,-9.8982],[123.6047,-9.8969],[123.6071,-9.8984],[123.6143,-9.898],[123.6174,-9.9007],[123.6157,-9.8978],[123.6214,-9.8903],[123.6249,-9.8915],[123.6282,-9.8965],[123.6327,-9.898],[123.6435,-9.8932],[123.6538,-9.8799],[123.6559,-9.8737],[123.6601,-9.8709],[123.6643,-9.8645],[123.6688,-9.8504],[123.6701,-9.8244],[123.6656,-9.8014],[123.6619,-9.7932],[123.6556,-9.789],[123.6534,-9.7828],[123.6482,-9.7802],[123.6424,-9.7743],[123.6435,-9.7715],[123.6583,-9.7651],[123.6615,-9.7612],[123.6757,-9.7573],[123.6792,-9.7524],[123.6814,-9.7434],[123.6823,-9.7357],[123.6809,-9.7189],[123.6837,-9.7162],[123.6827,-9.7079],[123.6843,-9.7015],[123.6803,-9.6798],[123.6716,-9.6488],[123.6722,-9.6328],[123.6743,-9.6283],[123.6791,-9.627],[123.6938,-9.6174],[123.7001,-9.6048],[123.7045,-9.6037],[123.7086,-9.5987],[123.7213,-9.5923],[123.7313,-9.5764],[123.7343,-9.567],[123.7413,-9.5636],[123.7487,-9.5628],[123.7597,-9.5532],[123.7709,-9.5516],[123.781,-9.5479],[123.7876,-9.5419],[123.79,-9.5344],[123.7911,-9.5233],[123.7928,-9.5222],[123.795,-9.5159],[123.7953,-9.5076],[123.793,-9.4991],[123.795,-9.4909],[123.8021,-9.4918],[123.8143,-9.4985],[123.8275,-9.496],[123.8351,-9.4884],[123.8405,-9.4859],[123.848,-9.4756],[123.8525,-9.4747],[123.8585,-9.4772],[123.8716,-9.4747],[123.8865,-9.4636],[123.894,-9.4547],[123.897,-9.4441],[123.8963,-9.4358],[123.9007,-9.4291],[123.907,-9.4267],[123.9151,-9.4288],[123.9213,-9.425],[123.9327,-9.4227],[123.9352,-9.4208],[123.9398,-9.4121],[123.9403,-9.4011],[123.9419,-9.397],[123.9466,-9.3932],[123.9574,-9.3909],[123.964,-9.3858],[123.9681,-9.3786],[123.9715,-9.3647],[123.9762,-9.3612],[123.9806,-9.352],[123.9833,-9.3518],[123.9847,-9.3492],[123.9948,-9.3421],[124.0087,-9.3431],[124.0128,-9.3457],[124.0302,-9.3451],[124.0398,-9.3369],[124.0432,-9.3359],[124.0443,-9.3363],[124.0455,-9.3475],[124.0493,-9.3509],[124.0531,-9.3519],[124.0534,-9.354],[124.0617,-9.3605],[124.0643,-9.3674],[124.0702,-9.3697],[124.0767,-9.382],[124.0954,-9.4045],[124.0959,-9.4061],[124.0926,-9.4124],[124.0954,-9.4173],[124.1006,-9.4179],[124.106,-9.4213],[124.1065,-9.425],[124.111,-9.4303],[124.1175,-9.4307],[124.122,-9.4338],[124.1242,-9.4336],[124.1243,-9.4371],[124.1327,-9.4403],[124.1342,-9.4384],[124.1361,-9.4426],[124.1399,-9.4433],[124.1398,-9.4456],[124.1427,-9.4444],[124.1446,-9.4475],[124.1428,-9.4508],[124.1449,-9.4528],[124.1474,-9.4532],[124.1553,-9.4487],[124.1663,-9.4554],[124.1785,-9.4748],[124.1834,-9.4747],[124.1854,-9.4805],[124.1894,-9.4815],[124.1904,-9.4932],[124.1953,-9.5034],[124.193,-9.5115],[124.1904,-9.5097],[124.1855,-9.5114],[124.1846,-9.5088],[124.1808,-9.508],[124.1782,-9.5041],[124.1741,-9.5031],[124.1714,-9.5004],[124.1701,-9.4955],[124.1616,-9.4916],[124.1598,-9.4887],[124.1553,-9.488],[124.1551,-9.4836],[124.1457,-9.4763],[124.1318,-9.4771],[124.1218,-9.4724],[124.1208,-9.4772],[124.1176,-9.4787],[124.117,-9.4843],[124.124,-9.4932],[124.1268,-9.4926],[124.1292,-9.4947],[124.1294,-9.4984],[124.1337,-9.5007],[124.1351,-9.5074],[124.1372,-9.5101],[124.1391,-9.5102],[124.1431,-9.5203],[124.143,-9.5289],[124.1461,-9.5328],[124.1535,-9.5362],[124.1551,-9.5392],[124.154,-9.5425],[124.1581,-9.5522],[124.1575,-9.5571],[124.1521,-9.557],[124.1517,-9.5614],[124.147,-9.5651],[124.1413,-9.5622],[124.1377,-9.557],[124.1202,-9.5528],[124.1164,-9.5564],[124.1112,-9.5672],[124.1012,-9.5731],[124.0952,-9.5803],[124.085,-9.5817],[124.0784,-9.5861],[124.0786,-9.5896],[124.0815,-9.5923],[124.0867,-9.6032],[124.0864,-9.6076],[124.0893,-9.6101],[124.0895,-9.6201],[124.0855,-9.6293],[124.0736,-9.6357],[124.0682,-9.6364],[124.0601,-9.642],[124.0536,-9.6474],[124.0535,-9.652],[124.0547,-9.6579],[124.0573,-9.6604],[124.0558,-9.6633],[124.0581,-9.6679],[124.0677,-9.6755],[124.0699,-9.6799],[124.0787,-9.6882],[124.0796,-9.6916],[124.0911,-9.6934],[124.0924,-9.6972],[124.0899,-9.7045],[124.0852,-9.7078],[124.0846,-9.7098],[124.0859,-9.7127],[124.09,-9.7133],[124.0912,-9.7184],[124.0873,-9.7315],[124.0875,-9.7359],[124.0784,-9.7444],[124.0717,-9.7473],[124.0673,-9.7587],[124.076,-9.771],[124.0837,-9.793],[124.0916,-9.8001],[124.0939,-9.8089],[124.0915,-9.8189],[124.0849,-9.8299],[124.0861,-9.8363],[124.0852,-9.8441],[124.0912,-9.8613],[124.0893,-9.874],[124.0919,-9.8804],[124.0901,-9.8937],[124.0843,-9.9026],[124.0814,-9.9233],[124.0817,-9.9278],[124.0859,-9.9323],[124.0876,-9.9484],[124.0848,-9.9564],[124.0867,-9.9607],[124.0853,-9.9642],[124.0882,-9.968],[124.0947,-9.9713],[124.0957,-9.9756],[124.0974,-9.9765],[124.1005,-9.9762],[124.104,-9.973],[124.1083,-9.9751],[124.1165,-9.9734],[124.125,-9.976],[124.1286,-9.9855],[124.1369,-9.9863],[124.1457,-9.9947],[124.1483,-9.9998],[124.1494,-10.0086],[124.1649,-10.0178],[124.1648,-10.0211],[124.1629,-10.022],[124.1515,-10.0176],[124.1451,-10.0172],[124.1426,-10.0201],[124.1426,-10.0235],[124.1512,-10.0405],[124.1566,-10.0429],[124.1637,-10.0435],[124.1764,-10.0556],[124.1816,-10.0582],[124.1877,-10.0695],[124.1964,-10.079],[124.2079,-10.0855],[124.2085,-10.0896],[124.1995,-10.098],[124.1992,-10.1011],[124.2027,-10.1031],[124.2019,-10.1097],[124.2079,-10.1096],[124.2114,-10.1113],[124.2122,-10.116],[124.2153,-10.1192],[124.206,-10.132],[124.2096,-10.1335],[124.215,-10.1299],[124.2189,-10.1305],[124.2218,-10.136],[124.2201,-10.1378],[124.2142,-10.1377],[124.2148,-10.1427],[124.2191,-10.1462],[124.2249,-10.1432],[124.2274,-10.1549],[124.2199,-10.1629],[124.2089,-10.1612],[124.2056,-10.1631],[124.1813,-10.156],[124.1692,-10.1556],[124.1495,-10.1584],[124.1393,-10.1614],[124.1217,-10.1696],[124.1071,-10.1778],[124.1063,-10.1804],[124.1015,-10.1794],[124.0965,-10.1919],[124.0804,-10.2045],[124.079,-10.2101],[124.0826,-10.2141],[124.0814,-10.2159],[124.0826,-10.2178],[124.0792,-10.2189],[124.0734,-10.2265],[124.0619,-10.2299],[124.0327,-10.2476],[124.0272,-10.2542],[124.0259,-10.2626],[124.0228,-10.2659],[124.0233,-10.2681],[124.0184,-10.2734],[124.0033,-10.2771],[123.9758,-10.274],[123.9624,-10.2768],[123.9487,-10.2844],[123.9464,-10.2936],[123.9433,-10.2966],[123.9408,-10.2973],[123.9312,-10.2942],[123.9238,-10.2953],[123.9154,-10.2976],[123.9102,-10.3019],[123.8944,-10.3071],[123.8761,-10.3183],[123.8655,-10.3321],[123.861,-10.3343],[123.8526,-10.3339],[123.8361,-10.3397],[123.8212,-10.3429],[123.8118,-10.349],[123.8037,-10.3504],[123.8032,-10.3531],[123.7983,-10.3553],[123.7946,-10.3535],[123.793,-10.3554],[123.7887,-10.3558],[123.7842,-10.3518],[123.7794,-10.3516],[123.7782,-10.3497],[123.7626,-10.3483],[123.7538,-10.3529],[123.7526,-10.3556],[123.7499,-10.3548],[123.732,-10.3588],[123.7298,-10.3614],[123.7267,-10.3606],[123.7237,-10.3624],[123.7225,-10.3648],[123.7176,-10.3624],[123.7147,-10.3646],[123.7087,-10.3642],[123.7036,-10.3663],[123.6997,-10.3647],[123.6974,-10.3611],[123.6925,-10.3619],[123.6844,-10.3562],[123.6823,-10.357],[123.6822,-10.3544],[123.6801,-10.3537]]]}},{"type":"Feature","properties":{"name":"Lembata","name_en":"Lembata","admin_level":"5","osm_id":""},"geometry":{"type":"Polygon","coordinates":[[[123.4,-8.5806],[123.3933,-8.5836],[123.3921,-8.5805],[123.3877,-8.5816],[123.3823,-8.576],[123.3687,-8.5698],[123.3622,-8.5638],[123.3562,-8.5621],[123.3503,-8.5527],[123.3504,-8.5484],[123.3455,-8.5409],[123.3449,-8.5355],[123.3396,-8.5351],[123.3359,-8.5371],[123.3303,-8.5334],[123.3287,-8.5302],[123.322,-8.5281],[123.3187,-8.5233],[123.3136,-8.5252],[123.3055,-8.5317],[123.3027,-8.5356],[123.2973,-8.539],[123.2979,-8.544],[123.2925,-8.5443],[123.2919,-8.5469],[123.2777,-8.5414],[123.2596,-8.543],[123.2503,-8.5382],[123.2429,-8.5373],[123.234,-8.5399],[123.2307,-8.5491],[123.2222,-8.5502],[123.2192,-8.5459],[123.2205,-8.5383],[123.2267,-8.5333],[123.2266,-8.5316],[123.2203,-8.53],[123.2125,-8.5324],[123.2132,-8.5283],[123.217,-8.5264],[123.2166,-8.5244],[123.2073,-8.5153],[123.2166,-8.5059],[123.226,-8.5093],[123.2342,-8.5071],[123.2511,-8.4907],[123.2685,-8.4793],[123.2819,-8.4624],[123.2907,-8.4621],[123.306,-8.444],[123.3096,-8.4344],[123.317,-8.4229],[123.3288,-8.4097],[123.3323,-8.4024],[123.3393,-8.3959],[123.3452,-8.3959],[123.3523,-8.3906],[123.3605,-8.389],[123.3661,-8.386],[123.3752,-8.3857],[123.3812,-8.3819],[123.3876,-8.3713],[123.3977,-8.3667],[123.4037,-8.3664],[123.4107,-8.3685],[123.4323,-8.3656],[123.4364,-8.3627],[123.44,-8.356],[123.4436,-8.3537],[123.449,-8.3534],[123.4599,-8.3469],[123.473,-8.335],[123.4734,-8.333],[123.469,-8.3292],[123.4659,-8.3234],[123.4561,-8.314],[123.4308,-8.2942],[123.4189,-8.2948],[123.4168,-8.2937],[123.4157,-8.2887],[123.4114,-8.2913],[123.4049,-8.2891],[123.3989,-8.2973],[123.3968,-8.2914],[123.3911,-8.2965],[123.3752,-8.2958],[123.3693,-8.3018],[123.3561,-8.299],[123.3507,-8.3045],[123.3472,-8.3042],[123.3456,-8.2961],[123.3593,-8.2931],[123.3669,-8.2893],[123.3681,-8.2858],[123.3659,-8.2827],[123.3662,-8.2784],[123.384,-8.2606],[123.398,-8.2577],[123.4075,-8.2502],[123.4184,-8.2528],[123.4255,-8.2644],[123.4359,-8.2699],[123.4382,-8.2679],[123.4368,-8.2606],[123.4394,-8.2606],[123.4502,-8.268],[123.4594,-8.2684],[123.4647,-8.2651],[123.4796,-8.2466],[123.4952,-8.2395],[123.5382,-8.2319],[123.5517,-8.2377],[123.5607,-8.2368],[123.5574,-8.2408],[123.5618,-8.2415],[123.5641,-8.2451],[123.5637,-8.2472],[123.5471,-8.2541],[123.5476,-8.2572],[123.5535,-8.2641],[123.5519,-8.2665],[123.5476,-8.2667],[123.5467,-8.27],[123.5429,-8.2723],[123.5451,-8.279],[123.5443,-8.2831],[123.5351,-8.2891],[123.5336,-8.2975],[123.5307,-8.3026],[123.5177,-8.3077],[123.5163,-8.3093],[123.517,-8.3144],[123.5125,-8.3186],[123.5063,-8.3303],[123.4979,-8.336],[123.5032,-8.3402],[123.5005,-8.3425],[123.5035,-8.3452],[123.5027,-8.3464],[123.5001,-8.3455],[123.4978,-8.347],[123.4983,-8.3489],[123.5023,-8.3489],[123.5033,-8.3507],[123.4974,-8.3527],[123.5004,-8.3575],[123.503,-8.3568],[123.5066,-8.3512],[123.5126,-8.3488],[123.5179,-8.3489],[123.5342,-8.3615],[123.5447,-8.3651],[123.5539,-8.3657],[123.5727,-8.36],[123.5862,-8.3497],[123.5994,-8.3265],[123.5994,-8.3219],[123.5979,-8.32],[123.5927,-8.3258],[123.5905,-8.3261],[123.5927,-8.3153],[123.591,-8.3103],[123.5836,-8.3123],[123.5779,-8.3122],[123.5761,-8.3106],[123.5743,-8.298],[123.5758,-8.2914],[123.5752,-8.285],[123.5793,-8.2835],[123.5859,-8.287],[123.5898,-8.2851],[123.602,-8.2838],[123.6047,-8.2866],[123.6055,-8.2978],[123.598,-8.3059],[123.5982,-8.3135],[123.5997,-8.3159],[123.6073,-8.3129],[123.6125,-8.3057],[123.6305,-8.2934],[123.6365,-8.2837],[123.6367,-8.2805],[123.6303,-8.2712],[123.6293,-8.267],[123.6279,-8.2467],[123.6183,-8.2402],[123.6073,-8.2382],[123.6043,-8.2167],[123.6073,-8.2167],[123.6185,-8.2226],[123.6229,-8.2211],[123.6266,-8.217],[123.6325,-8.2138],[123.639,-8.2124],[123.646,-8.214],[123.6572,-8.2215],[123.66,-8.2287],[123.655,-8.2382],[123.6578,-8.2443],[123.6576,-8.2473],[123.6553,-8.2477],[123.6533,-8.2448],[123.6486,-8.2454],[123.6453,-8.2422],[123.6432,-8.2435],[123.6444,-8.2472],[123.668,-8.2534],[123.6702,-8.2532],[123.6739,-8.2498],[123.6796,-8.2533],[123.6879,-8.2551],[123.6926,-8.2544],[123.6991,-8.2518],[123.7019,-8.2485],[123.704,-8.2379],[123.7077,-8.2369],[123.7111,-8.2396],[123.7134,-8.2373],[123.6973,-8.2234],[123.6957,-8.2182],[123.6981,-8.2147],[123.708,-8.2153],[123.7125,-8.2194],[123.7143,-8.2186],[123.7126,-8.2131],[123.716,-8.2106],[123.7238,-8.2086],[123.7263,-8.2134],[123.7304,-8.2077],[123.7376,-8.2029],[123.7412,-8.1967],[123.7466,-8.1934],[123.7534,-8.1838],[123.7726,-8.1703],[123.7823,-8.1672],[123.8084,-8.1764],[123.8158,-8.187],[123.8236,-8.1902],[123.8294,-8.1972],[123.8428,-8.1992],[123.8422,-8.2051],[123.8441,-8.2092],[123.8462,-8.2112],[123.8534,-8.2108],[123.8548,-8.2122],[123.8518,-8.2193],[123.8549,-8.2242],[123.86,-8.2211],[123.8612,-8.2129],[123.8681,-8.2097],[123.8785,-8.2078],[123.885,-8.2101],[123.9049,-8.2109],[123.9072,-8.2122],[123.9146,-8.2276],[123.9235,-8.2392],[123.9248,-8.2441],[123.9221,-8.2497],[123.9181,-8.2532],[123.8931,-8.2599],[123.8737,-8.2697],[123.8643,-8.2722],[123.8516,-8.2729],[123.8374,-8.2802],[123.8319,-8.275],[123.8047,-8.2691],[123.7878,-8.2726],[123.7858,-8.2749],[123.7891,-8.2752],[123.7897,-8.2769],[123.7868,-8.2791],[123.7703,-8.2841],[123.7531,-8.2989],[123.7399,-8.319],[123.7374,-8.3251],[123.7361,-8.3375],[123.7314,-8.3465],[123.7194,-8.3578],[123.7049,-8.3759],[123.7001,-8.3845],[123.7006,-8.3929],[123.6949,-8.4056],[123.6819,-8.4176],[123.672,-8.424],[123.6671,-8.4229],[123.6524,-8.4256],[123.6508,-8.4247],[123.6559,-8.4086],[123.6525,-8.4032],[123.6483,-8.4002],[123.6369,-8.4014],[123.6286,-8.4003],[123.6249,-8.4017],[123.6183,-8.4087],[123.6141,-8.4161],[123.6142,-8.4192],[123.6066,-8.4219],[123.5899,-8.4373],[123.5671,-8.4511],[123.5537,-8.4653],[123.5571,-8.4727],[123.5626,-8.4755],[123.5638,-8.4819],[123.5818,-8.5003],[123.584,-8.5054],[123.5851,-8.5212],[123.5882,-8.526],[123.5841,-8.5387],[123.5775,-8.5427],[123.5758,-8.5463],[123.5692,-8.5478],[123.5625,-8.5524],[123.5601,-8.557],[123.554,-8.5624],[123.5515,-8.5628],[123.5492,-8.5667],[123.5477,-8.5672],[123.544,-8.5634],[123.5373,-8.5663],[123.5301,-8.5665],[123.5188,-8.5593],[123.5138,-8.5523],[123.5105,-8.5507],[123.5125,-8.5458],[123.5087,-8.5447],[123.5081,-8.5382],[123.5041,-8.5382],[123.5044,-8.5365],[123.5086,-8.534],[123.5065,-8.5242],[123.5083,-8.5195],[123.5065,-8.5164],[123.4901,-8.5128],[123.4805,-8.5181],[123.4756,-8.5187],[123.4636,-8.5291],[123.4624,-8.5236],[123.4475,-8.5314],[123.4482,-8.5364],[123.4457,-8.5413],[123.4455,-8.546],[123.4314,-8.5612],[123.4247,-8.5732],[123.4182,-8.5746],[123.4051,-8.5814],[123.4,-8.5806]]]}},{"type":"Feature","properties":{"name":"Manggarai","name_en":"Manggarai","admin_level":"5","osm_id":""},"geometry":{"type":"Polygon","coordinates":[[[120.231,-8.8381],[120.234,-8.8373],[120.24,-8.83],[120.2351,-8.819],[120.2355,-8.8161],[120.2329,-8.8125],[120.2389,-8.809],[120.2402,-8.8029],[120.2474,-8.7991],[120.251,-8.7952],[120.2562,-8.7962],[120.2616,-8.7951],[120.2649,-8.7898],[120.2811,-8.789],[120.2837,-8.7872],[120.2815,-8.7788],[120.2733,-8.7676],[120.2719,-8.7621],[120.2738,-8.7594],[120.2841,-8.7594],[120.2855,-8.7578],[120.2878,-8.7585],[120.2882,-8.7573],[120.2936,-8.7564],[120.3033,-8.7417],[120.3131,-8.7343],[120.3144,-8.7238],[120.323,-8.7219],[120.3264,-8.7184],[120.3274,-8.709],[120.3328,-8.6939],[120.3313,-8.6878],[120.3207,-8.681],[120.3152,-8.6707],[120.3122,-8.6695],[120.3128,-8.6677],[120.3114,-8.6676],[120.3061,-8.6752],[120.2991,-8.6725],[120.2994,-8.6706],[120.2971,-8.6722],[120.2951,-8.67],[120.2965,-8.6664],[120.2952,-8.6663],[120.2953,-8.6646],[120.2939,-8.6654],[120.2959,-8.6632],[120.2903,-8.661],[120.2881,-8.6557],[120.2861,-8.6565],[120.2861,-8.6546],[120.2816,-8.6514],[120.282,-8.6491],[120.2797,-8.6473],[120.2818,-8.645],[120.2874,-8.6446],[120.2877,-8.6426],[120.2895,-8.6421],[120.2902,-8.6372],[120.2889,-8.6331],[120.2805,-8.6252],[120.2822,-8.6094],[120.2851,-8.605],[120.2852,-8.5975],[120.2909,-8.5906],[120.2989,-8.5858],[120.3151,-8.5829],[120.3175,-8.5785],[120.3191,-8.5679],[120.3264,-8.5634],[120.3304,-8.5587],[120.3325,-8.5583],[120.3357,-8.5638],[120.3436,-8.5714],[120.3517,-8.5719],[120.3612,-8.5685],[120.3584,-8.5591],[120.3605,-8.5471],[120.3524,-8.5244],[120.3538,-8.5227],[120.355,-8.5237],[120.361,-8.5211],[120.3628,-8.5181],[120.3725,-8.5147],[120.3712,-8.5124],[120.3737,-8.512],[120.3728,-8.5102],[120.3753,-8.5076],[120.3739,-8.506],[120.3757,-8.4999],[120.381,-8.4943],[120.3806,-8.4882],[120.3841,-8.4879],[120.3865,-8.4849],[120.3883,-8.4861],[120.3893,-8.4852],[120.3876,-8.4833],[120.3882,-8.4784],[120.387,-8.475],[120.3918,-8.467],[120.3895,-8.4656],[120.3901,-8.4583],[120.3972,-8.4615],[120.3991,-8.461],[120.3971,-8.4574],[120.3946,-8.4574],[120.3946,-8.4546],[120.3928,-8.4543],[120.3988,-8.4508],[120.3993,-8.4439],[120.3974,-8.4427],[120.3977,-8.4395],[120.3959,-8.4386],[120.3981,-8.4371],[120.3957,-8.4333],[120.3957,-8.4294],[120.3932,-8.4297],[120.3918,-8.4279],[120.3906,-8.4304],[120.3895,-8.4253],[120.3861,-8.4261],[120.3869,-8.4292],[120.377,-8.4289],[120.3693,-8.4311],[120.3644,-8.4289],[120.3571,-8.4296],[120.3525,-8.4258],[120.3498,-8.4276],[120.3459,-8.4261],[120.337,-8.4335],[120.3382,-8.4365],[120.3334,-8.4405],[120.3313,-8.4411],[120.3313,-8.4358],[120.3269,-8.4369],[120.3218,-8.4445],[120.3174,-8.4447],[120.3164,-8.4476],[120.3126,-8.45],[120.3088,-8.4494],[120.3063,-8.4514],[120.2958,-8.4397],[120.2931,-8.4313],[120.284,-8.4226],[120.283,-8.4177],[120.2848,-8.4055],[120.283,-8.3917],[120.2858,-8.3862],[120.289,-8.3571],[120.2889,-8.3448],[120.2861,-8.3398],[120.288,-8.3315],[120.291,-8.3275],[120.2908,-8.3177],[120.2926,-8.3131],[120.2888,-8.2988],[120.2897,-8.2862],[120.2916,-8.2807],[120.2983,-8.2849],[120.3065,-8.2823],[120.3235,-8.2835],[120.3305,-8.2809],[120.3349,-8.2814],[120.3376,-8.2824],[120.3408,-8.2873],[120.352,-8.289],[120.3611,-8.2955],[120.3633,-8.2936],[120.3674,-8.2942],[120.3697,-8.2922],[120.3708,-8.2935],[120.3781,-8.2868],[120.3808,-8.2887],[120.388,-8.2881],[120.3953,-8.2831],[120.4082,-8.2804],[120.4129,-8.2728],[120.4126,-8.2677],[120.4144,-8.2625],[120.4137,-8.2514],[120.4194,-8.2441],[120.4286,-8.2409],[120.4321,-8.2445],[120.4432,-8.2492],[120.4449,-8.2555],[120.4497,-8.2605],[120.4531,-8.2747],[120.4501,-8.2814],[120.4514,-8.2852],[120.4593,-8.2867],[120.4613,-8.2915],[120.4661,-8.2953],[120.4936,-8.2935],[120.496,-8.3051],[120.4919,-8.3157],[120.4835,-8.3133],[120.481,-8.318],[120.4797,-8.3288],[120.483,-8.3332],[120.4819,-8.3417],[120.4836,-8.3491],[120.4826,-8.3515],[120.4787,-8.3536],[120.4773,-8.3578],[120.4795,-8.3627],[120.478,-8.3675],[120.4781,-8.3821],[120.4845,-8.3832],[120.4888,-8.3884],[120.4988,-8.3936],[120.4985,-8.3966],[120.5002,-8.3989],[120.4992,-8.403],[120.5059,-8.4031],[120.5066,-8.4073],[120.5135,-8.4089],[120.5121,-8.4152],[120.5168,-8.4169],[120.5169,-8.4233],[120.5203,-8.4247],[120.521,-8.4268],[120.5201,-8.4312],[120.5221,-8.4321],[120.5243,-8.4379],[120.5305,-8.4449],[120.5306,-8.4481],[120.535,-8.4509],[120.5322,-8.4603],[120.5369,-8.4677],[120.5357,-8.4693],[120.5381,-8.4724],[120.5425,-8.4912],[120.5463,-8.4931],[120.5452,-8.5059],[120.5409,-8.512],[120.5432,-8.5149],[120.5405,-8.5186],[120.5321,-8.5233],[120.5341,-8.5268],[120.5301,-8.5335],[120.53,-8.5381],[120.5228,-8.5455],[120.5212,-8.5446],[120.5177,-8.5472],[120.5152,-8.554],[120.5159,-8.5584],[120.5105,-8.5651],[120.5122,-8.5709],[120.5109,-8.5778],[120.5133,-8.5776],[120.5139,-8.58],[120.5159,-8.58],[120.5176,-8.5843],[120.5159,-8.5872],[120.5176,-8.5928],[120.5237,-8.599],[120.5234,-8.6007],[120.5268,-8.6026],[120.5269,-8.6059],[120.5234,-8.6096],[120.5243,-8.6176],[120.5224,-8.631],[120.5239,-8.638],[120.5166,-8.6382],[120.505,-8.643],[120.4989,-8.6434],[120.4957,-8.646],[120.492,-8.645],[120.4879,-8.6502],[120.4814,-8.6524],[120.4777,-8.6628],[120.4685,-8.6732],[120.4791,-8.6927],[120.4916,-8.7024],[120.5015,-8.7186],[120.5018,-8.7428],[120.5031,-8.7473],[120.5073,-8.7526],[120.5079,-8.7622],[120.5055,-8.7635],[120.5085,-8.7737],[120.5038,-8.7817],[120.5084,-8.7857],[120.5103,-8.8035],[120.512,-8.8081],[120.5133,-8.8084],[120.5138,-8.8156],[120.5184,-8.8184],[120.5137,-8.821],[120.5076,-8.8187],[120.4899,-8.8214],[120.4864,-8.8196],[120.4785,-8.8205],[120.4703,-8.8171],[120.454,-8.8177],[120.4379,-8.8136],[120.4299,-8.8195],[120.4267,-8.8196],[120.4207,-8.8169],[120.4041,-8.8241],[120.3981,-8.8254],[120.3973,-8.8239],[120.3937,-8.8267],[120.3914,-8.8262],[120.3842,-8.8177],[120.3718,-8.8192],[120.3687,-8.8163],[120.3686,-8.822],[120.3668,-8.8245],[120.3633,-8.8245],[120.3509,-8.8324],[120.3374,-8.8341],[120.3311,-8.8417],[120.3133,-8.8556],[120.3066,-8.8494],[120.3035,-8.8489],[120.2978,-8.8443],[120.2818,-8.8506],[120.2772,-8.8538],[120.2661,-8.8465],[120.2505,-8.8488],[120.2447,-8.845],[120.233,-8.8443],[120.2281,-8.8415],[120.231,-8.8381]]]}},{"type":"Feature","properties":{"name":"ManggaraiBarat","name_en":"ManggaraiBarat","admin_level":"5","osm_id":""},"geometry":{"type":"Polygon","coordinates":[[[120.0122,-8.8179],[119.9997,-8.8177],[119.9769,-8.8212],[119.9694,-8.8261],[119.965,-8.8235],[119.9478,-8.8203],[119.9421,-8.8214],[119.9324,-8.8294],[119.9252,-8.8331],[119.9229,-8.8435],[119.9122,-8.8386],[119.9099,-8.8389],[119.9119,-8.8447],[119.9165,-8.8461],[119.9173,-8.8523],[119.92,-8.8542],[119.922,-8.8613],[119.9192,-8.8659],[119.9164,-8.8663],[119.9131,-8.863],[119.9113,-8.8673],[119.9084,-8.8646],[119.9056,-8.867],[119.9044,-8.8621],[119.903,-8.8628],[119.9001,-8.8608],[119.8988,-8.8634],[119.8989,-8.8581],[119.8931,-8.8603],[119.8895,-8.8589],[119.8921,-8.8531],[119.8874,-8.8544],[119.886,-8.8518],[119.8897,-8.8485],[119.8906,-8.8455],[119.8952,-8.844],[119.8931,-8.8415],[119.8845,-8.8409],[119.883,-8.8337],[119.8853,-8.8327],[119.8829,-8.8288],[119.8875,-8.8293],[119.8832,-8.8244],[119.8868,-8.8232],[119.888,-8.8205],[119.8838,-8.8211],[119.8834,-8.8199],[119.8866,-8.815],[119.8903,-8.8145],[119.8902,-8.8127],[119.8849,-8.8131],[119.8846,-8.8098],[119.8831,-8.8092],[119.8764,-8.8119],[119.874,-8.8115],[119.8717,-8.8108],[119.8699,-8.8074],[119.8661,-8.81],[119.865,-8.8131],[119.8633,-8.8124],[119.8625,-8.8137],[119.8618,-8.8122],[119.8636,-8.8085],[119.8597,-8.805],[119.8599,-8.8021],[119.8477,-8.8045],[119.8465,-8.7983],[119.8442,-8.7969],[119.8421,-8.7973],[119.8379,-8.8072],[119.8333,-8.8066],[119.8326,-8.8055],[119.8365,-8.8005],[119.8354,-8.7981],[119.832,-8.7966],[119.8323,-8.7938],[119.8306,-8.7941],[119.8295,-8.7874],[119.8273,-8.7869],[119.8235,-8.7895],[119.8202,-8.7886],[119.8193,-8.7864],[119.8173,-8.7867],[119.8187,-8.7834],[119.8222,-8.7824],[119.8219,-8.7791],[119.8203,-8.7783],[119.8193,-8.7805],[119.8152,-8.7796],[119.8142,-8.7806],[119.8136,-8.7759],[119.8081,-8.7758],[119.8103,-8.773],[119.8088,-8.77],[119.8063,-8.7685],[119.8031,-8.7706],[119.8029,-8.766],[119.8005,-8.7649],[119.8006,-8.7577],[119.8081,-8.7558],[119.809,-8.7538],[119.8068,-8.749],[119.802,-8.7503],[119.8016,-8.7479],[119.7984,-8.7467],[119.8011,-8.744],[119.7962,-8.7417],[119.7985,-8.7396],[119.8056,-8.7384],[119.8075,-8.7334],[119.8067,-8.7304],[119.8024,-8.7279],[119.7992,-8.7298],[119.7967,-8.7277],[119.7992,-8.7264],[119.7996,-8.7244],[119.7983,-8.7238],[119.7995,-8.7219],[119.802,-8.7207],[119.8017,-8.7111],[119.8033,-8.7094],[119.7965,-8.7021],[119.7982,-8.6949],[119.7957,-8.6916],[119.7983,-8.6905],[119.8004,-8.6849],[119.7997,-8.6783],[119.8035,-8.6739],[119.8038,-8.6712],[119.8091,-8.6719],[119.8113,-8.6684],[119.8094,-8.665],[119.8113,-8.6611],[119.8065,-8.6405],[119.8078,-8.6272],[119.8098,-8.625],[119.8062,-8.6157],[119.8065,-8.6112],[119.8094,-8.609],[119.811,-8.6044],[119.8085,-8.602],[119.8054,-8.604],[119.7982,-8.5986],[119.7997,-8.5904],[119.808,-8.5856],[119.8043,-8.5829],[119.8041,-8.5734],[119.8052,-8.5706],[119.8087,-8.569],[119.8098,-8.5642],[119.8131,-8.5636],[119.8138,-8.5602],[119.8264,-8.5557],[119.8308,-8.551],[119.8333,-8.5395],[119.8442,-8.5397],[119.8463,-8.5379],[119.8455,-8.5363],[119.8503,-8.5342],[119.851,-8.5314],[119.8526,-8.5316],[119.854,-8.5345],[119.868,-8.5239],[119.8737,-8.517],[119.8729,-8.513],[119.8771,-8.5076],[119.8774,-8.5019],[119.8794,-8.4984],[119.8748,-8.4897],[119.8787,-8.4844],[119.8779,-8.4824],[119.881,-8.4804],[119.8813,-8.4774],[119.8718,-8.465],[119.8714,-8.4573],[119.8679,-8.4541],[119.8609,-8.4533],[119.8628,-8.4481],[119.8628,-8.4405],[119.8615,-8.4367],[119.857,-8.4321],[119.8573,-8.4302],[119.8608,-8.4322],[119.8718,-8.4273],[119.88,-8.427],[119.8824,-8.4302],[119.8796,-8.4351],[119.8826,-8.4365],[119.8829,-8.4387],[119.8789,-8.44],[119.8773,-8.4429],[119.8853,-8.4439],[119.8878,-8.4414],[119.8902,-8.443],[119.8882,-8.4455],[119.883,-8.4464],[119.8788,-8.4495],[119.8773,-8.4589],[119.8816,-8.4637],[119.8839,-8.4636],[119.8868,-8.4609],[119.8918,-8.464],[119.9009,-8.4656],[119.9075,-8.4756],[119.9132,-8.4714],[119.9138,-8.4692],[119.916,-8.4687],[119.9161,-8.4665],[119.9224,-8.4666],[119.9317,-8.4597],[119.9327,-8.4568],[119.9342,-8.4575],[119.9391,-8.4553],[119.9416,-8.4589],[119.9444,-8.4589],[119.9531,-8.4545],[119.9572,-8.4496],[119.9584,-8.4524],[119.9617,-8.4506],[119.9587,-8.4437],[119.9567,-8.4435],[119.959,-8.4402],[119.9614,-8.4397],[119.9637,-8.4414],[119.9635,-8.4383],[119.9668,-8.439],[119.9653,-8.4377],[119.9657,-8.4357],[119.9629,-8.4358],[119.9636,-8.4314],[119.9674,-8.4312],[119.9694,-8.428],[119.9729,-8.4329],[119.9767,-8.4325],[119.9772,-8.4352],[119.9727,-8.4422],[119.9737,-8.4454],[119.9766,-8.4445],[119.9803,-8.4463],[119.9819,-8.4428],[119.9833,-8.4467],[119.9825,-8.4516],[119.9839,-8.454],[119.9872,-8.4568],[119.9898,-8.4554],[119.9914,-8.4601],[119.9974,-8.4613],[120.0012,-8.4589],[120.0034,-8.4511],[120.0066,-8.4462],[120.0087,-8.4477],[120.0127,-8.4471],[120.0183,-8.4397],[120.0158,-8.4356],[120.0046,-8.4303],[120.0029,-8.4307],[120.0011,-8.4272],[120.0012,-8.4223],[119.9979,-8.4172],[120.0001,-8.414],[120.0054,-8.4137],[120.0083,-8.4117],[120.0133,-8.4151],[120.0155,-8.413],[120.0176,-8.4081],[120.0123,-8.4033],[120.0115,-8.3993],[120.0152,-8.3971],[120.0187,-8.3923],[120.0204,-8.3866],[120.0192,-8.3841],[120.0305,-8.382],[120.0359,-8.3866],[120.0429,-8.386],[120.0418,-8.3896],[120.0369,-8.3919],[120.04,-8.3973],[120.043,-8.3975],[120.0444,-8.3942],[120.053,-8.3946],[120.0536,-8.3898],[120.0589,-8.3879],[120.0599,-8.3829],[120.0638,-8.3783],[120.0663,-8.3779],[120.0669,-8.3804],[120.0705,-8.3775],[120.0748,-8.377],[120.0726,-8.3812],[120.0732,-8.3836],[120.0652,-8.3903],[120.0629,-8.3894],[120.0628,-8.3922],[120.0582,-8.3938],[120.0599,-8.3986],[120.0538,-8.3966],[120.0532,-8.3987],[120.0519,-8.3974],[120.0488,-8.3989],[120.0489,-8.4022],[120.0508,-8.4022],[120.05,-8.4052],[120.054,-8.4059],[120.0561,-8.4033],[120.0577,-8.4049],[120.0634,-8.4029],[120.0674,-8.3963],[120.0704,-8.3982],[120.0706,-8.3933],[120.0833,-8.3873],[120.0865,-8.3876],[120.0845,-8.3907],[120.0855,-8.3937],[120.0809,-8.3982],[120.085,-8.3986],[120.0843,-8.4022],[120.0772,-8.4106],[120.0848,-8.4079],[120.0845,-8.4096],[120.0799,-8.4119],[120.0798,-8.4138],[120.0806,-8.4152],[120.0855,-8.4129],[120.0862,-8.4144],[120.0934,-8.4068],[120.095,-8.4076],[120.0949,-8.4125],[120.0961,-8.4132],[120.0925,-8.4213],[120.0898,-8.4213],[120.0822,-8.4263],[120.0846,-8.4297],[120.0851,-8.4373],[120.0915,-8.441],[120.1045,-8.4373],[120.1098,-8.4413],[120.1134,-8.4388],[120.1126,-8.4351],[120.1161,-8.4318],[120.1175,-8.426],[120.1233,-8.4223],[120.1256,-8.4176],[120.1256,-8.4154],[120.1236,-8.4159],[120.1208,-8.414],[120.1164,-8.404],[120.1176,-8.3931],[120.116,-8.3907],[120.1171,-8.3879],[120.1156,-8.3833],[120.1178,-8.3762],[120.1168,-8.3718],[120.1212,-8.3667],[120.1198,-8.3587],[120.1214,-8.3563],[120.1257,-8.3564],[120.1276,-8.3589],[120.1281,-8.3637],[120.1313,-8.3671],[120.1329,-8.3656],[120.1356,-8.3674],[120.1354,-8.3659],[120.1396,-8.3659],[120.1403,-8.3646],[120.1469,-8.367],[120.1473,-8.3706],[120.1452,-8.3735],[120.1472,-8.3798],[120.151,-8.38],[120.1575,-8.373],[120.1612,-8.3738],[120.163,-8.3779],[120.1668,-8.3749],[120.1623,-8.3689],[120.1631,-8.3621],[120.1675,-8.3592],[120.172,-8.3481],[120.1782,-8.3513],[120.1853,-8.3479],[120.186,-8.3429],[120.183,-8.3395],[120.1832,-8.3369],[120.1885,-8.3304],[120.1938,-8.3154],[120.2005,-8.3056],[120.2091,-8.306],[120.2102,-8.3089],[120.2159,-8.31],[120.2232,-8.3056],[120.2355,-8.3017],[120.2399,-8.3017],[120.2439,-8.2951],[120.261,-8.2827],[120.2664,-8.2845],[120.2916,-8.2807],[120.2897,-8.2862],[120.2888,-8.2988],[120.2926,-8.3131],[120.2908,-8.3177],[120.291,-8.3275],[120.288,-8.3315],[120.2861,-8.3398],[120.2889,-8.3448],[120.289,-8.3571],[120.2858,-8.3862],[120.283,-8.3917],[120.2848,-8.4055],[120.283,-8.4177],[120.284,-8.4226],[120.2931,-8.4313],[120.2958,-8.4397],[120.3063,-8.4514],[120.3088,-8.4494],[120.3126,-8.45],[120.3164,-8.4476],[120.3174,-8.4447],[120.3218,-8.4445],[120.3269,-8.4369],[120.3313,-8.4358],[120.3313,-8.4411],[120.3334,-8.4405],[120.3382,-8.4365],[120.337,-8.4335],[120.3462,-8.4261],[120.3498,-8.4276],[120.3525,-8.4258],[120.3571,-8.4296],[120.3644,-8.4289],[120.3693,-8.4311],[120.377,-8.4289],[120.3869,-8.4292],[120.3861,-8.4261],[120.3895,-8.4253],[120.3906,-8.4304],[120.3918,-8.4279],[120.3932,-8.4297],[120.3958,-8.4295],[120.3957,-8.4333],[120.3981,-8.4371],[120.3959,-8.4386],[120.3977,-8.4395],[120.3974,-8.4427],[120.3993,-8.4441],[120.3988,-8.4508],[120.3928,-8.4543],[120.3946,-8.4546],[120.3946,-8.4574],[120.3971,-8.4574],[120.3991,-8.4611],[120.3901,-8.4583],[120.3895,-8.4656],[120.3918,-8.467],[120.387,-8.475],[120.3882,-8.4784],[120.3876,-8.4833],[120.3893,-8.4852],[120.3883,-8.4861],[120.3865,-8.4849],[120.3841,-8.4879],[120.3806,-8.4882],[120.381,-8.4943],[120.3757,-8.4999],[120.3739,-8.506],[120.3753,-8.5076],[120.3728,-8.5102],[120.3737,-8.512],[120.3712,-8.5124],[120.3726,-8.5145],[120.3628,-8.5181],[120.361,-8.5211],[120.355,-8.5237],[120.3538,-8.5227],[120.3524,-8.5244],[120.3605,-8.5471],[120.3584,-8.5591],[120.3612,-8.5685],[120.3517,-8.5719],[120.3436,-8.5714],[120.3357,-8.5638],[120.3325,-8.5583],[120.3304,-8.5587],[120.3264,-8.5634],[120.3191,-8.5679],[120.3175,-8.5785],[120.3151,-8.5829],[120.2989,-8.5858],[120.2909,-8.5906],[120.285,-8.5978],[120.2851,-8.605],[120.2822,-8.6094],[120.2805,-8.6252],[120.2889,-8.6331],[120.2902,-8.6372],[120.2895,-8.6421],[120.2877,-8.6426],[120.2874,-8.6446],[120.2818,-8.645],[120.2799,-8.6479],[120.282,-8.6491],[120.2817,-8.6516],[120.2861,-8.6546],[120.2859,-8.6563],[120.288,-8.6556],[120.2883,-8.6581],[120.2896,-8.6574],[120.2903,-8.661],[120.2959,-8.6632],[120.2939,-8.6654],[120.2953,-8.6646],[120.2952,-8.6663],[120.2965,-8.6664],[120.2951,-8.67],[120.2968,-8.6721],[120.2994,-8.6706],[120.2991,-8.6725],[120.3061,-8.6752],[120.3114,-8.6676],[120.3128,-8.6677],[120.3122,-8.6695],[120.3152,-8.6707],[120.3207,-8.681],[120.3313,-8.6878],[120.3328,-8.6939],[120.3274,-8.709],[120.3264,-8.7184],[120.323,-8.7219],[120.3144,-8.7238],[120.3131,-8.7343],[120.3033,-8.7417],[120.2936,-8.7564],[120.2882,-8.7573],[120.2878,-8.7585],[120.2855,-8.7578],[120.2841,-8.7594],[120.273,-8.76],[120.2717,-8.7645],[120.2815,-8.7788],[120.2837,-8.7872],[120.2811,-8.789],[120.2649,-8.7898],[120.2616,-8.7951],[120.2562,-8.7962],[120.251,-8.7952],[120.2474,-8.7991],[120.2402,-8.8029],[120.2389,-8.809],[120.2329,-8.8125],[120.2355,-8.8161],[120.2351,-8.819],[120.24,-8.83],[120.234,-8.8373],[120.2314,-8.8377],[120.2281,-8.8415],[120.2223,-8.836],[120.2133,-8.8364],[120.2128,-8.8313],[120.2106,-8.8281],[120.2035,-8.8215],[120.1992,-8.8229],[120.1976,-8.819],[120.1905,-8.8136],[120.183,-8.8032],[120.1712,-8.7917],[120.1634,-8.7868],[120.157,-8.7851],[120.1481,-8.7848],[120.148,-8.7863],[120.1401,-8.7885],[120.1083,-8.7912],[120.0908,-8.7961],[120.0791,-8.803],[120.058,-8.8081],[120.0523,-8.8122],[120.0494,-8.8116],[120.0455,-8.8138],[120.0272,-8.8136],[120.0217,-8.8148],[120.0164,-8.8193],[120.0122,-8.8179]]]}},{"type":"Feature","properties":{"name":"ManggaraiTimur","name_en":"ManggaraiTimur","admin_level":"5","osm_id":""},"geometry":{"type":"Polygon","coordinates":[[[120.7354,-8.8898],[120.7253,-8.8852],[120.7186,-8.8866],[120.7102,-8.8815],[120.7045,-8.8808],[120.7024,-8.8819],[120.6898,-8.8709],[120.6559,-8.8701],[120.6463,-8.8671],[120.6381,-8.8598],[120.6326,-8.8571],[120.6259,-8.8483],[120.6199,-8.8438],[120.6122,-8.8324],[120.6127,-8.8266],[120.6075,-8.8209],[120.5969,-8.8154],[120.5888,-8.815],[120.5798,-8.8182],[120.5725,-8.8164],[120.5516,-8.8167],[120.5446,-8.8122],[120.5366,-8.8115],[120.5284,-8.813],[120.5184,-8.8184],[120.5138,-8.8156],[120.5133,-8.8084],[120.512,-8.8081],[120.5103,-8.8035],[120.5084,-8.7857],[120.5038,-8.7817],[120.5085,-8.7737],[120.5055,-8.7635],[120.5079,-8.7622],[120.5073,-8.7526],[120.5031,-8.7473],[120.5018,-8.7428],[120.5019,-8.7198],[120.4916,-8.7024],[120.4791,-8.6927],[120.4685,-8.6732],[120.4777,-8.6628],[120.4814,-8.6524],[120.4879,-8.6502],[120.492,-8.645],[120.4957,-8.646],[120.4989,-8.6434],[120.505,-8.643],[120.5166,-8.6382],[120.5239,-8.638],[120.5224,-8.631],[120.5243,-8.6176],[120.5234,-8.6096],[120.5269,-8.6059],[120.5268,-8.6026],[120.5234,-8.6007],[120.5237,-8.599],[120.5176,-8.5928],[120.5159,-8.5872],[120.5176,-8.5843],[120.5159,-8.58],[120.5139,-8.58],[120.5133,-8.5776],[120.5109,-8.5778],[120.5122,-8.5709],[120.5105,-8.5651],[120.5159,-8.5584],[120.5152,-8.554],[120.5177,-8.5472],[120.5212,-8.5446],[120.5228,-8.5455],[120.53,-8.5381],[120.5301,-8.5335],[120.5341,-8.5268],[120.5321,-8.5233],[120.5405,-8.5186],[120.543,-8.5151],[120.5409,-8.5119],[120.5451,-8.5061],[120.5463,-8.4998],[120.5463,-8.4931],[120.5425,-8.4912],[120.5381,-8.4724],[120.5357,-8.4693],[120.5369,-8.4677],[120.5322,-8.4603],[120.535,-8.4509],[120.5306,-8.4481],[120.5305,-8.4449],[120.5243,-8.4379],[120.5221,-8.4321],[120.5201,-8.4312],[120.521,-8.4268],[120.5203,-8.4247],[120.5169,-8.4233],[120.5168,-8.4169],[120.5121,-8.4152],[120.5135,-8.4089],[120.5066,-8.4073],[120.5059,-8.4031],[120.4992,-8.403],[120.5002,-8.3989],[120.4985,-8.3966],[120.4988,-8.3936],[120.4888,-8.3884],[120.4845,-8.3832],[120.4781,-8.3821],[120.478,-8.3675],[120.4795,-8.3627],[120.4773,-8.3578],[120.4787,-8.3536],[120.4826,-8.3515],[120.4836,-8.3491],[120.4819,-8.3417],[120.483,-8.3332],[120.4797,-8.3288],[120.4818,-8.3152],[120.4844,-8.3133],[120.4919,-8.3157],[120.496,-8.3046],[120.4957,-8.2994],[120.4928,-8.2927],[120.5027,-8.289],[120.5055,-8.2858],[120.5046,-8.2844],[120.5058,-8.283],[120.5078,-8.2844],[120.5121,-8.2833],[120.5292,-8.2724],[120.5326,-8.2737],[120.5319,-8.2773],[120.5397,-8.2826],[120.5415,-8.288],[120.5502,-8.2946],[120.5522,-8.2938],[120.5552,-8.2956],[120.5586,-8.3004],[120.5629,-8.3008],[120.569,-8.2969],[120.5775,-8.2956],[120.5881,-8.2975],[120.5927,-8.2963],[120.5997,-8.2904],[120.6054,-8.2769],[120.6005,-8.2704],[120.5962,-8.2698],[120.593,-8.2663],[120.5909,-8.2602],[120.5937,-8.2544],[120.5949,-8.2571],[120.6011,-8.2554],[120.6083,-8.2595],[120.6124,-8.2638],[120.6186,-8.2638],[120.6277,-8.2678],[120.6555,-8.2889],[120.6572,-8.2908],[120.6594,-8.3021],[120.6623,-8.3034],[120.6619,-8.3054],[120.666,-8.3083],[120.6741,-8.3076],[120.6772,-8.3096],[120.6761,-8.3166],[120.678,-8.3232],[120.6854,-8.3259],[120.69,-8.3296],[120.7001,-8.3271],[120.7154,-8.3263],[120.7165,-8.3365],[120.7212,-8.3405],[120.7267,-8.3424],[120.7336,-8.3489],[120.7488,-8.3483],[120.7569,-8.3431],[120.7587,-8.3382],[120.7624,-8.3362],[120.7676,-8.3411],[120.7825,-8.3455],[120.7908,-8.3436],[120.7946,-8.3406],[120.8086,-8.3386],[120.8211,-8.3468],[120.8311,-8.3462],[120.8544,-8.3577],[120.8821,-8.3494],[120.8869,-8.3548],[120.8842,-8.3609],[120.8836,-8.372],[120.8889,-8.3639],[120.8894,-8.3615],[120.8876,-8.359],[120.8931,-8.3532],[120.8964,-8.3525],[120.9057,-8.357],[120.9215,-8.3564],[120.9295,-8.3518],[120.94,-8.3484],[120.9452,-8.354],[120.9421,-8.3529],[120.9383,-8.3557],[120.9387,-8.3572],[120.9435,-8.362],[120.9469,-8.362],[120.946,-8.3708],[120.9478,-8.3719],[120.9495,-8.3709],[120.9484,-8.3733],[120.9497,-8.3765],[120.944,-8.3786],[120.9453,-8.3811],[120.9424,-8.3907],[120.9422,-8.4003],[120.9288,-8.4072],[120.9266,-8.4118],[120.9263,-8.4226],[120.9221,-8.43],[120.917,-8.4349],[120.9126,-8.4436],[120.9108,-8.4578],[120.9165,-8.4604],[120.9234,-8.4676],[120.9224,-8.4725],[120.9151,-8.4776],[120.9042,-8.4796],[120.8948,-8.4844],[120.8882,-8.4813],[120.8872,-8.4772],[120.8814,-8.478],[120.8798,-8.4827],[120.8741,-8.4846],[120.8685,-8.5],[120.8614,-8.503],[120.8597,-8.5018],[120.8522,-8.5043],[120.8526,-8.5076],[120.848,-8.5095],[120.8479,-8.5123],[120.8451,-8.5161],[120.8458,-8.5181],[120.8504,-8.519],[120.8515,-8.5264],[120.8498,-8.5285],[120.8525,-8.533],[120.851,-8.5349],[120.8515,-8.538],[120.8657,-8.5508],[120.8743,-8.5634],[120.8726,-8.5673],[120.8625,-8.5695],[120.8605,-8.5731],[120.8635,-8.5765],[120.8627,-8.5778],[120.8649,-8.5839],[120.8691,-8.5853],[120.8689,-8.591],[120.872,-8.5924],[120.8698,-8.5943],[120.8733,-8.5942],[120.8751,-8.5979],[120.8762,-8.5955],[120.8807,-8.6018],[120.8814,-8.6044],[120.8794,-8.6066],[120.8816,-8.6086],[120.8788,-8.612],[120.8827,-8.6123],[120.8814,-8.6176],[120.8848,-8.6196],[120.8851,-8.6214],[120.8873,-8.6209],[120.8866,-8.6232],[120.8848,-8.6229],[120.8851,-8.6254],[120.8886,-8.6264],[120.8881,-8.6311],[120.8828,-8.6356],[120.8843,-8.6367],[120.8835,-8.6394],[120.8859,-8.6408],[120.8843,-8.6437],[120.8863,-8.6444],[120.8854,-8.6473],[120.8914,-8.6502],[120.8891,-8.654],[120.8896,-8.6572],[120.8833,-8.661],[120.8843,-8.6647],[120.8809,-8.6664],[120.8796,-8.6712],[120.8824,-8.6719],[120.8813,-8.674],[120.8835,-8.6759],[120.8805,-8.6768],[120.8833,-8.6785],[120.8811,-8.679],[120.8785,-8.6827],[120.8787,-8.6866],[120.8743,-8.6918],[120.875,-8.697],[120.8713,-8.6956],[120.8681,-8.698],[120.8659,-8.6964],[120.8627,-8.6994],[120.8605,-8.699],[120.8589,-8.7018],[120.8567,-8.7018],[120.8568,-8.7044],[120.8547,-8.7036],[120.8507,-8.7057],[120.8467,-8.7041],[120.8445,-8.709],[120.846,-8.7151],[120.8443,-8.7191],[120.8505,-8.7218],[120.8492,-8.7255],[120.8512,-8.7294],[120.8556,-8.7294],[120.8536,-8.7349],[120.8568,-8.7403],[120.8544,-8.7442],[120.8563,-8.7466],[120.8554,-8.75],[120.8483,-8.755],[120.8504,-8.7583],[120.8495,-8.7606],[120.8435,-8.7629],[120.8448,-8.7654],[120.8425,-8.7705],[120.8462,-8.772],[120.8427,-8.7736],[120.8415,-8.7761],[120.8454,-8.7829],[120.842,-8.7841],[120.839,-8.7875],[120.8413,-8.7907],[120.8407,-8.7922],[120.8359,-8.7895],[120.8341,-8.7919],[120.8341,-8.7957],[120.8298,-8.798],[120.8307,-8.802],[120.8245,-8.8153],[120.8254,-8.8177],[120.824,-8.8214],[120.8207,-8.8242],[120.8124,-8.8264],[120.8106,-8.8282],[120.8103,-8.8299],[120.8196,-8.8366],[120.8202,-8.8379],[120.8183,-8.8401],[120.8131,-8.842],[120.8053,-8.8398],[120.7973,-8.8408],[120.7922,-8.8394],[120.7885,-8.841],[120.7858,-8.8488],[120.7854,-8.8732],[120.78,-8.8757],[120.7743,-8.8837],[120.7741,-8.8873],[120.7687,-8.887],[120.7652,-8.8895],[120.7538,-8.8929],[120.7475,-8.8912],[120.7446,-8.8929],[120.7425,-8.8897],[120.7375,-8.8881],[120.7354,-8.8898]]]}},{"type":"Feature","properties":{"name":"Nagekeo","name_en":"Nagekeo","admin_level":"5","osm_id":""},"geometry":{"type":"Polygon","coordinates":[[[121.2921,-8.9031],[121.2862,-8.8941],[121.2818,-8.8914],[121.2753,-8.8916],[121.2691,-8.8864],[121.259,-8.8888],[121.2557,-8.8938],[121.2571,-8.8976],[121.2535,-8.8966],[121.2527,-8.8913],[121.2457,-8.8892],[121.2376,-8.8898],[121.234,-8.8958],[121.2289,-8.8905],[121.2237,-8.8892],[121.2107,-8.8919],[121.208,-8.894],[121.2045,-8.8913],[121.199,-8.8944],[121.1926,-8.8929],[121.1886,-8.8871],[121.1835,-8.8854],[121.1708,-8.8871],[121.1647,-8.8948],[121.1575,-8.8935],[121.1481,-8.8982],[121.1393,-8.898],[121.1358,-8.8928],[121.1272,-8.8855],[121.1253,-8.8788],[121.119,-8.8795],[121.1173,-8.8761],[121.1153,-8.8753],[121.1155,-8.8708],[121.1207,-8.8622],[121.1217,-8.8558],[121.1328,-8.8512],[121.1401,-8.8431],[121.1394,-8.8399],[121.1362,-8.8375],[121.1367,-8.8353],[121.133,-8.8271],[121.1306,-8.8156],[121.1219,-8.8037],[121.1237,-8.7928],[121.1138,-8.7859],[121.1101,-8.7778],[121.1019,-8.7737],[121.1017,-8.7701],[121.0991,-8.7673],[121.101,-8.7629],[121.0999,-8.7621],[121.0981,-8.7636],[121.0962,-8.7604],[121.0985,-8.7521],[121.1011,-8.7502],[121.1002,-8.7484],[121.1031,-8.7467],[121.104,-8.7482],[121.105,-8.7467],[121.1019,-8.7424],[121.1026,-8.7377],[121.1,-8.7364],[121.1012,-8.7343],[121.1,-8.7327],[121.1022,-8.7322],[121.1055,-8.7283],[121.105,-8.7262],[121.1082,-8.7252],[121.1048,-8.7226],[121.1068,-8.7204],[121.1084,-8.724],[121.1126,-8.7233],[121.1131,-8.7188],[121.1147,-8.7174],[121.111,-8.7162],[121.1147,-8.7138],[121.1156,-8.7095],[121.1226,-8.7084],[121.1245,-8.7055],[121.1239,-8.7037],[121.1278,-8.7024],[121.1307,-8.7023],[121.1318,-8.7039],[121.1333,-8.7017],[121.1363,-8.7031],[121.1385,-8.7011],[121.1416,-8.7011],[121.1453,-8.6978],[121.1456,-8.6945],[121.1487,-8.6947],[121.1495,-8.6932],[121.1422,-8.6903],[121.1387,-8.692],[121.1388,-8.6895],[121.1338,-8.6891],[121.131,-8.6838],[121.1285,-8.6889],[121.1256,-8.685],[121.1211,-8.6872],[121.1167,-8.6861],[121.1158,-8.6834],[121.1089,-8.6817],[121.1074,-8.6787],[121.1126,-8.6767],[121.1071,-8.6744],[121.1078,-8.6711],[121.0964,-8.664],[121.0926,-8.6651],[121.088,-8.6625],[121.0855,-8.6565],[121.0845,-8.6587],[121.081,-8.6543],[121.0813,-8.6469],[121.0832,-8.6455],[121.0844,-8.6403],[121.08,-8.6351],[121.0811,-8.6312],[121.0802,-8.6255],[121.0867,-8.6197],[121.0932,-8.6175],[121.0967,-8.6127],[121.1018,-8.6121],[121.1046,-8.6083],[121.1204,-8.6044],[121.1342,-8.5989],[121.1293,-8.5921],[121.1335,-8.5856],[121.1325,-8.5827],[121.1397,-8.579],[121.1436,-8.5721],[121.1427,-8.5685],[121.1438,-8.5661],[121.1416,-8.5596],[121.1431,-8.552],[121.1451,-8.5496],[121.1524,-8.5471],[121.1574,-8.5405],[121.1661,-8.534],[121.1722,-8.5248],[121.1709,-8.5199],[121.1766,-8.5187],[121.1839,-8.512],[121.1836,-8.4999],[121.1725,-8.4884],[121.165,-8.484],[121.1616,-8.4779],[121.1736,-8.4678],[121.1798,-8.4594],[121.1792,-8.4533],[121.1732,-8.4407],[121.1911,-8.4379],[121.1959,-8.4445],[121.2168,-8.4615],[121.223,-8.4617],[121.2267,-8.4637],[121.2316,-8.4629],[121.2369,-8.4672],[121.244,-8.4688],[121.2533,-8.4657],[121.2571,-8.4663],[121.2681,-8.4639],[121.2675,-8.4653],[121.2699,-8.4677],[121.2787,-8.4698],[121.2881,-8.4751],[121.2972,-8.4772],[121.3039,-8.4816],[121.3057,-8.4862],[121.3059,-8.4829],[121.3078,-8.4816],[121.3192,-8.5085],[121.3236,-8.5147],[121.3266,-8.5165],[121.3254,-8.5236],[121.3438,-8.5472],[121.3516,-8.5521],[121.3584,-8.5543],[121.3696,-8.5636],[121.3773,-8.5651],[121.3832,-8.5641],[121.3929,-8.5727],[121.3967,-8.5714],[121.4013,-8.5734],[121.4045,-8.5718],[121.4132,-8.5785],[121.4125,-8.5807],[121.4159,-8.5828],[121.4186,-8.5921],[121.4233,-8.5899],[121.42,-8.5862],[121.4204,-8.5847],[121.4241,-8.5856],[121.4251,-8.5874],[121.431,-8.5864],[121.4338,-8.5818],[121.4398,-8.5786],[121.4405,-8.5757],[121.4606,-8.5642],[121.4621,-8.5608],[121.4765,-8.5642],[121.4771,-8.5709],[121.4803,-8.5716],[121.483,-8.5746],[121.4825,-8.5774],[121.4858,-8.581],[121.4931,-8.5778],[121.4961,-8.5785],[121.4975,-8.5769],[121.5008,-8.5784],[121.5023,-8.5834],[121.4979,-8.5886],[121.5018,-8.5931],[121.5001,-8.5996],[121.5028,-8.6013],[121.5051,-8.6003],[121.5134,-8.6084],[121.5054,-8.6099],[121.5045,-8.6118],[121.5056,-8.6142],[121.5151,-8.6157],[121.5203,-8.6143],[121.5192,-8.6181],[121.5212,-8.6174],[121.5237,-8.6216],[121.5233,-8.6285],[121.5191,-8.6353],[121.5046,-8.6362],[121.5,-8.6399],[121.4947,-8.6395],[121.4824,-8.6533],[121.4727,-8.6581],[121.4716,-8.663],[121.4645,-8.6639],[121.4622,-8.6681],[121.4549,-8.6703],[121.4493,-8.6683],[121.4456,-8.6718],[121.4418,-8.6692],[121.439,-8.6693],[121.437,-8.6716],[121.4323,-8.6706],[121.4282,-8.6778],[121.43,-8.6811],[121.4264,-8.6863],[121.409,-8.7003],[121.4046,-8.7076],[121.4025,-8.7077],[121.3995,-8.7122],[121.3986,-8.7169],[121.3968,-8.716],[121.3948,-8.7203],[121.3964,-8.7206],[121.3971,-8.7236],[121.3957,-8.7262],[121.3985,-8.7256],[121.3977,-8.7283],[121.4008,-8.7331],[121.4029,-8.7321],[121.4045,-8.7355],[121.4097,-8.7354],[121.4116,-8.7421],[121.4166,-8.7443],[121.4178,-8.7525],[121.4156,-8.7551],[121.4173,-8.7566],[121.4155,-8.7579],[121.419,-8.7613],[121.4161,-8.7638],[121.4177,-8.7652],[121.4156,-8.7663],[121.4165,-8.7688],[121.4148,-8.7719],[121.4176,-8.7739],[121.4156,-8.7761],[121.4173,-8.7834],[121.4136,-8.791],[121.4142,-8.7938],[121.405,-8.7904],[121.3886,-8.7891],[121.381,-8.7927],[121.3773,-8.7967],[121.3745,-8.8024],[121.3752,-8.805],[121.3705,-8.8126],[121.3713,-8.8166],[121.3676,-8.8246],[121.3699,-8.8341],[121.3727,-8.8365],[121.3687,-8.8389],[121.372,-8.8521],[121.372,-8.8603],[121.3701,-8.8643],[121.3689,-8.8785],[121.3661,-8.8838],[121.3613,-8.8874],[121.3574,-8.8874],[121.3558,-8.8908],[121.3404,-8.9059],[121.3298,-8.9077],[121.3244,-8.9062],[121.3202,-8.9103],[121.3144,-8.911],[121.3068,-8.9081],[121.2993,-8.9076],[121.2921,-8.9031]]]}},{"type":"Feature","properties":{"name":"Ngada","name_en":"Ngada","admin_level":"5","osm_id":""},"geometry":{"type":"Polygon","coordinates":[[[121.0971,-8.9204],[121.0854,-8.9254],[121.0814,-8.9303],[121.0751,-8.9309],[121.0704,-8.9355],[121.0677,-8.9357],[121.0583,-8.9472],[121.05,-8.9468],[121.0427,-8.95],[121.0361,-8.9556],[121.0338,-8.9548],[121.0296,-8.9564],[121.0218,-8.9534],[121.0169,-8.9543],[121.0153,-8.9564],[121.0061,-8.9546],[121.0013,-8.9561],[120.9972,-8.953],[120.9866,-8.9514],[120.9792,-8.9433],[120.9741,-8.944],[120.9705,-8.9463],[120.9588,-8.9448],[120.9423,-8.9367],[120.9398,-8.9368],[120.936,-8.9337],[120.9311,-8.9329],[120.9292,-8.9287],[120.9134,-8.9206],[120.9098,-8.9155],[120.9037,-8.9121],[120.9012,-8.9055],[120.8869,-8.8956],[120.8841,-8.8894],[120.8807,-8.8872],[120.8736,-8.8869],[120.8693,-8.8836],[120.8666,-8.8769],[120.8669,-8.8657],[120.857,-8.8538],[120.8554,-8.8434],[120.8485,-8.8339],[120.8357,-8.8289],[120.8262,-8.8323],[120.8226,-8.8371],[120.8103,-8.8299],[120.8117,-8.8267],[120.8207,-8.8242],[120.824,-8.8214],[120.8254,-8.8177],[120.8245,-8.8153],[120.8307,-8.802],[120.8292,-8.7992],[120.8304,-8.7968],[120.8341,-8.7957],[120.8349,-8.7902],[120.841,-8.7917],[120.839,-8.7875],[120.8457,-8.7818],[120.8415,-8.7761],[120.8427,-8.7736],[120.8462,-8.772],[120.8425,-8.7705],[120.8448,-8.7654],[120.8435,-8.7629],[120.8491,-8.761],[120.8504,-8.7583],[120.8483,-8.755],[120.8549,-8.7507],[120.8563,-8.7478],[120.8544,-8.7442],[120.8568,-8.7399],[120.8535,-8.7342],[120.8556,-8.7294],[120.8512,-8.7294],[120.8492,-8.7255],[120.8505,-8.7218],[120.8443,-8.7191],[120.846,-8.7155],[120.8441,-8.7109],[120.8453,-8.7069],[120.847,-8.704],[120.8507,-8.7057],[120.8547,-8.7036],[120.8568,-8.7044],[120.8567,-8.7018],[120.8589,-8.7018],[120.8605,-8.699],[120.8627,-8.6994],[120.8659,-8.6964],[120.8681,-8.698],[120.8713,-8.6956],[120.875,-8.697],[120.8743,-8.6918],[120.8787,-8.6866],[120.8785,-8.6827],[120.8811,-8.679],[120.8833,-8.6785],[120.8805,-8.6768],[120.8835,-8.6759],[120.8813,-8.674],[120.8824,-8.6719],[120.8796,-8.6712],[120.8809,-8.6664],[120.8843,-8.6647],[120.8833,-8.661],[120.8896,-8.6572],[120.8891,-8.654],[120.8914,-8.6502],[120.8854,-8.6473],[120.8863,-8.6444],[120.8843,-8.6437],[120.8859,-8.6408],[120.8835,-8.6394],[120.8843,-8.6367],[120.8828,-8.6356],[120.8881,-8.6311],[120.8886,-8.6264],[120.8851,-8.6254],[120.8848,-8.6229],[120.8866,-8.6232],[120.8873,-8.6209],[120.8851,-8.6214],[120.8848,-8.6196],[120.8814,-8.6176],[120.8827,-8.6123],[120.8788,-8.612],[120.8816,-8.6086],[120.8794,-8.6066],[120.8814,-8.6044],[120.8807,-8.6018],[120.8762,-8.5955],[120.8751,-8.5979],[120.8733,-8.5942],[120.8698,-8.5943],[120.872,-8.5924],[120.8689,-8.591],[120.8691,-8.5853],[120.8649,-8.5839],[120.8627,-8.5778],[120.8635,-8.5765],[120.8605,-8.5731],[120.8625,-8.5695],[120.8726,-8.5673],[120.8743,-8.5634],[120.8657,-8.5508],[120.8515,-8.538],[120.851,-8.5349],[120.8524,-8.5329],[120.8498,-8.5285],[120.8514,-8.5274],[120.8513,-8.5224],[120.8501,-8.5185],[120.8454,-8.5178],[120.8454,-8.5153],[120.8479,-8.5123],[120.848,-8.5095],[120.8526,-8.5076],[120.8522,-8.5043],[120.8597,-8.5018],[120.8614,-8.503],[120.8685,-8.5],[120.8741,-8.4846],[120.8798,-8.4827],[120.8814,-8.478],[120.8872,-8.4772],[120.8882,-8.4813],[120.8948,-8.4844],[120.9042,-8.4796],[120.9155,-8.4774],[120.9231,-8.4714],[120.9239,-8.4686],[120.9221,-8.4661],[120.9161,-8.4602],[120.9108,-8.4578],[120.9124,-8.4448],[120.917,-8.4349],[120.9221,-8.43],[120.9263,-8.4226],[120.9266,-8.4118],[120.9288,-8.4072],[120.9422,-8.4001],[120.9424,-8.3907],[120.9453,-8.3811],[120.944,-8.3786],[120.9497,-8.3765],[120.9484,-8.3733],[120.9495,-8.3709],[120.9518,-8.372],[120.9562,-8.3706],[120.9561,-8.3685],[120.9539,-8.3674],[120.9551,-8.3654],[120.9531,-8.3609],[120.9433,-8.3467],[120.9461,-8.3434],[120.9481,-8.3448],[120.9575,-8.3436],[120.9693,-8.3461],[120.9705,-8.3448],[120.9723,-8.3467],[120.9777,-8.3464],[120.9779,-8.3479],[120.9846,-8.3499],[120.9852,-8.355],[120.9842,-8.358],[120.9814,-8.3598],[120.9825,-8.3629],[120.9803,-8.3635],[120.9788,-8.3692],[120.974,-8.3707],[120.9719,-8.3666],[120.9684,-8.3671],[120.9652,-8.3641],[120.9636,-8.3706],[120.9687,-8.3726],[120.971,-8.3717],[120.9722,-8.3733],[120.9696,-8.3745],[120.9688,-8.3769],[120.9734,-8.3771],[120.9738,-8.3811],[120.9765,-8.3825],[120.9785,-8.3807],[120.9789,-8.3756],[120.985,-8.3742],[120.9848,-8.3781],[120.9875,-8.3803],[120.9856,-8.3823],[120.9903,-8.3838],[120.9904,-8.3889],[120.9921,-8.3899],[120.9896,-8.3921],[120.996,-8.3926],[120.9974,-8.3959],[120.9998,-8.3937],[121.0042,-8.3935],[121.0042,-8.392],[121.0103,-8.3921],[121.0113,-8.3934],[121.0095,-8.394],[121.009,-8.3967],[121.0148,-8.3981],[121.0147,-8.4006],[121.0127,-8.4008],[121.0132,-8.4023],[121.0185,-8.4023],[121.0225,-8.4059],[121.0191,-8.4061],[121.0186,-8.4079],[121.0236,-8.4141],[121.0299,-8.4125],[121.0405,-8.4157],[121.0506,-8.4117],[121.0634,-8.4107],[121.0736,-8.4126],[121.0875,-8.4204],[121.0944,-8.4182],[121.1033,-8.4253],[121.115,-8.4284],[121.1288,-8.4264],[121.1393,-8.4283],[121.1428,-8.4245],[121.1452,-8.4294],[121.1496,-8.4312],[121.1506,-8.4338],[121.1563,-8.4349],[121.1577,-8.4384],[121.1632,-8.4425],[121.1672,-8.4435],[121.1732,-8.4407],[121.1798,-8.4551],[121.1798,-8.4594],[121.1769,-8.4639],[121.1616,-8.4779],[121.165,-8.484],[121.1725,-8.4884],[121.1836,-8.4999],[121.1839,-8.512],[121.1766,-8.5187],[121.1709,-8.5199],[121.1722,-8.5248],[121.1661,-8.534],[121.1574,-8.5405],[121.1524,-8.5471],[121.1451,-8.5496],[121.1431,-8.552],[121.1416,-8.5596],[121.1438,-8.5661],[121.1427,-8.5685],[121.1436,-8.5721],[121.1397,-8.579],[121.1325,-8.5827],[121.1335,-8.5856],[121.1293,-8.5921],[121.1342,-8.5989],[121.1204,-8.6044],[121.1046,-8.6083],[121.1018,-8.6121],[121.0967,-8.6127],[121.0932,-8.6175],[121.0867,-8.6197],[121.0802,-8.6255],[121.0811,-8.6312],[121.08,-8.6351],[121.0844,-8.6403],[121.0832,-8.6455],[121.0813,-8.6469],[121.081,-8.6543],[121.0845,-8.6587],[121.0855,-8.6565],[121.088,-8.6625],[121.0926,-8.6651],[121.0964,-8.664],[121.1078,-8.6711],[121.1071,-8.6744],[121.1126,-8.6767],[121.1074,-8.6787],[121.1089,-8.6817],[121.1158,-8.6834],[121.1167,-8.6861],[121.1211,-8.6872],[121.1256,-8.685],[121.1285,-8.6889],[121.131,-8.6838],[121.1338,-8.6891],[121.1388,-8.6895],[121.1387,-8.692],[121.1422,-8.6903],[121.1495,-8.6932],[121.1487,-8.6947],[121.1456,-8.6945],[121.1453,-8.6978],[121.1416,-8.7011],[121.1385,-8.7011],[121.1363,-8.7031],[121.1333,-8.7017],[121.1318,-8.7039],[121.1307,-8.7023],[121.1278,-8.7024],[121.1239,-8.7037],[121.1245,-8.7055],[121.1226,-8.7084],[121.1156,-8.7095],[121.1147,-8.7138],[121.111,-8.7162],[121.1147,-8.7174],[121.1131,-8.7188],[121.1126,-8.7233],[121.1084,-8.724],[121.1068,-8.7204],[121.1048,-8.7226],[121.1082,-8.7252],[121.105,-8.7262],[121.1055,-8.7283],[121.1022,-8.7322],[121.1,-8.7327],[121.1012,-8.7343],[121.1,-8.7364],[121.1026,-8.7377],[121.1019,-8.7424],[121.105,-8.7467],[121.104,-8.7482],[121.1031,-8.7467],[121.1002,-8.7484],[121.1011,-8.7502],[121.0985,-8.7521],[121.0962,-8.7604],[121.0981,-8.7636],[121.0999,-8.7621],[121.101,-8.7629],[121.0991,-8.7673],[121.1017,-8.7701],[121.1019,-8.7737],[121.1101,-8.7778],[121.1138,-8.7859],[121.1237,-8.7928],[121.1219,-8.8037],[121.1306,-8.8156],[121.133,-8.8271],[121.1367,-8.8353],[121.1362,-8.8375],[121.1394,-8.8399],[121.1401,-8.8431],[121.1328,-8.8512],[121.1217,-8.8558],[121.1207,-8.8622],[121.1167,-8.8678],[121.1152,-8.8748],[121.119,-8.8795],[121.1253,-8.8788],[121.1272,-8.8855],[121.1387,-8.8969],[121.1376,-8.9],[121.1388,-8.9016],[121.138,-8.9025],[121.1375,-8.9008],[121.1343,-8.9001],[121.1364,-8.9019],[121.1339,-8.9047],[121.1306,-8.9056],[121.129,-8.9088],[121.1226,-8.9093],[121.115,-8.9133],[121.1135,-8.916],[121.1057,-8.9163],[121.1028,-8.9192],[121.0971,-8.9204]]]}},{"type":"Feature","properties":{"name":"RoteNdao","name_en":"RoteNdao","admin_level":"5","osm_id":""},"geometry":{"type":"Polygon","coordinates":[[[122.8328,-10.9301],[122.8342,-10.9289],[122.8331,-10.9267],[122.8255,-10.9237],[122.8221,-10.9194],[122.8239,-10.9143],[122.8213,-10.9057],[122.8213,-10.8917],[122.8269,-10.8805],[122.8274,-10.8764],[122.8299,-10.8747],[122.8311,-10.8709],[122.8295,-10.8536],[122.8234,-10.8408],[122.8254,-10.8399],[122.8245,-10.8354],[122.8256,-10.8341],[122.8195,-10.8204],[122.818,-10.8211],[122.8172,-10.8186],[122.813,-10.819],[122.8119,-10.8174],[122.8128,-10.8161],[122.8037,-10.8025],[122.81,-10.782],[122.8232,-10.78],[122.8259,-10.7827],[122.8229,-10.7848],[122.8233,-10.7866],[122.8245,-10.7852],[122.8372,-10.7879],[122.8376,-10.7831],[122.8333,-10.7782],[122.8341,-10.7742],[122.8468,-10.7706],[122.8583,-10.7588],[122.866,-10.756],[122.8889,-10.7574],[122.898,-10.7553],[122.9004,-10.7544],[122.9002,-10.752],[122.9111,-10.7495],[122.9129,-10.7464],[122.9209,-10.7455],[122.9225,-10.7472],[122.93,-10.7423],[122.9326,-10.7443],[122.9317,-10.7382],[122.9335,-10.7365],[122.9379,-10.7374],[122.9475,-10.7462],[122.9563,-10.7441],[122.9589,-10.7418],[122.9742,-10.7432],[122.9798,-10.7409],[122.9808,-10.7421],[122.9852,-10.7396],[122.9847,-10.7364],[122.9868,-10.7332],[122.9913,-10.7337],[122.9948,-10.7318],[123.0012,-10.733],[123.0076,-10.7316],[123.0079,-10.7301],[123.0138,-10.7301],[123.0169,-10.7318],[123.0172,-10.7349],[123.0205,-10.7346],[123.0238,-10.7326],[123.0225,-10.7295],[123.0241,-10.7284],[123.0229,-10.7279],[123.0287,-10.7249],[123.0368,-10.7306],[123.0395,-10.7289],[123.0427,-10.7294],[123.0436,-10.7261],[123.0479,-10.7253],[123.0516,-10.7188],[123.0605,-10.7097],[123.0623,-10.7061],[123.0615,-10.7031],[123.0629,-10.7039],[123.0639,-10.7023],[123.0677,-10.7049],[123.0734,-10.701],[123.0745,-10.6979],[123.0737,-10.6955],[123.071,-10.6947],[123.0712,-10.6931],[123.0766,-10.693],[123.0804,-10.6893],[123.0873,-10.6867],[123.0931,-10.6807],[123.0938,-10.6715],[123.0992,-10.6746],[123.1088,-10.6702],[123.1089,-10.6667],[123.1069,-10.6652],[123.1089,-10.6638],[123.1083,-10.6617],[123.1099,-10.6636],[123.1159,-10.6618],[123.1292,-10.6435],[123.1328,-10.6443],[123.1338,-10.6476],[123.1419,-10.6516],[123.149,-10.6528],[123.1532,-10.6503],[123.1618,-10.6493],[123.1633,-10.6466],[123.1619,-10.6447],[123.1677,-10.6439],[123.1778,-10.6371],[123.1805,-10.6308],[123.1911,-10.6199],[123.1919,-10.6142],[123.1896,-10.604],[123.1949,-10.5938],[123.2069,-10.5914],[123.2217,-10.5971],[123.2215,-10.6009],[123.226,-10.6011],[123.2309,-10.6059],[123.2346,-10.6048],[123.2374,-10.6014],[123.2464,-10.6046],[123.2602,-10.606],[123.2673,-10.6008],[123.2694,-10.604],[123.2748,-10.6048],[123.2822,-10.6],[123.2878,-10.5991],[123.2941,-10.5935],[123.2965,-10.5953],[123.3015,-10.5954],[123.3102,-10.5933],[123.3123,-10.5912],[123.316,-10.5811],[123.3133,-10.5766],[123.3001,-10.5773],[123.2865,-10.5804],[123.2762,-10.5797],[123.2642,-10.5933],[123.2584,-10.5958],[123.2549,-10.6031],[123.2448,-10.6029],[123.2291,-10.5959],[123.2244,-10.5966],[123.2207,-10.5926],[123.2185,-10.5842],[123.2132,-10.5797],[123.221,-10.5695],[123.2334,-10.5649],[123.2344,-10.5592],[123.2427,-10.5491],[123.25,-10.5358],[123.2645,-10.5205],[123.2728,-10.5183],[123.2796,-10.5193],[123.2841,-10.5146],[123.284,-10.5123],[123.2875,-10.5174],[123.2953,-10.509],[123.3264,-10.5004],[123.3393,-10.4861],[123.3491,-10.4823],[123.3501,-10.4832],[123.3482,-10.4847],[123.3495,-10.4874],[123.3559,-10.4844],[123.3556,-10.4817],[123.3587,-10.4828],[123.3592,-10.481],[123.3623,-10.4809],[123.3632,-10.4829],[123.3646,-10.4793],[123.3657,-10.4789],[123.3652,-10.4803],[123.3696,-10.478],[123.3698,-10.4763],[123.365,-10.4698],[123.372,-10.4655],[123.3758,-10.4573],[123.3717,-10.4531],[123.3726,-10.448],[123.3688,-10.4421],[123.3741,-10.4314],[123.3799,-10.4312],[123.3858,-10.439],[123.4048,-10.455],[123.4077,-10.4594],[123.4102,-10.4704],[123.4194,-10.4697],[123.4259,-10.4721],[123.4197,-10.4716],[123.4119,-10.4728],[123.4049,-10.4753],[123.4046,-10.4713],[123.3988,-10.4777],[123.3961,-10.4768],[123.3909,-10.4804],[123.3891,-10.4838],[123.3903,-10.4855],[123.385,-10.4899],[123.3843,-10.4881],[123.3829,-10.4882],[123.3832,-10.4948],[123.382,-10.494],[123.3777,-10.5021],[123.3838,-10.4973],[123.3842,-10.4948],[123.3847,-10.496],[123.3875,-10.4933],[123.3873,-10.5029],[123.3891,-10.4999],[123.3886,-10.4967],[123.3904,-10.4984],[123.3911,-10.496],[123.3912,-10.501],[123.3922,-10.4997],[123.3962,-10.5016],[123.3982,-10.5008],[123.3999,-10.5052],[123.3965,-10.5087],[123.3944,-10.5058],[123.3934,-10.5087],[123.3909,-10.5093],[123.3896,-10.5161],[123.3913,-10.5188],[123.3904,-10.5237],[123.3897,-10.5208],[123.386,-10.5238],[123.3811,-10.5334],[123.3796,-10.5298],[123.3776,-10.53],[123.3756,-10.5249],[123.3716,-10.531],[123.3722,-10.5279],[123.3687,-10.5294],[123.3683,-10.5352],[123.3657,-10.5331],[123.3647,-10.5421],[123.3634,-10.5449],[123.3614,-10.5456],[123.3609,-10.5486],[123.3573,-10.5459],[123.3584,-10.5505],[123.3592,-10.5491],[123.3613,-10.5494],[123.3585,-10.5513],[123.3615,-10.5555],[123.3634,-10.552],[123.3676,-10.554],[123.3726,-10.5525],[123.3698,-10.5586],[123.3725,-10.5618],[123.3734,-10.5558],[123.3762,-10.5514],[123.3792,-10.5525],[123.3807,-10.5613],[123.3843,-10.5633],[123.3835,-10.5685],[123.3775,-10.5762],[123.3737,-10.5777],[123.3685,-10.5835],[123.3638,-10.5835],[123.3661,-10.5811],[123.3631,-10.5827],[123.3603,-10.582],[123.3513,-10.5861],[123.3456,-10.5855],[123.3425,-10.5867],[123.3432,-10.589],[123.3492,-10.5911],[123.3511,-10.5971],[123.3546,-10.5986],[123.358,-10.5983],[123.3632,-10.601],[123.3706,-10.5996],[123.3764,-10.601],[123.3814,-10.5987],[123.3817,-10.5969],[123.3894,-10.5969],[123.4046,-10.6092],[123.4119,-10.61],[123.4164,-10.6088],[123.4206,-10.6137],[123.4258,-10.625],[123.4251,-10.6354],[123.4271,-10.6393],[123.425,-10.6483],[123.4258,-10.6527],[123.4274,-10.6521],[123.4257,-10.6558],[123.4267,-10.6565],[123.4254,-10.6579],[123.4253,-10.6564],[123.4237,-10.6562],[123.4194,-10.6573],[123.4117,-10.6613],[123.407,-10.6661],[123.406,-10.6704],[123.4096,-10.6746],[123.4084,-10.6784],[123.4043,-10.6843],[123.3994,-10.6875],[123.3958,-10.6866],[123.3948,-10.6831],[123.3926,-10.6814],[123.3858,-10.6877],[123.3801,-10.6907],[123.3743,-10.6868],[123.3682,-10.6883],[123.3662,-10.6826],[123.3641,-10.6812],[123.3597,-10.6828],[123.3567,-10.6862],[123.3547,-10.6836],[123.3506,-10.6841],[123.3474,-10.6867],[123.3448,-10.6858],[123.3434,-10.6819],[123.3417,-10.6849],[123.34,-10.6849],[123.3373,-10.6778],[123.3313,-10.6783],[123.3273,-10.6835],[123.3307,-10.6873],[123.329,-10.6919],[123.3249,-10.6925],[123.325,-10.694],[123.3208,-10.6955],[123.3212,-10.6969],[123.3178,-10.6998],[123.3114,-10.6993],[123.31,-10.7001],[123.3105,-10.7031],[123.306,-10.7034],[123.3041,-10.7054],[123.3043,-10.7127],[123.3006,-10.7169],[123.3,-10.7203],[123.2961,-10.7198],[123.2942,-10.7236],[123.2873,-10.7245],[123.2842,-10.728],[123.2703,-10.7296],[123.2663,-10.734],[123.2617,-10.7331],[123.259,-10.7351],[123.2552,-10.7333],[123.2532,-10.7344],[123.2457,-10.7459],[123.2478,-10.75],[123.2407,-10.7493],[123.2368,-10.7535],[123.2369,-10.7568],[123.243,-10.764],[123.243,-10.7726],[123.2449,-10.7769],[123.2412,-10.7855],[123.2298,-10.7994],[123.2281,-10.8187],[123.2231,-10.8261],[123.2246,-10.8277],[123.2229,-10.8295],[123.2201,-10.8264],[123.2209,-10.8243],[123.2183,-10.825],[123.2154,-10.8217],[123.2132,-10.8228],[123.2079,-10.8194],[123.2093,-10.8238],[123.2056,-10.8231],[123.1984,-10.8253],[123.1962,-10.8283],[123.195,-10.8335],[123.1964,-10.8334],[123.189,-10.8369],[123.1821,-10.8342],[123.1883,-10.8346],[123.1799,-10.8306],[123.1797,-10.8289],[123.1738,-10.8283],[123.1709,-10.8263],[123.1704,-10.8244],[123.1607,-10.818],[123.1615,-10.8172],[123.1558,-10.8168],[123.1505,-10.8137],[123.1354,-10.8163],[123.1326,-10.8155],[123.1256,-10.8181],[123.1026,-10.8316],[123.1019,-10.8344],[123.1005,-10.8342],[123.0984,-10.8371],[123.1007,-10.8366],[123.0939,-10.8449],[123.0941,-10.8479],[123.0897,-10.8567],[123.0859,-10.8578],[123.0794,-10.8547],[123.0756,-10.8554],[123.0754,-10.8517],[123.0706,-10.8477],[123.0693,-10.8497],[123.0697,-10.8545],[123.0672,-10.8569],[123.0635,-10.8562],[123.0628,-10.8579],[123.0611,-10.8578],[123.0601,-10.8619],[123.058,-10.8637],[123.0569,-10.8617],[123.0582,-10.8586],[123.052,-10.8556],[123.0257,-10.8591],[123.0206,-10.8627],[123.0182,-10.8666],[123.0152,-10.8676],[123.0141,-10.8623],[123.011,-10.8644],[123.0055,-10.8589],[122.9974,-10.8587],[122.9884,-10.8606],[122.9822,-10.8653],[122.9789,-10.865],[122.9687,-10.8702],[122.9638,-10.8755],[122.9645,-10.8791],[122.9582,-10.8785],[122.958,-10.8808],[122.9531,-10.8816],[122.9527,-10.8838],[122.9504,-10.8841],[122.9496,-10.8871],[122.9528,-10.8884],[122.9526,-10.8912],[122.949,-10.8929],[122.9557,-10.8984],[122.9645,-10.9005],[122.9643,-10.9031],[122.9665,-10.9061],[122.9696,-10.9067],[122.9721,-10.9098],[122.973,-10.9133],[122.9705,-10.9151],[122.9608,-10.9077],[122.9598,-10.9091],[122.9574,-10.9086],[122.9493,-10.904],[122.9399,-10.911],[122.9258,-10.916],[122.9239,-10.9191],[122.9232,-10.9149],[122.9217,-10.9149],[122.9195,-10.9206],[122.9114,-10.9249],[122.9065,-10.9226],[122.9089,-10.9186],[122.9101,-10.9119],[122.9091,-10.9101],[122.9052,-10.9119],[122.9033,-10.9113],[122.9054,-10.9174],[122.9032,-10.9207],[122.8999,-10.9213],[122.8973,-10.9194],[122.9017,-10.9129],[122.9011,-10.9109],[122.8912,-10.9133],[122.8906,-10.9106],[122.8909,-10.9122],[122.888,-10.9147],[122.8888,-10.9103],[122.8865,-10.914],[122.8858,-10.9126],[122.8824,-10.9132],[122.8825,-10.9156],[122.8753,-10.9167],[122.8747,-10.9143],[122.8624,-10.9174],[122.8576,-10.927],[122.8578,-10.9286],[122.8601,-10.9282],[122.8582,-10.9362],[122.8558,-10.9398],[122.8473,-10.9415],[122.8469,-10.9431],[122.844,-10.9384],[122.8408,-10.9379],[122.8354,-10.932],[122.8321,-10.9309],[122.8328,-10.9301]]]}},{"type":"Feature","properties":{"name":"SabuRaijua","name_en":"SabuRaijua","admin_level":"5","osm_id":""},"geometry":{"type":"Polygon","coordinates":[[[121.7578,-10.6133],[121.7539,-10.613],[121.7493,-10.6151],[121.7442,-10.6114],[121.7388,-10.6032],[121.7308,-10.6017],[121.7087,-10.5913],[121.7065,-10.592],[121.6854,-10.5793],[121.6842,-10.5779],[121.6854,-10.5751],[121.701,-10.567],[121.7071,-10.5654],[121.7275,-10.5498],[121.7636,-10.5357],[121.7739,-10.5254],[121.7912,-10.5156],[121.7962,-10.5145],[121.8003,-10.5106],[121.818,-10.507],[121.8226,-10.5028],[121.8338,-10.4985],[121.8382,-10.4903],[121.8408,-10.489],[121.8404,-10.4779],[121.8465,-10.461],[121.8438,-10.4543],[121.8444,-10.4504],[121.857,-10.4379],[121.8819,-10.4254],[121.8983,-10.4198],[121.9091,-10.4187],[121.9234,-10.4212],[121.9431,-10.4281],[121.9648,-10.4415],[121.9705,-10.4427],[121.9936,-10.4411],[121.9979,-10.4422],[122.0019,-10.4456],[122.0059,-10.453],[122.0081,-10.4652],[122.0059,-10.4709],[121.9966,-10.482],[121.9935,-10.4891],[121.9967,-10.5015],[121.993,-10.5172],[121.9972,-10.523],[121.9962,-10.5275],[121.9926,-10.5327],[121.994,-10.5348],[121.9853,-10.5426],[121.9849,-10.5446],[121.9882,-10.5457],[121.9862,-10.5509],[121.9764,-10.5506],[121.9726,-10.549],[121.9628,-10.5498],[121.9572,-10.5514],[121.9505,-10.5564],[121.9462,-10.5568],[121.9474,-10.5578],[121.9448,-10.5604],[121.9379,-10.5632],[121.9349,-10.5671],[121.9281,-10.5712],[121.9265,-10.575],[121.9187,-10.5802],[121.9122,-10.5905],[121.897,-10.5953],[121.8825,-10.6091],[121.8809,-10.6143],[121.8749,-10.6183],[121.8741,-10.6162],[121.8696,-10.616],[121.8633,-10.6227],[121.8605,-10.6232],[121.8593,-10.62],[121.8556,-10.6194],[121.8466,-10.6213],[121.8419,-10.6252],[121.8378,-10.6259],[121.8271,-10.6225],[121.8165,-10.6141],[121.8063,-10.6128],[121.795,-10.6068],[121.789,-10.609],[121.7824,-10.6076],[121.7707,-10.6082],[121.7578,-10.6133]]]}},{"type":"Feature","properties":{"name":"Sikka","name_en":"Sikka","admin_level":"5","osm_id":""},"geometry":{"type":"Polygon","coordinates":[[[121.9956,-8.8045],[121.9903,-8.7954],[121.9919,-8.7926],[121.9914,-8.7766],[121.9954,-8.7741],[121.9955,-8.7676],[121.9906,-8.7553],[121.9838,-8.7512],[121.9706,-8.7509],[121.9689,-8.7593],[121.9671,-8.7605],[121.9648,-8.7566],[121.9595,-8.7558],[121.9549,-8.7521],[121.9518,-8.7521],[121.9438,-8.7415],[121.9443,-8.737],[121.9405,-8.7263],[121.9306,-8.7198],[121.927,-8.7121],[121.9283,-8.7086],[121.9368,-8.7053],[121.9379,-8.6995],[121.9425,-8.6928],[121.9484,-8.6768],[121.9587,-8.6705],[121.9585,-8.6575],[121.962,-8.6444],[121.9606,-8.6365],[121.9625,-8.6321],[121.9658,-8.63],[121.9642,-8.629],[121.9657,-8.6273],[121.9719,-8.6254],[121.9626,-8.6162],[121.9682,-8.611],[121.9844,-8.6099],[121.9821,-8.6048],[121.9857,-8.5957],[121.9855,-8.5914],[121.9804,-8.5847],[121.9797,-8.5771],[121.9848,-8.576],[121.9882,-8.5673],[121.9809,-8.5627],[121.9768,-8.5506],[121.9805,-8.5453],[121.9865,-8.5434],[121.9899,-8.5401],[121.9912,-8.5347],[121.9973,-8.5272],[121.9988,-8.5198],[122.0006,-8.5192],[122.0002,-8.5159],[122.0102,-8.5133],[122.0093,-8.5191],[122.0115,-8.5246],[122.0184,-8.5306],[122.0205,-8.5303],[122.0238,-8.5258],[122.0262,-8.5254],[122.0313,-8.5291],[122.0376,-8.5284],[122.0401,-8.5265],[122.0406,-8.5207],[122.0423,-8.5192],[122.0466,-8.5253],[122.0565,-8.53],[122.0611,-8.5279],[122.0598,-8.5247],[122.0614,-8.5221],[122.0628,-8.5235],[122.065,-8.521],[122.0683,-8.5242],[122.0713,-8.5225],[122.0722,-8.5247],[122.0776,-8.5267],[122.0799,-8.5301],[122.0812,-8.5404],[122.0839,-8.543],[122.0895,-8.5432],[122.0919,-8.5396],[122.0886,-8.5369],[122.0882,-8.5275],[122.0923,-8.5325],[122.0979,-8.5294],[122.1045,-8.5289],[122.106,-8.5314],[122.1177,-8.5369],[122.1272,-8.5441],[122.132,-8.5429],[122.1325,-8.5453],[122.1397,-8.5499],[122.1521,-8.5526],[122.1594,-8.5558],[122.17,-8.5658],[122.1756,-8.575],[122.1823,-8.5793],[122.1851,-8.588],[122.1921,-8.591],[122.196,-8.5994],[122.1993,-8.6001],[122.2005,-8.6025],[122.2034,-8.5979],[122.2039,-8.6003],[122.2021,-8.6039],[122.2083,-8.6026],[122.2093,-8.6036],[122.2071,-8.6054],[122.2079,-8.6074],[122.211,-8.6053],[122.2165,-8.6079],[122.2181,-8.6148],[122.2204,-8.6142],[122.2191,-8.6165],[122.2213,-8.62],[122.2276,-8.6222],[122.2336,-8.6268],[122.2399,-8.6276],[122.2513,-8.6327],[122.2618,-8.634],[122.2672,-8.6327],[122.2672,-8.6343],[122.2722,-8.6368],[122.2804,-8.6364],[122.2915,-8.6422],[122.2969,-8.6422],[122.3022,-8.638],[122.3087,-8.6362],[122.3134,-8.632],[122.318,-8.6325],[122.3195,-8.6291],[122.3296,-8.6185],[122.3347,-8.619],[122.3378,-8.6167],[122.3418,-8.6185],[122.3496,-8.6191],[122.3598,-8.6125],[122.364,-8.6114],[122.3728,-8.6112],[122.3832,-8.6086],[122.3908,-8.6102],[122.3992,-8.608],[122.4078,-8.6121],[122.4189,-8.6076],[122.4334,-8.6083],[122.4418,-8.6047],[122.4507,-8.6032],[122.4588,-8.6043],[122.4616,-8.6031],[122.4718,-8.6095],[122.4749,-8.6084],[122.4844,-8.5943],[122.4863,-8.5837],[122.4903,-8.5828],[122.4919,-8.5796],[122.4949,-8.5796],[122.496,-8.5737],[122.4998,-8.5707],[122.4997,-8.5667],[122.5034,-8.5628],[122.5058,-8.5573],[122.5079,-8.5551],[122.5106,-8.555],[122.5134,-8.5496],[122.5167,-8.5488],[122.5176,-8.5471],[122.5145,-8.5422],[122.5141,-8.5373],[122.5185,-8.5284],[122.518,-8.5264],[122.5136,-8.5266],[122.5117,-8.5232],[122.507,-8.5199],[122.4968,-8.5172],[122.4886,-8.5092],[122.4789,-8.4936],[122.4797,-8.4897],[122.4825,-8.4884],[122.4821,-8.4867],[122.4913,-8.473],[122.4945,-8.4737],[122.5085,-8.4683],[122.5263,-8.4652],[122.5302,-8.4669],[122.53,-8.4715],[122.5319,-8.4718],[122.5333,-8.4632],[122.5352,-8.4617],[122.5479,-8.4642],[122.5487,-8.4604],[122.5555,-8.455],[122.5597,-8.4485],[122.5592,-8.4456],[122.565,-8.4419],[122.5667,-8.4373],[122.5704,-8.4337],[122.5707,-8.429],[122.5754,-8.4269],[122.5818,-8.4291],[122.5863,-8.4281],[122.5922,-8.4235],[122.5896,-8.4113],[122.5968,-8.4003],[122.5957,-8.3957],[122.5972,-8.3929],[122.6036,-8.3924],[122.6078,-8.3993],[122.6077,-8.397],[122.6095,-8.3988],[122.61,-8.3971],[122.6165,-8.3952],[122.6154,-8.389],[122.6206,-8.3836],[122.6249,-8.3841],[122.6348,-8.3813],[122.6553,-8.3901],[122.662,-8.3903],[122.6688,-8.3891],[122.6822,-8.3833],[122.6835,-8.3861],[122.6824,-8.3956],[122.6841,-8.3998],[122.6825,-8.4069],[122.6765,-8.4133],[122.6781,-8.4194],[122.6838,-8.4218],[122.6847,-8.4387],[122.6791,-8.4553],[122.6734,-8.4597],[122.6777,-8.4626],[122.6765,-8.467],[122.6821,-8.4736],[122.6869,-8.4847],[122.6799,-8.497],[122.6805,-8.5003],[122.6742,-8.5028],[122.671,-8.5126],[122.6648,-8.5196],[122.6665,-8.5258],[122.664,-8.5322],[122.6634,-8.5477],[122.6592,-8.5527],[122.6585,-8.5605],[122.6557,-8.5623],[122.6561,-8.5692],[122.6519,-8.5818],[122.6515,-8.5989],[122.6492,-8.6043],[122.6514,-8.6072],[122.6489,-8.6152],[122.6499,-8.6202],[122.6484,-8.6276],[122.6542,-8.6371],[122.6507,-8.636],[122.6481,-8.6365],[122.6479,-8.6379],[122.6458,-8.6365],[122.6297,-8.64],[122.6244,-8.6507],[122.6182,-8.6555],[122.6103,-8.6494],[122.6043,-8.6491],[122.598,-8.6522],[122.5869,-8.6624],[122.5774,-8.6651],[122.5669,-8.6644],[122.5572,-8.6663],[122.5523,-8.6783],[122.5466,-8.6844],[122.5463,-8.6884],[122.5427,-8.6919],[122.5397,-8.7013],[122.533,-8.7036],[122.5284,-8.709],[122.5227,-8.708],[122.5203,-8.7092],[122.5189,-8.712],[122.5101,-8.7162],[122.51,-8.7182],[122.5062,-8.7166],[122.5007,-8.7185],[122.4989,-8.722],[122.4955,-8.7191],[122.4924,-8.7188],[122.489,-8.7189],[122.488,-8.7208],[122.4837,-8.722],[122.4771,-8.7226],[122.4705,-8.7286],[122.4703,-8.7324],[122.4676,-8.7315],[122.4667,-8.7334],[122.4615,-8.7322],[122.4527,-8.7368],[122.4484,-8.7351],[122.4458,-8.7367],[122.4427,-8.7331],[122.4399,-8.7333],[122.4388,-8.7367],[122.4363,-8.7336],[122.4342,-8.7334],[122.4289,-8.7356],[122.4222,-8.7417],[122.4212,-8.7445],[122.4162,-8.741],[122.411,-8.7455],[122.4084,-8.7442],[122.3828,-8.7447],[122.3762,-8.7525],[122.3716,-8.7513],[122.3685,-8.7527],[122.368,-8.7508],[122.3642,-8.7501],[122.3615,-8.7468],[122.3464,-8.7408],[122.3333,-8.7392],[122.3302,-8.7418],[122.3232,-8.7424],[122.3123,-8.7407],[122.3067,-8.7418],[122.2994,-8.7461],[122.2913,-8.7468],[122.2862,-8.7498],[122.284,-8.7545],[122.2802,-8.7547],[122.2664,-8.7526],[122.257,-8.7495],[122.255,-8.747],[122.2499,-8.7477],[122.2444,-8.7433],[122.2412,-8.7444],[122.2376,-8.7421],[122.2346,-8.7449],[122.2321,-8.743],[122.2165,-8.7446],[122.2131,-8.7499],[122.2056,-8.7508],[122.2006,-8.7484],[122.196,-8.75],[122.1816,-8.7325],[122.1751,-8.7298],[122.1463,-8.7282],[122.1437,-8.7295],[122.1327,-8.7293],[122.1288,-8.7311],[122.1152,-8.7297],[122.1131,-8.7306],[122.1121,-8.734],[122.0961,-8.7362],[122.084,-8.7414],[122.0786,-8.7466],[122.075,-8.7594],[122.0661,-8.764],[122.0571,-8.7656],[122.0525,-8.7681],[122.0465,-8.7793],[122.0365,-8.7846],[122.032,-8.791],[122.0329,-8.7928],[122.0311,-8.7952],[122.0255,-8.7953],[122.0213,-8.7991],[122.0196,-8.796],[122.0154,-8.7958],[122.012,-8.7995],[122.0093,-8.7992],[122.0049,-8.8023],[122.0049,-8.8047],[122.0014,-8.8059],[122.001,-8.8077],[121.9956,-8.8045]]]}},{"type":"Feature","properties":{"name":"SumbaBarat","name_en":"SumbaBarat","admin_level":"5","osm_id":""},"geometry":{"type":"Polygon","coordinates":[[[119.4152,-9.7641],[119.4122,-9.7672],[119.4106,-9.7723],[119.409,-9.7805],[119.411,-9.7836],[119.4103,-9.7881],[119.3969,-9.7966],[119.3898,-9.7971],[119.3845,-9.7958],[119.3746,-9.7858],[119.3757,-9.7837],[119.3734,-9.7757],[119.3617,-9.7671],[119.3568,-9.7657],[119.3516,-9.7606],[119.3369,-9.7581],[119.3319,-9.7614],[119.332,-9.7645],[119.3296,-9.7653],[119.3303,-9.7671],[119.329,-9.768],[119.3186,-9.7664],[119.3107,-9.7601],[119.3067,-9.7491],[119.3013,-9.7444],[119.2868,-9.749],[119.2833,-9.7474],[119.284,-9.7462],[119.2825,-9.7449],[119.2792,-9.7462],[119.2745,-9.7445],[119.2724,-9.746],[119.2715,-9.7448],[119.2588,-9.7459],[119.2557,-9.7485],[119.2554,-9.7473],[119.2536,-9.7479],[119.2537,-9.7467],[119.2515,-9.7474],[119.2512,-9.745],[119.2485,-9.7466],[119.2489,-9.7452],[119.2469,-9.7454],[119.2472,-9.743],[119.2455,-9.742],[119.2321,-9.7448],[119.2261,-9.7426],[119.223,-9.7385],[119.2187,-9.7377],[119.1993,-9.7441],[119.1926,-9.7496],[119.1938,-9.7518],[119.192,-9.7572],[119.1885,-9.7593],[119.1871,-9.7579],[119.1853,-9.7589],[119.1834,-9.7539],[119.1842,-9.752],[119.1788,-9.7444],[119.1725,-9.7407],[119.1683,-9.7428],[119.1674,-9.7413],[119.1631,-9.7422],[119.159,-9.7366],[119.1446,-9.73],[119.1458,-9.7276],[119.1442,-9.7243],[119.1486,-9.7186],[119.1436,-9.7091],[119.148,-9.7035],[119.1475,-9.694],[119.1522,-9.6856],[119.1542,-9.6782],[119.1577,-9.6751],[119.1578,-9.6718],[119.1636,-9.6672],[119.1626,-9.6629],[119.1658,-9.6609],[119.1664,-9.6581],[119.1708,-9.6601],[119.1769,-9.6553],[119.1777,-9.6524],[119.1826,-9.6528],[119.1873,-9.6488],[119.1894,-9.6489],[119.1924,-9.6521],[119.1931,-9.6486],[119.1967,-9.648],[119.1991,-9.6503],[119.202,-9.6585],[119.2159,-9.6773],[119.2341,-9.6899],[119.2446,-9.6873],[119.2466,-9.6848],[119.2629,-9.6788],[119.2671,-9.6792],[119.2792,-9.6846],[119.2947,-9.6793],[119.3051,-9.6708],[119.3133,-9.6574],[119.3295,-9.623],[119.3333,-9.6186],[119.3351,-9.6206],[119.3368,-9.6195],[119.3386,-9.6217],[119.3378,-9.6227],[119.3427,-9.6237],[119.3487,-9.6197],[119.3503,-9.6206],[119.3546,-9.618],[119.3531,-9.6156],[119.355,-9.613],[119.3606,-9.6157],[119.3665,-9.6156],[119.369,-9.609],[119.3723,-9.6068],[119.374,-9.5983],[119.3879,-9.5897],[119.4054,-9.5691],[119.4136,-9.5624],[119.408,-9.55],[119.4052,-9.5478],[119.3971,-9.546],[119.3929,-9.5406],[119.3954,-9.5333],[119.3952,-9.5244],[119.3917,-9.5222],[119.3919,-9.5204],[119.3846,-9.5126],[119.3871,-9.5046],[119.3842,-9.5051],[119.3832,-9.5014],[119.3778,-9.5041],[119.3772,-9.5032],[119.3755,-9.4793],[119.3767,-9.4736],[119.3767,-9.4265],[119.3783,-9.4189],[119.3956,-9.3921],[119.3948,-9.388],[119.3915,-9.3858],[119.3908,-9.3831],[119.3964,-9.3819],[119.4058,-9.3745],[119.4118,-9.3735],[119.4165,-9.3743],[119.4156,-9.3762],[119.4212,-9.4124],[119.4267,-9.417],[119.4287,-9.4167],[119.4278,-9.4206],[119.4297,-9.4217],[119.4265,-9.4236],[119.4295,-9.4265],[119.4317,-9.4262],[119.4308,-9.4302],[119.4327,-9.4293],[119.4342,-9.4308],[119.4308,-9.4322],[119.4332,-9.4355],[119.4325,-9.4383],[119.4363,-9.44],[119.4348,-9.4424],[119.4364,-9.442],[119.4366,-9.4444],[119.4387,-9.4432],[119.4394,-9.4475],[119.4417,-9.4467],[119.4408,-9.45],[119.443,-9.4524],[119.4417,-9.4543],[119.4452,-9.455],[119.4437,-9.4564],[119.4454,-9.4589],[119.4434,-9.4654],[119.4494,-9.4639],[119.4501,-9.4684],[119.455,-9.469],[119.4563,-9.4741],[119.4534,-9.4742],[119.4506,-9.4773],[119.4556,-9.4785],[119.4557,-9.4841],[119.4595,-9.4898],[119.465,-9.4936],[119.4648,-9.4987],[119.4594,-9.5005],[119.458,-9.5026],[119.4595,-9.5056],[119.4659,-9.5148],[119.4729,-9.5204],[119.4755,-9.5278],[119.4804,-9.5252],[119.489,-9.5282],[119.4967,-9.5268],[119.5077,-9.5338],[119.5186,-9.5361],[119.5149,-9.5424],[119.5161,-9.5603],[119.5131,-9.5682],[119.5077,-9.577],[119.495,-9.587],[119.4806,-9.6055],[119.4839,-9.621],[119.4819,-9.6264],[119.4826,-9.6301],[119.4888,-9.6348],[119.4881,-9.64],[119.4852,-9.6445],[119.4849,-9.65],[119.4877,-9.6552],[119.4814,-9.6571],[119.4786,-9.6604],[119.4763,-9.6656],[119.4711,-9.6701],[119.4727,-9.6746],[119.4694,-9.6766],[119.4707,-9.6803],[119.475,-9.6806],[119.4779,-9.6834],[119.4804,-9.682],[119.4832,-9.6839],[119.4925,-9.6788],[119.4974,-9.6795],[119.4989,-9.6815],[119.502,-9.6803],[119.5123,-9.6806],[119.5215,-9.6826],[119.5322,-9.6887],[119.5348,-9.6939],[119.5255,-9.7061],[119.52,-9.7108],[119.5108,-9.7267],[119.5093,-9.7264],[119.51,-9.7286],[119.5067,-9.7296],[119.5079,-9.7334],[119.5062,-9.7382],[119.5069,-9.7411],[119.5403,-9.7419],[119.5414,-9.75],[119.543,-9.7517],[119.5405,-9.7553],[119.5389,-9.7627],[119.5363,-9.7639],[119.5359,-9.7664],[119.5345,-9.765],[119.5269,-9.7666],[119.5133,-9.7576],[119.5116,-9.7576],[119.511,-9.7603],[119.51,-9.7602],[119.5104,-9.7586],[119.5057,-9.7535],[119.5025,-9.7538],[119.5019,-9.7563],[119.5011,-9.7549],[119.4896,-9.7518],[119.482,-9.7446],[119.476,-9.7423],[119.4692,-9.7409],[119.4591,-9.7414],[119.4542,-9.7427],[119.4485,-9.7473],[119.4469,-9.7516],[119.4476,-9.755],[119.4401,-9.755],[119.4365,-9.7577],[119.4349,-9.7562],[119.4239,-9.758],[119.4183,-9.7604],[119.4152,-9.7641]]]}},{"type":"Feature","properties":{"name":"SumbaBaratDaya","name_en":"SumbaBaratDaya","admin_level":"5","osm_id":""},"geometry":{"type":"Polygon","coordinates":[[[119.1396,-9.7284],[119.1377,-9.7278],[119.1346,-9.7309],[119.1326,-9.7291],[119.1314,-9.7308],[119.1302,-9.7293],[119.128,-9.7299],[119.1292,-9.7274],[119.1248,-9.727],[119.1234,-9.7249],[119.1178,-9.7265],[119.1157,-9.7207],[119.1051,-9.7135],[119.0924,-9.7142],[119.0914,-9.7158],[119.0909,-9.7135],[119.0749,-9.7024],[119.0622,-9.6972],[119.0595,-9.6995],[119.0579,-9.6986],[119.0556,-9.6955],[119.0491,-9.6925],[119.0468,-9.6892],[119.0262,-9.6751],[119.0091,-9.6463],[119.0052,-9.6331],[118.995,-9.6266],[118.9865,-9.6154],[118.9849,-9.6107],[118.9861,-9.6077],[118.9719,-9.5979],[118.9291,-9.5598],[118.9271,-9.5514],[118.933,-9.533],[118.9428,-9.5125],[118.9527,-9.501],[118.9645,-9.482],[118.9666,-9.4818],[118.9664,-9.4804],[118.9713,-9.4774],[118.9717,-9.475],[118.9898,-9.4563],[119.004,-9.4464],[119.0309,-9.432],[119.0515,-9.4246],[119.0739,-9.4234],[119.0821,-9.4189],[119.0946,-9.4219],[119.1013,-9.4215],[119.1093,-9.4159],[119.114,-9.409],[119.1371,-9.3958],[119.1536,-9.3839],[119.1781,-9.3748],[119.1942,-9.3749],[119.2076,-9.3868],[119.2197,-9.391],[119.2251,-9.3894],[119.2368,-9.3786],[119.2523,-9.3715],[119.2624,-9.3684],[119.2715,-9.3683],[119.2859,-9.3598],[119.2985,-9.3571],[119.3063,-9.3596],[119.3171,-9.3675],[119.3255,-9.3714],[119.3481,-9.3772],[119.3542,-9.3768],[119.3754,-9.3801],[119.3839,-9.3831],[119.3908,-9.3831],[119.3915,-9.3858],[119.3948,-9.388],[119.3956,-9.3921],[119.3805,-9.4138],[119.3767,-9.4265],[119.3767,-9.4736],[119.3755,-9.4793],[119.3771,-9.5026],[119.3778,-9.5041],[119.3832,-9.5014],[119.3842,-9.5051],[119.3871,-9.5046],[119.3846,-9.5126],[119.3919,-9.5204],[119.3917,-9.5222],[119.3953,-9.5247],[119.3954,-9.5333],[119.3929,-9.5406],[119.3971,-9.546],[119.4052,-9.5478],[119.408,-9.55],[119.4136,-9.5624],[119.4054,-9.5691],[119.3879,-9.5897],[119.374,-9.5983],[119.3723,-9.6068],[119.369,-9.609],[119.3665,-9.6156],[119.3606,-9.6157],[119.355,-9.613],[119.3531,-9.6156],[119.3546,-9.618],[119.3503,-9.6206],[119.3487,-9.6197],[119.3427,-9.6237],[119.3378,-9.6227],[119.3386,-9.6217],[119.3368,-9.6195],[119.3351,-9.6206],[119.3333,-9.6186],[119.3295,-9.623],[119.3133,-9.6574],[119.3042,-9.6722],[119.2887,-9.6818],[119.2776,-9.6845],[119.264,-9.6787],[119.2493,-9.6836],[119.2446,-9.6873],[119.2341,-9.6899],[119.2159,-9.6773],[119.202,-9.6585],[119.1991,-9.6503],[119.1965,-9.6478],[119.1931,-9.6486],[119.1924,-9.6521],[119.1888,-9.6487],[119.1826,-9.6528],[119.1787,-9.6518],[119.1769,-9.6553],[119.1706,-9.6601],[119.1663,-9.6581],[119.1658,-9.6609],[119.1625,-9.663],[119.1628,-9.6687],[119.1575,-9.6721],[119.1578,-9.6749],[119.1543,-9.6779],[119.1522,-9.6856],[119.1485,-9.6904],[119.147,-9.6983],[119.148,-9.7035],[119.1436,-9.7091],[119.1486,-9.7186],[119.1442,-9.7243],[119.1458,-9.7276],[119.1446,-9.73],[119.1396,-9.7284]]]}},{"type":"Feature","properties":{"name":"SumbaTengah","name_en":"SumbaTengah","admin_level":"5","osm_id":""},"geometry":{"type":"Polygon","coordinates":[[[119.7157,-9.3867],[119.7364,-9.3894],[119.7615,-9.3857],[119.7731,-9.3968],[119.7843,-9.3996],[119.7966,-9.399],[119.807,-9.3939],[119.8207,-9.3806],[119.8328,-9.3659],[119.8439,-9.3567],[119.8648,-9.3435],[119.8696,-9.3557],[119.869,-9.3575],[119.8754,-9.3672],[119.8764,-9.3713],[119.8868,-9.3734],[119.8881,-9.3756],[119.8938,-9.3765],[119.8982,-9.38],[119.9004,-9.3786],[119.9049,-9.3793],[119.9091,-9.3832],[119.9079,-9.3864],[119.91,-9.3874],[119.9117,-9.3916],[119.9105,-9.3935],[119.9128,-9.3952],[119.9098,-9.3994],[119.9113,-9.4026],[119.907,-9.4067],[119.9068,-9.4104],[119.9045,-9.4109],[119.9051,-9.4125],[119.9024,-9.4119],[119.9023,-9.4176],[119.8992,-9.4207],[119.9014,-9.4217],[119.9015,-9.4239],[119.8985,-9.4257],[119.8965,-9.4319],[119.8986,-9.4328],[119.8973,-9.4339],[119.9062,-9.4542],[119.9166,-9.4657],[119.9152,-9.4745],[119.9173,-9.4773],[119.9218,-9.4761],[119.9208,-9.4805],[119.9263,-9.4825],[119.9228,-9.484],[119.9259,-9.4849],[119.9235,-9.4893],[119.918,-9.4877],[119.9174,-9.493],[119.9208,-9.4959],[119.9171,-9.497],[119.9161,-9.4996],[119.9143,-9.4957],[119.9114,-9.497],[119.9125,-9.5055],[119.9092,-9.5129],[119.906,-9.5126],[119.9043,-9.5086],[119.9034,-9.5128],[119.8963,-9.5166],[119.8928,-9.5162],[119.889,-9.5127],[119.8866,-9.513],[119.886,-9.5188],[119.8826,-9.5232],[119.8752,-9.5283],[119.8731,-9.5328],[119.8748,-9.5434],[119.871,-9.5427],[119.871,-9.5465],[119.8669,-9.5498],[119.8698,-9.5519],[119.8699,-9.5544],[119.8672,-9.5555],[119.8651,-9.5531],[119.8582,-9.5558],[119.8594,-9.5618],[119.856,-9.5639],[119.8554,-9.5674],[119.8526,-9.568],[119.8533,-9.5739],[119.8474,-9.5734],[119.8413,-9.5777],[119.8395,-9.5874],[119.842,-9.5893],[119.8431,-9.5941],[119.8454,-9.5951],[119.8459,-9.5984],[119.8409,-9.6022],[119.8439,-9.6041],[119.8442,-9.6021],[119.8465,-9.6021],[119.8498,-9.6068],[119.8483,-9.6098],[119.8508,-9.6121],[119.8417,-9.6177],[119.8477,-9.6293],[119.8461,-9.6318],[119.847,-9.6342],[119.8455,-9.6395],[119.8467,-9.6416],[119.844,-9.6536],[119.8447,-9.6615],[119.8416,-9.6666],[119.8382,-9.6692],[119.8355,-9.6677],[119.8308,-9.6695],[119.8086,-9.6668],[119.7869,-9.6698],[119.7648,-9.6763],[119.7463,-9.6702],[119.7361,-9.6764],[119.7267,-9.6866],[119.7253,-9.691],[119.7278,-9.7155],[119.7325,-9.7179],[119.7384,-9.7272],[119.7412,-9.7265],[119.7487,-9.7314],[119.7497,-9.7347],[119.7426,-9.7432],[119.7378,-9.7561],[119.7369,-9.779],[119.7341,-9.7914],[119.736,-9.8068],[119.7317,-9.8227],[119.732,-9.8405],[119.7216,-9.8442],[119.7137,-9.8382],[119.6914,-9.8336],[119.6857,-9.8302],[119.6748,-9.8287],[119.6784,-9.8289],[119.6783,-9.8274],[119.6801,-9.8286],[119.6828,-9.8271],[119.6831,-9.824],[119.689,-9.8201],[119.6899,-9.816],[119.6887,-9.8127],[119.6851,-9.8119],[119.6866,-9.8073],[119.6841,-9.8036],[119.6827,-9.8047],[119.681,-9.8037],[119.6807,-9.8049],[119.6789,-9.8033],[119.6746,-9.8036],[119.6755,-9.8018],[119.6724,-9.7972],[119.6773,-9.7961],[119.6787,-9.7902],[119.6731,-9.7861],[119.6729,-9.7828],[119.6703,-9.7806],[119.66,-9.7766],[119.6535,-9.7763],[119.65,-9.7786],[119.6496,-9.7826],[119.647,-9.7833],[119.6467,-9.7855],[119.65,-9.7885],[119.6474,-9.79],[119.646,-9.7934],[119.6422,-9.7924],[119.6279,-9.7998],[119.6211,-9.8009],[119.6179,-9.7986],[119.6141,-9.7904],[119.621,-9.7912],[119.6225,-9.7883],[119.6199,-9.7863],[119.6199,-9.7839],[119.6237,-9.7848],[119.6276,-9.7789],[119.628,-9.7771],[119.6255,-9.7751],[119.6259,-9.7736],[119.6282,-9.7733],[119.6283,-9.7696],[119.6241,-9.7655],[119.6151,-9.764],[119.6132,-9.7701],[119.6086,-9.7754],[119.6056,-9.7738],[119.6019,-9.777],[119.5949,-9.7791],[119.595,-9.7776],[119.5938,-9.7786],[119.5933,-9.7772],[119.5961,-9.7738],[119.5955,-9.7726],[119.5918,-9.7739],[119.5904,-9.7721],[119.5899,-9.7733],[119.5899,-9.7717],[119.5869,-9.7699],[119.5879,-9.7663],[119.5834,-9.7619],[119.579,-9.7629],[119.5774,-9.7663],[119.5745,-9.7656],[119.5682,-9.7689],[119.5592,-9.7638],[119.5532,-9.766],[119.5486,-9.7585],[119.5494,-9.7536],[119.5467,-9.7519],[119.543,-9.7527],[119.5414,-9.75],[119.5403,-9.7419],[119.5069,-9.7411],[119.5062,-9.7373],[119.5079,-9.7332],[119.5067,-9.7296],[119.51,-9.7286],[119.5094,-9.7263],[119.5108,-9.7267],[119.52,-9.7108],[119.5322,-9.6976],[119.5348,-9.6939],[119.5345,-9.6915],[119.5272,-9.6851],[119.5172,-9.6813],[119.502,-9.6803],[119.4989,-9.6815],[119.4974,-9.6795],[119.4925,-9.6788],[119.4829,-9.6839],[119.4804,-9.682],[119.4779,-9.6834],[119.475,-9.6806],[119.4709,-9.6805],[119.4694,-9.6766],[119.4727,-9.6746],[119.4711,-9.6701],[119.4763,-9.6656],[119.4786,-9.6604],[119.4814,-9.6571],[119.4877,-9.6552],[119.4849,-9.65],[119.4852,-9.6445],[119.4881,-9.64],[119.4888,-9.6348],[119.4826,-9.6301],[119.4819,-9.6264],[119.4839,-9.621],[119.4806,-9.6055],[119.495,-9.587],[119.5077,-9.577],[119.5131,-9.5682],[119.5161,-9.5603],[119.5149,-9.5424],[119.5186,-9.5361],[119.5077,-9.5338],[119.4967,-9.5268],[119.489,-9.5282],[119.4804,-9.5252],[119.4755,-9.5278],[119.4729,-9.5204],[119.4659,-9.5148],[119.4595,-9.5056],[119.458,-9.5026],[119.4594,-9.5005],[119.4648,-9.4987],[119.465,-9.4936],[119.4595,-9.4898],[119.4557,-9.4841],[119.4556,-9.4785],[119.4506,-9.4773],[119.4534,-9.4742],[119.4563,-9.4741],[119.455,-9.469],[119.4501,-9.4684],[119.4494,-9.4639],[119.4434,-9.4654],[119.4454,-9.4589],[119.4437,-9.4564],[119.4451,-9.4548],[119.4417,-9.4543],[119.443,-9.4524],[119.4408,-9.45],[119.4417,-9.4467],[119.4394,-9.4475],[119.4387,-9.4432],[119.4366,-9.4444],[119.4364,-9.442],[119.4348,-9.4424],[119.4363,-9.44],[119.4325,-9.4383],[119.4332,-9.4355],[119.4308,-9.4322],[119.4342,-9.4308],[119.4327,-9.4293],[119.4308,-9.4302],[119.4317,-9.4262],[119.4295,-9.4265],[119.4265,-9.4236],[119.4297,-9.4217],[119.4278,-9.4206],[119.4287,-9.4167],[119.4267,-9.417],[119.4262,-9.4153],[119.422,-9.4138],[119.4208,-9.4114],[119.4156,-9.3762],[119.416,-9.3737],[119.4205,-9.3742],[119.4253,-9.3755],[119.4262,-9.3779],[119.4433,-9.3643],[119.4607,-9.3593],[119.4724,-9.358],[119.4769,-9.3588],[119.4893,-9.3658],[119.5001,-9.3684],[119.5144,-9.3756],[119.5226,-9.3779],[119.5331,-9.3776],[119.5513,-9.3722],[119.5617,-9.3654],[119.5718,-9.3563],[119.5858,-9.3507],[119.6004,-9.3466],[119.6266,-9.3452],[119.6324,-9.3461],[119.6407,-9.3555],[119.6566,-9.3679],[119.6763,-9.3779],[119.6868,-9.3825],[119.7157,-9.3867]]]}},{"type":"Feature","properties":{"name":"SumbaTimur","name_en":"SumbaTimur","admin_level":"5","osm_id":""},"geometry":{"type":"Polygon","coordinates":[[[120.6028,-10.2527],[120.5877,-10.2502],[120.5726,-10.2401],[120.5674,-10.2387],[120.5519,-10.2378],[120.5324,-10.2399],[120.5271,-10.242],[120.5164,-10.2481],[120.5134,-10.2565],[120.5058,-10.2557],[120.5003,-10.2589],[120.4853,-10.2633],[120.4825,-10.27],[120.479,-10.2741],[120.4784,-10.2872],[120.4751,-10.2927],[120.473,-10.3019],[120.4687,-10.306],[120.4637,-10.3054],[120.4571,-10.3088],[120.4542,-10.3126],[120.4543,-10.3171],[120.4536,-10.3173],[120.4524,-10.3136],[120.4493,-10.3149],[120.4502,-10.3131],[120.4491,-10.3099],[120.4444,-10.3087],[120.4432,-10.3066],[120.4384,-10.3077],[120.432,-10.3017],[120.429,-10.303],[120.4267,-10.2971],[120.3908,-10.2696],[120.3656,-10.2556],[120.3497,-10.2492],[120.3462,-10.2486],[120.3342,-10.2519],[120.326,-10.2515],[120.3192,-10.2539],[120.3044,-10.2511],[120.3037,-10.2541],[120.3008,-10.254],[120.2982,-10.2572],[120.2956,-10.2578],[120.2886,-10.2558],[120.2803,-10.2501],[120.268,-10.2455],[120.2431,-10.2441],[120.2366,-10.2454],[120.2302,-10.2506],[120.2195,-10.2522],[120.2183,-10.2541],[120.2164,-10.2521],[120.2121,-10.2532],[120.2094,-10.252],[120.1972,-10.2381],[120.1858,-10.231],[120.1796,-10.2292],[120.1716,-10.2319],[120.1699,-10.2358],[120.1674,-10.2373],[120.1671,-10.24],[120.1648,-10.2402],[120.1659,-10.2368],[120.1631,-10.2356],[120.1645,-10.2348],[120.1639,-10.2331],[120.1491,-10.2238],[120.1396,-10.209],[120.1321,-10.202],[120.1267,-10.1922],[120.1107,-10.1781],[120.1018,-10.1742],[120.0922,-10.1756],[120.0903,-10.1782],[120.0875,-10.1766],[120.0857,-10.1785],[120.0849,-10.1769],[120.0826,-10.1775],[120.0844,-10.1761],[120.0844,-10.168],[120.0786,-10.1626],[120.0761,-10.1638],[120.0782,-10.1618],[120.0778,-10.1599],[120.0701,-10.1496],[120.0457,-10.1255],[120.0354,-10.1205],[120.0202,-10.1215],[120.0139,-10.1236],[120.0112,-10.1219],[120.0108,-10.1236],[120.0081,-10.124],[120.01,-10.12],[120.009,-10.1175],[120.007,-10.1178],[120.0078,-10.1149],[120.0063,-10.1148],[120.0124,-10.108],[120.0112,-10.1046],[120.0219,-10.1001],[120.0229,-10.0982],[120.0211,-10.0865],[120.0197,-10.0832],[120.0175,-10.0829],[120.0182,-10.0825],[120.019,-10.0808],[120.0188,-10.0795],[120.0144,-10.0758],[120.0133,-10.0704],[120.0085,-10.0659],[120.0086,-10.0622],[120.0002,-10.0548],[119.9987,-10.0501],[119.9993,-10.0449],[119.9955,-10.0385],[119.971,-10.0151],[119.9566,-10.0071],[119.9472,-9.9997],[119.9481,-9.9963],[119.9516,-9.9954],[119.9542,-9.9844],[119.9539,-9.9797],[119.9499,-9.9744],[119.9422,-9.9736],[119.9377,-9.9761],[119.9363,-9.9794],[119.9313,-9.9809],[119.9051,-9.9735],[119.9026,-9.9704],[119.9017,-9.964],[119.9054,-9.9606],[119.905,-9.9502],[119.8991,-9.9481],[119.8949,-9.9543],[119.8821,-9.9579],[119.8713,-9.9491],[119.868,-9.9423],[119.8722,-9.9419],[119.8739,-9.9349],[119.8705,-9.9287],[119.8629,-9.9223],[119.8491,-9.9205],[119.844,-9.9236],[119.8422,-9.9271],[119.8347,-9.9286],[119.8266,-9.9249],[119.827,-9.9215],[119.8252,-9.9201],[119.8235,-9.9203],[119.8227,-9.9227],[119.8201,-9.9228],[119.8153,-9.921],[119.814,-9.9182],[119.8127,-9.9192],[119.8134,-9.9172],[119.8114,-9.9154],[119.8074,-9.9144],[119.8018,-9.9152],[119.8004,-9.9189],[119.7975,-9.9182],[119.7984,-9.9201],[119.7943,-9.9192],[119.7868,-9.9218],[119.7846,-9.92],[119.7837,-9.9223],[119.7815,-9.9203],[119.7836,-9.9191],[119.7796,-9.9151],[119.7773,-9.9158],[119.781,-9.9099],[119.7769,-9.9075],[119.7776,-9.9053],[119.7727,-9.9026],[119.7681,-9.8965],[119.756,-9.8884],[119.7538,-9.8889],[119.7512,-9.8865],[119.7502,-9.8873],[119.7501,-9.8853],[119.7465,-9.8822],[119.7447,-9.8827],[119.7443,-9.8801],[119.739,-9.8775],[119.7367,-9.8737],[119.7285,-9.8715],[119.7261,-9.8684],[119.7221,-9.8676],[119.7218,-9.866],[119.7119,-9.8658],[119.7112,-9.8632],[119.7078,-9.863],[119.7087,-9.8577],[119.7032,-9.8565],[119.6983,-9.8496],[119.6976,-9.8444],[119.6933,-9.8435],[119.6894,-9.8479],[119.6879,-9.8465],[119.6865,-9.848],[119.6846,-9.8456],[119.686,-9.8447],[119.6833,-9.8427],[119.6846,-9.8425],[119.6835,-9.8376],[119.6807,-9.8368],[119.6807,-9.8334],[119.6745,-9.832],[119.6775,-9.8301],[119.6754,-9.8295],[119.6748,-9.8287],[119.6857,-9.8302],[119.6914,-9.8336],[119.7145,-9.8384],[119.7216,-9.8442],[119.732,-9.8405],[119.7317,-9.8227],[119.736,-9.8068],[119.7341,-9.7914],[119.7369,-9.779],[119.7378,-9.7561],[119.7426,-9.7432],[119.7497,-9.7347],[119.7487,-9.7314],[119.7412,-9.7265],[119.7384,-9.7272],[119.7325,-9.7179],[119.7278,-9.7155],[119.7253,-9.691],[119.7267,-9.6866],[119.7361,-9.6764],[119.7463,-9.6702],[119.7648,-9.6763],[119.7869,-9.6698],[119.8086,-9.6668],[119.8308,-9.6695],[119.8355,-9.6677],[119.8382,-9.6692],[119.8416,-9.6666],[119.8447,-9.6615],[119.844,-9.6536],[119.8467,-9.6416],[119.8455,-9.6395],[119.847,-9.6342],[119.8461,-9.6318],[119.8477,-9.6293],[119.8417,-9.6177],[119.8508,-9.6121],[119.8483,-9.6098],[119.8498,-9.6068],[119.8465,-9.6021],[119.8442,-9.6021],[119.8439,-9.6041],[119.8409,-9.6022],[119.8459,-9.5984],[119.8454,-9.5951],[119.8431,-9.5941],[119.842,-9.5893],[119.8395,-9.5874],[119.8413,-9.5777],[119.8474,-9.5734],[119.8533,-9.5739],[119.8526,-9.568],[119.8554,-9.5674],[119.856,-9.5639],[119.8594,-9.5618],[119.8582,-9.5558],[119.8651,-9.5531],[119.8672,-9.5555],[119.8699,-9.5544],[119.8698,-9.5519],[119.8669,-9.5498],[119.871,-9.5465],[119.871,-9.5427],[119.8748,-9.5434],[119.8731,-9.5328],[119.8752,-9.5283],[119.8826,-9.5232],[119.886,-9.5188],[119.8866,-9.513],[119.889,-9.5127],[119.8928,-9.5162],[119.8963,-9.5166],[119.9034,-9.5128],[119.9043,-9.5086],[119.906,-9.5126],[119.9092,-9.5129],[119.9125,-9.5055],[119.9114,-9.497],[119.9143,-9.4957],[119.9161,-9.4996],[119.9171,-9.497],[119.9209,-9.4958],[119.9174,-9.493],[119.918,-9.4877],[119.9235,-9.4893],[119.9259,-9.4849],[119.9228,-9.484],[119.9263,-9.4825],[119.9208,-9.4805],[119.9218,-9.4761],[119.9173,-9.4773],[119.9152,-9.4745],[119.9166,-9.4657],[119.9062,-9.4542],[119.8973,-9.4339],[119.8986,-9.4328],[119.8965,-9.4319],[119.8985,-9.4257],[119.9015,-9.4239],[119.9014,-9.4217],[119.8992,-9.4207],[119.9023,-9.4176],[119.9024,-9.4119],[119.9051,-9.4125],[119.9045,-9.4109],[119.9068,-9.4104],[119.907,-9.4067],[119.9113,-9.4026],[119.9098,-9.3994],[119.9128,-9.3952],[119.9105,-9.3935],[119.9117,-9.3916],[119.91,-9.3874],[119.9079,-9.3864],[119.9092,-9.3834],[119.9049,-9.3793],[119.9004,-9.3786],[119.8982,-9.38],[119.8938,-9.3765],[119.8881,-9.3756],[119.8868,-9.3734],[119.8764,-9.3713],[119.8754,-9.3672],[119.869,-9.3575],[119.8678,-9.3499],[119.8645,-9.3443],[119.8813,-9.3348],[119.8914,-9.3263],[119.9194,-9.2922],[119.9221,-9.285],[119.9256,-9.2837],[119.928,-9.2787],[119.9322,-9.2788],[119.9357,-9.2759],[119.9396,-9.2793],[119.9431,-9.2856],[119.9465,-9.3022],[119.9536,-9.3157],[119.9633,-9.3282],[119.9759,-9.3387],[119.9919,-9.3554],[119.9991,-9.3726],[120.0074,-9.3827],[120.0128,-9.3865],[120.0236,-9.3887],[120.0291,-9.3966],[120.0343,-9.3973],[120.0355,-9.4045],[120.0492,-9.4296],[120.0562,-9.4355],[120.0615,-9.4454],[120.0627,-9.4463],[120.0637,-9.4449],[120.0661,-9.4469],[120.0779,-9.4641],[120.0845,-9.4697],[120.0971,-9.4764],[120.1019,-9.4781],[120.1025,-9.4767],[120.1085,-9.4814],[120.1154,-9.4808],[120.1239,-9.4852],[120.1283,-9.4854],[120.1408,-9.4824],[120.1654,-9.4695],[120.1849,-9.4682],[120.1924,-9.4736],[120.1961,-9.4838],[120.2107,-9.4908],[120.2139,-9.5048],[120.2188,-9.5129],[120.2241,-9.5289],[120.2263,-9.5309],[120.2254,-9.5352],[120.2269,-9.5426],[120.225,-9.5444],[120.2255,-9.5471],[120.2259,-9.5457],[120.2269,-9.5464],[120.2287,-9.5596],[120.2281,-9.5856],[120.237,-9.6157],[120.2412,-9.6215],[120.245,-9.6334],[120.247,-9.6343],[120.2465,-9.6372],[120.2435,-9.6402],[120.2446,-9.6419],[120.2509,-9.6402],[120.2497,-9.6453],[120.2523,-9.6475],[120.2554,-9.6423],[120.2545,-9.6409],[120.2568,-9.6399],[120.2566,-9.638],[120.2578,-9.6376],[120.258,-9.6397],[120.2617,-9.6427],[120.2685,-9.6429],[120.2693,-9.6405],[120.274,-9.6403],[120.275,-9.638],[120.2783,-9.6392],[120.2784,-9.6409],[120.2902,-9.6403],[120.294,-9.642],[120.2989,-9.6419],[120.3048,-9.65],[120.3049,-9.6561],[120.3095,-9.6603],[120.3109,-9.665],[120.317,-9.6692],[120.319,-9.6679],[120.3197,-9.6701],[120.3205,-9.6695],[120.3195,-9.6723],[120.3155,-9.6746],[120.3166,-9.6755],[120.3205,-9.6738],[120.3273,-9.6665],[120.3364,-9.6636],[120.3467,-9.6576],[120.3489,-9.6544],[120.3479,-9.6538],[120.3524,-9.6496],[120.3602,-9.6459],[120.3637,-9.6463],[120.3659,-9.6436],[120.3761,-9.6426],[120.3784,-9.6444],[120.3791,-9.6474],[120.389,-9.6484],[120.3863,-9.6446],[120.383,-9.6437],[120.3883,-9.6377],[120.4066,-9.6356],[120.4266,-9.6279],[120.4388,-9.6264],[120.4616,-9.6152],[120.4669,-9.6158],[120.476,-9.6235],[120.4809,-9.6313],[120.4931,-9.6573],[120.4984,-9.6775],[120.5041,-9.6857],[120.522,-9.692],[120.5388,-9.6865],[120.5449,-9.6887],[120.5579,-9.6958],[120.5697,-9.7072],[120.5732,-9.7122],[120.578,-9.7253],[120.5927,-9.7286],[120.5971,-9.7316],[120.6003,-9.7407],[120.6017,-9.7549],[120.6056,-9.769],[120.6086,-9.7734],[120.6179,-9.7795],[120.6256,-9.7902],[120.6275,-9.7965],[120.6278,-9.8109],[120.6302,-9.8191],[120.646,-9.8451],[120.6604,-9.8732],[120.6781,-9.8992],[120.6887,-9.9055],[120.6892,-9.9049],[120.6884,-9.9041],[120.6894,-9.9033],[120.6953,-9.9042],[120.7043,-9.911],[120.709,-9.9188],[120.7132,-9.9209],[120.7168,-9.9211],[120.7199,-9.9181],[120.7286,-9.9218],[120.7272,-9.9228],[120.7338,-9.9245],[120.739,-9.9238],[120.7399,-9.9218],[120.747,-9.9241],[120.7555,-9.9311],[120.7592,-9.932],[120.7656,-9.9385],[120.7847,-9.9487],[120.7973,-9.963],[120.8161,-9.9774],[120.8176,-9.9825],[120.821,-9.9871],[120.8226,-9.9948],[120.8264,-9.9968],[120.8322,-10.005],[120.8326,-10.0073],[120.8304,-10.0108],[120.8348,-10.0111],[120.8391,-10.0152],[120.846,-10.0291],[120.8471,-10.0384],[120.8444,-10.0569],[120.8443,-10.0689],[120.8375,-10.0841],[120.8373,-10.0871],[120.8417,-10.0887],[120.8375,-10.0983],[120.8273,-10.1104],[120.8175,-10.1188],[120.8154,-10.1251],[120.8054,-10.1311],[120.7928,-10.1335],[120.7739,-10.1417],[120.7575,-10.1541],[120.7514,-10.1621],[120.7465,-10.1723],[120.7425,-10.1865],[120.7392,-10.1902],[120.7276,-10.1958],[120.7184,-10.204],[120.7041,-10.2085],[120.6879,-10.2197],[120.6853,-10.2244],[120.6714,-10.2296],[120.6401,-10.229],[120.6308,-10.236],[120.6246,-10.2474],[120.62,-10.2508],[120.613,-10.253],[120.6028,-10.2527]]]}},{"type":"Feature","properties":{"name":"TimorTengahSelatan","name_en":"TimorTengahSelatan","admin_level":"5","osm_id":""},"geometry":{"type":"Polygon","coordinates":[[[124.4889,-10.1096],[124.4777,-10.1216],[124.4662,-10.1261],[124.4426,-10.1442],[124.4222,-10.1572],[124.4037,-10.167],[124.3932,-10.1702],[124.3479,-10.1727],[124.3388,-10.1691],[124.3372,-10.1699],[124.3383,-10.1717],[124.3372,-10.1722],[124.2199,-10.1629],[124.2274,-10.1549],[124.2259,-10.1447],[124.2238,-10.1429],[124.2191,-10.1462],[124.2151,-10.1435],[124.2142,-10.1377],[124.2201,-10.1378],[124.2218,-10.136],[124.2178,-10.1298],[124.215,-10.1299],[124.2096,-10.1335],[124.2063,-10.1326],[124.2059,-10.1307],[124.2087,-10.1292],[124.2152,-10.1184],[124.2122,-10.116],[124.2114,-10.1113],[124.2079,-10.1096],[124.2019,-10.1097],[124.2027,-10.1031],[124.199,-10.1001],[124.2035,-10.0935],[124.2085,-10.0896],[124.2085,-10.0865],[124.1964,-10.079],[124.1877,-10.0695],[124.1816,-10.0582],[124.1764,-10.0556],[124.1637,-10.0435],[124.1566,-10.0429],[124.1512,-10.0405],[124.1426,-10.0235],[124.1426,-10.0201],[124.1451,-10.0172],[124.1515,-10.0176],[124.1629,-10.022],[124.1648,-10.0211],[124.1649,-10.0178],[124.1494,-10.0086],[124.1483,-9.9998],[124.1457,-9.9947],[124.1369,-9.9863],[124.1286,-9.9855],[124.125,-9.976],[124.1165,-9.9734],[124.1083,-9.9751],[124.104,-9.973],[124.1005,-9.9762],[124.0974,-9.9765],[124.094,-9.9706],[124.0862,-9.9661],[124.0853,-9.9642],[124.0866,-9.9597],[124.0848,-9.9564],[124.0876,-9.9484],[124.0859,-9.9323],[124.0817,-9.9278],[124.0814,-9.9233],[124.0843,-9.9026],[124.0901,-9.8937],[124.0919,-9.8804],[124.0893,-9.874],[124.0912,-9.8613],[124.0852,-9.8441],[124.0861,-9.8363],[124.0849,-9.8299],[124.0915,-9.8189],[124.0939,-9.8089],[124.0916,-9.8001],[124.0837,-9.793],[124.076,-9.771],[124.0673,-9.7587],[124.0717,-9.7473],[124.0784,-9.7444],[124.0875,-9.7359],[124.0873,-9.7315],[124.0912,-9.7184],[124.09,-9.7133],[124.0859,-9.7127],[124.0846,-9.7098],[124.0852,-9.7078],[124.0899,-9.7045],[124.0924,-9.6972],[124.0911,-9.6934],[124.0796,-9.6916],[124.0787,-9.6882],[124.0699,-9.6799],[124.0677,-9.6755],[124.0581,-9.6679],[124.0558,-9.6633],[124.0573,-9.6604],[124.0547,-9.6579],[124.0536,-9.6474],[124.0682,-9.6364],[124.0736,-9.6357],[124.0855,-9.6293],[124.0895,-9.6201],[124.0893,-9.6101],[124.0864,-9.6076],[124.0867,-9.6032],[124.0815,-9.5923],[124.0786,-9.5896],[124.0787,-9.5858],[124.085,-9.5817],[124.0952,-9.5803],[124.1012,-9.5731],[124.1112,-9.5672],[124.1164,-9.5564],[124.1202,-9.5528],[124.1377,-9.557],[124.1413,-9.5622],[124.147,-9.5651],[124.1517,-9.5614],[124.1521,-9.557],[124.1575,-9.5571],[124.1581,-9.5522],[124.154,-9.5425],[124.1551,-9.5392],[124.1535,-9.5362],[124.1461,-9.5328],[124.143,-9.5289],[124.1431,-9.5203],[124.1391,-9.5102],[124.1372,-9.5101],[124.1351,-9.5074],[124.1337,-9.5007],[124.1294,-9.4984],[124.1292,-9.4947],[124.1268,-9.4926],[124.124,-9.4932],[124.117,-9.4843],[124.1176,-9.4787],[124.1208,-9.4772],[124.1218,-9.4724],[124.1318,-9.4771],[124.1457,-9.4763],[124.1551,-9.4836],[124.1553,-9.488],[124.1598,-9.4887],[124.1616,-9.4916],[124.1701,-9.4955],[124.1714,-9.5004],[124.1741,-9.5031],[124.1782,-9.5041],[124.1808,-9.508],[124.1846,-9.5088],[124.1856,-9.5114],[124.1904,-9.5097],[124.193,-9.5115],[124.1954,-9.5049],[124.1904,-9.4932],[124.1899,-9.4832],[124.2019,-9.4851],[124.2032,-9.4899],[124.2063,-9.4918],[124.2098,-9.5002],[124.2121,-9.5021],[124.2153,-9.5021],[124.2193,-9.5057],[124.2239,-9.5062],[124.2229,-9.5113],[124.2244,-9.5142],[124.2292,-9.5181],[124.2339,-9.5183],[124.2354,-9.5227],[124.2385,-9.5257],[124.2313,-9.5265],[124.2235,-9.5301],[124.2148,-9.5382],[124.2132,-9.5455],[124.2169,-9.547],[124.2232,-9.5531],[124.2245,-9.5585],[124.2267,-9.5603],[124.2295,-9.5586],[124.2314,-9.5465],[124.2364,-9.5432],[124.2401,-9.5456],[124.2468,-9.5463],[124.2541,-9.5508],[124.2574,-9.5503],[124.259,-9.5522],[124.2672,-9.5528],[124.2683,-9.5589],[124.2727,-9.5599],[124.2742,-9.5644],[124.276,-9.5645],[124.2761,-9.5663],[124.2802,-9.5699],[124.2829,-9.5697],[124.2852,-9.5674],[124.2977,-9.568],[124.3047,-9.5734],[124.3086,-9.5718],[124.3125,-9.5757],[124.3115,-9.5802],[124.3169,-9.5895],[124.3163,-9.5914],[124.3181,-9.5925],[124.3296,-9.592],[124.3409,-9.587],[124.3478,-9.5881],[124.351,-9.5864],[124.3544,-9.5878],[124.3618,-9.5971],[124.3704,-9.5902],[124.375,-9.5913],[124.3764,-9.5937],[124.3788,-9.5934],[124.3814,-9.5964],[124.3856,-9.5949],[124.39,-9.5982],[124.3938,-9.5935],[124.4029,-9.5946],[124.4093,-9.6],[124.4226,-9.5977],[124.4243,-9.5943],[124.4327,-9.6052],[124.4476,-9.6147],[124.4489,-9.6187],[124.4505,-9.6173],[124.4521,-9.6191],[124.4558,-9.6148],[124.4578,-9.6159],[124.461,-9.6135],[124.4591,-9.6172],[124.4564,-9.6188],[124.458,-9.6253],[124.4551,-9.6254],[124.4575,-9.6346],[124.4927,-9.6456],[124.5025,-9.6534],[124.5086,-9.656],[124.5105,-9.6596],[124.5171,-9.663],[124.5198,-9.6607],[124.5256,-9.6616],[124.531,-9.6602],[124.5397,-9.6535],[124.5406,-9.6469],[124.5441,-9.6442],[124.5541,-9.6455],[124.5592,-9.6437],[124.5721,-9.6311],[124.5742,-9.6213],[124.5804,-9.6169],[124.5846,-9.6163],[124.6,-9.6192],[124.6065,-9.6165],[124.6092,-9.613],[124.6155,-9.6134],[124.6176,-9.6108],[124.6191,-9.6027],[124.6261,-9.5991],[124.627,-9.5944],[124.6338,-9.5861],[124.6384,-9.5877],[124.6453,-9.5849],[124.6445,-9.591],[124.643,-9.591],[124.644,-9.5944],[124.6429,-9.5936],[124.6424,-9.5954],[124.6481,-9.5996],[124.6469,-9.603],[124.6486,-9.6032],[124.6494,-9.6071],[124.6521,-9.6081],[124.6497,-9.6123],[124.6525,-9.6179],[124.6609,-9.6207],[124.6634,-9.627],[124.6723,-9.6271],[124.6714,-9.6278],[124.6734,-9.6284],[124.6734,-9.63],[124.6787,-9.6298],[124.6801,-9.6314],[124.682,-9.6304],[124.6835,-9.6324],[124.6848,-9.63],[124.6881,-9.6322],[124.6926,-9.6321],[124.6962,-9.6306],[124.6961,-9.6282],[124.6969,-9.6295],[124.6998,-9.6284],[124.7041,-9.6339],[124.7029,-9.6366],[124.7068,-9.6376],[124.7176,-9.638],[124.7277,-9.6293],[124.7321,-9.6292],[124.7442,-9.6199],[124.7577,-9.6021],[124.7647,-9.5969],[124.7742,-9.5984],[124.7801,-9.597],[124.7825,-9.5991],[124.7859,-9.5982],[124.7889,-9.6011],[124.7934,-9.6118],[124.7981,-9.6143],[124.8003,-9.6179],[124.7966,-9.6288],[124.7927,-9.6327],[124.7929,-9.6377],[124.796,-9.6431],[124.8007,-9.6457],[124.8021,-9.6503],[124.8071,-9.6535],[124.8187,-9.6563],[124.8208,-9.658],[124.821,-9.6606],[124.8213,-9.6692],[124.8126,-9.6893],[124.8061,-9.7254],[124.7981,-9.7483],[124.7994,-9.756],[124.7971,-9.7612],[124.7977,-9.7709],[124.7998,-9.7744],[124.8028,-9.7747],[124.8093,-9.7806],[124.8074,-9.7882],[124.8096,-9.7919],[124.8001,-9.8003],[124.7863,-9.8177],[124.7743,-9.8409],[124.768,-9.8439],[124.7628,-9.8494],[124.7545,-9.8658],[124.7534,-9.871],[124.7557,-9.8733],[124.7552,-9.8752],[124.753,-9.8764],[124.7504,-9.882],[124.7448,-9.8854],[124.7352,-9.8879],[124.7321,-9.8911],[124.723,-9.8951],[124.6986,-9.9144],[124.6889,-9.9178],[124.6835,-9.9215],[124.6726,-9.9202],[124.664,-9.9303],[124.6556,-9.9481],[124.6412,-9.9552],[124.632,-9.9626],[124.6231,-9.9657],[124.6039,-9.9789],[124.5953,-9.9886],[124.5882,-10.0002],[124.5826,-10.0034],[124.5721,-10.0032],[124.5556,-10.0057],[124.5424,-10.0162],[124.533,-10.0289],[124.5263,-10.06],[124.5168,-10.079],[124.5069,-10.0935],[124.4978,-10.1029],[124.4897,-10.1073],[124.4889,-10.1096]]]}},{"type":"Feature","properties":{"name":"TimorTengahUtara","name_en":"TimorTengahUtara","admin_level":"5","osm_id":""},"geometry":{"type":"Polygon","coordinates":[[[124.5037,-9.6532],[124.4916,-9.6451],[124.4575,-9.6346],[124.4551,-9.6254],[124.458,-9.6253],[124.4564,-9.6188],[124.4591,-9.6172],[124.461,-9.6135],[124.4578,-9.6159],[124.4558,-9.6148],[124.4521,-9.6191],[124.4505,-9.6173],[124.4489,-9.6187],[124.4476,-9.6147],[124.4327,-9.6052],[124.4243,-9.5943],[124.4226,-9.5977],[124.4093,-9.6],[124.4029,-9.5946],[124.3938,-9.5935],[124.39,-9.5982],[124.3856,-9.5949],[124.3814,-9.5964],[124.3788,-9.5934],[124.3764,-9.5937],[124.375,-9.5913],[124.3704,-9.5902],[124.3618,-9.5971],[124.3544,-9.5878],[124.351,-9.5864],[124.3478,-9.5881],[124.3409,-9.587],[124.3296,-9.592],[124.3181,-9.5925],[124.3163,-9.5914],[124.3169,-9.5895],[124.3115,-9.5802],[124.3125,-9.5757],[124.3086,-9.5718],[124.3047,-9.5734],[124.2977,-9.568],[124.2852,-9.5674],[124.2829,-9.5697],[124.2802,-9.5699],[124.2761,-9.5663],[124.276,-9.5645],[124.2742,-9.5644],[124.2727,-9.5599],[124.2683,-9.5589],[124.2672,-9.5528],[124.259,-9.5522],[124.2574,-9.5503],[124.2541,-9.5508],[124.2468,-9.5463],[124.2401,-9.5456],[124.2364,-9.5432],[124.2314,-9.5465],[124.2295,-9.5586],[124.2267,-9.5603],[124.2245,-9.5585],[124.2232,-9.5531],[124.2169,-9.547],[124.2132,-9.5455],[124.2148,-9.5382],[124.2242,-9.5297],[124.2313,-9.5265],[124.2386,-9.5261],[124.2339,-9.5183],[124.2292,-9.5181],[124.2244,-9.5142],[124.2229,-9.5113],[124.2239,-9.5062],[124.2193,-9.5057],[124.2153,-9.5021],[124.2099,-9.5004],[124.2063,-9.4918],[124.2032,-9.4899],[124.2018,-9.485],[124.1899,-9.4832],[124.1887,-9.4809],[124.1854,-9.4805],[124.1834,-9.4747],[124.1786,-9.4749],[124.1666,-9.4558],[124.1623,-9.4521],[124.1548,-9.4487],[124.1475,-9.4531],[124.1449,-9.4528],[124.1428,-9.4508],[124.1446,-9.4477],[124.143,-9.4446],[124.1415,-9.444],[124.1398,-9.4456],[124.1399,-9.4433],[124.1361,-9.4426],[124.1342,-9.4384],[124.1327,-9.4403],[124.1243,-9.4371],[124.1242,-9.4336],[124.122,-9.4338],[124.1175,-9.4307],[124.1109,-9.4303],[124.1065,-9.4249],[124.106,-9.4213],[124.1006,-9.4179],[124.0954,-9.4173],[124.0926,-9.4126],[124.0933,-9.4091],[124.0959,-9.4061],[124.0986,-9.4091],[124.1105,-9.4101],[124.1131,-9.4067],[124.1164,-9.41],[124.1198,-9.4067],[124.1249,-9.4109],[124.1263,-9.416],[124.1284,-9.4167],[124.1341,-9.4265],[124.1438,-9.4242],[124.15,-9.4273],[124.1501,-9.4219],[124.1547,-9.4225],[124.1625,-9.4186],[124.1612,-9.4125],[124.1719,-9.4003],[124.1681,-9.3967],[124.1682,-9.3944],[124.1722,-9.3932],[124.1737,-9.3905],[124.1857,-9.3873],[124.1901,-9.3839],[124.1925,-9.3778],[124.197,-9.3789],[124.2031,-9.3778],[124.205,-9.3706],[124.2109,-9.3701],[124.2121,-9.3678],[124.2167,-9.3656],[124.2306,-9.3759],[124.235,-9.3744],[124.239,-9.3817],[124.2446,-9.384],[124.2521,-9.3923],[124.2609,-9.3958],[124.2628,-9.4037],[124.2667,-9.407],[124.2678,-9.4124],[124.2698,-9.4112],[124.2716,-9.4124],[124.2711,-9.4146],[124.274,-9.4204],[124.2733,-9.424],[124.2756,-9.4248],[124.2765,-9.4291],[124.2742,-9.4341],[124.2813,-9.4407],[124.287,-9.4512],[124.2836,-9.4584],[124.2846,-9.4628],[124.287,-9.4646],[124.2865,-9.4687],[124.2882,-9.4724],[124.2849,-9.476],[124.2824,-9.4853],[124.2794,-9.4889],[124.2782,-9.5029],[124.2851,-9.5029],[124.2878,-9.5047],[124.2927,-9.5017],[124.2968,-9.5027],[124.3014,-9.4935],[124.3162,-9.4959],[124.3322,-9.4856],[124.3383,-9.4866],[124.3422,-9.4828],[124.3497,-9.4856],[124.3548,-9.4852],[124.3566,-9.4818],[124.3553,-9.4766],[124.3569,-9.4718],[124.3549,-9.4693],[124.3565,-9.4642],[124.3651,-9.4596],[124.3621,-9.4461],[124.359,-9.4434],[124.3524,-9.4412],[124.3482,-9.434],[124.3496,-9.4286],[124.3541,-9.424],[124.3625,-9.4192],[124.3668,-9.4195],[124.3726,-9.4147],[124.3739,-9.4087],[124.3716,-9.406],[124.3734,-9.4051],[124.3745,-9.4063],[124.3772,-9.4037],[124.3725,-9.4011],[124.3766,-9.4],[124.3804,-9.3968],[124.3793,-9.3933],[124.3819,-9.3895],[124.3787,-9.3798],[124.3741,-9.3766],[124.3783,-9.3704],[124.3779,-9.3653],[124.3801,-9.3632],[124.38,-9.3568],[124.3896,-9.3606],[124.4011,-9.3522],[124.4021,-9.3455],[124.4042,-9.3428],[124.4035,-9.34],[124.4094,-9.3369],[124.412,-9.3383],[124.4149,-9.3356],[124.4219,-9.3363],[124.4265,-9.3318],[124.4311,-9.3339],[124.4336,-9.3314],[124.4349,-9.3347],[124.4383,-9.3339],[124.4402,-9.3145],[124.4435,-9.3127],[124.4468,-9.3064],[124.4546,-9.3086],[124.4564,-9.3059],[124.4594,-9.3048],[124.4626,-9.2995],[124.462,-9.2935],[124.4555,-9.2836],[124.4561,-9.2751],[124.4547,-9.2669],[124.4609,-9.2568],[124.462,-9.2508],[124.4661,-9.2498],[124.4645,-9.2424],[124.4673,-9.2383],[124.4658,-9.2314],[124.4685,-9.2281],[124.4661,-9.224],[124.4685,-9.2083],[124.476,-9.2034],[124.4776,-9.2],[124.4829,-9.1978],[124.4795,-9.1956],[124.4804,-9.1893],[124.4781,-9.1762],[124.4761,-9.1744],[124.4811,-9.172],[124.4857,-9.172],[124.4917,-9.1779],[124.4976,-9.1792],[124.5017,-9.1762],[124.5061,-9.1761],[124.5303,-9.1864],[124.5387,-9.1762],[124.5419,-9.1763],[124.5512,-9.1725],[124.5528,-9.1729],[124.5534,-9.1781],[124.5612,-9.1778],[124.5691,-9.1693],[124.5726,-9.1681],[124.5699,-9.1678],[124.5705,-9.1666],[124.5688,-9.1674],[124.5698,-9.1664],[124.5725,-9.1665],[124.5727,-9.1644],[124.6159,-9.1534],[124.6229,-9.1481],[124.6393,-9.1283],[124.6492,-9.124],[124.6537,-9.1256],[124.6587,-9.1253],[124.6702,-9.1181],[124.6816,-9.1034],[124.6865,-9.0939],[124.6914,-9.0787],[124.6947,-9.0596],[124.6974,-9.0536],[124.7061,-9.0506],[124.7155,-9.0507],[124.7245,-9.0585],[124.7298,-9.0588],[124.7572,-9.0415],[124.7656,-9.0328],[124.7732,-9.0318],[124.7854,-9.0191],[124.7924,-9.0182],[124.7951,-9.0218],[124.7974,-9.0224],[124.7968,-9.0264],[124.8008,-9.0299],[124.802,-9.0374],[124.8056,-9.0413],[124.8025,-9.0472],[124.8044,-9.0545],[124.8115,-9.0635],[124.8155,-9.065],[124.8202,-9.0763],[124.8181,-9.0859],[124.814,-9.0895],[124.816,-9.0913],[124.8136,-9.102],[124.8166,-9.1058],[124.8205,-9.1442],[124.826,-9.1437],[124.8269,-9.1455],[124.8248,-9.1522],[124.8173,-9.1595],[124.8156,-9.1658],[124.8121,-9.1651],[124.8125,-9.1665],[124.8092,-9.1683],[124.8127,-9.1726],[124.8209,-9.1739],[124.8203,-9.1807],[124.8167,-9.1854],[124.8187,-9.1892],[124.82,-9.1996],[124.8272,-9.2052],[124.8358,-9.2157],[124.8376,-9.234],[124.8489,-9.25],[124.8505,-9.2544],[124.8505,-9.2651],[124.8527,-9.2712],[124.8522,-9.2781],[124.8533,-9.284],[124.8548,-9.2849],[124.8488,-9.2937],[124.8469,-9.2937],[124.8456,-9.2965],[124.8467,-9.2981],[124.8446,-9.298],[124.8451,-9.2992],[124.8437,-9.2994],[124.8458,-9.3023],[124.8427,-9.3059],[124.8431,-9.3092],[124.8463,-9.3113],[124.8447,-9.3109],[124.8452,-9.3163],[124.8478,-9.3169],[124.8453,-9.3192],[124.844,-9.3176],[124.8426,-9.3175],[124.8447,-9.3226],[124.8398,-9.3326],[124.8378,-9.3313],[124.8375,-9.3352],[124.8304,-9.3354],[124.8239,-9.3401],[124.8198,-9.3392],[124.8073,-9.347],[124.8043,-9.3471],[124.8031,-9.3499],[124.8006,-9.3507],[124.8019,-9.3534],[124.8007,-9.3551],[124.8061,-9.3619],[124.8063,-9.3655],[124.8081,-9.366],[124.8073,-9.3679],[124.8089,-9.369],[124.8052,-9.3738],[124.8026,-9.3811],[124.8001,-9.3836],[124.7944,-9.3829],[124.789,-9.385],[124.775,-9.3982],[124.7688,-9.3975],[124.7711,-9.4021],[124.7698,-9.4064],[124.772,-9.4103],[124.7787,-9.4113],[124.7877,-9.4188],[124.7862,-9.4246],[124.788,-9.4257],[124.7856,-9.4285],[124.7879,-9.4307],[124.7862,-9.4361],[124.7878,-9.4392],[124.7849,-9.4439],[124.7883,-9.4456],[124.7839,-9.4528],[124.78,-9.453],[124.7816,-9.4571],[124.7787,-9.464],[124.7813,-9.4672],[124.7816,-9.4702],[124.7731,-9.47],[124.7714,-9.4675],[124.7687,-9.4677],[124.7688,-9.4716],[124.7661,-9.4747],[124.7682,-9.4763],[124.7671,-9.4819],[124.7648,-9.48],[124.7623,-9.4824],[124.7599,-9.4794],[124.7571,-9.4822],[124.7527,-9.4823],[124.7486,-9.4898],[124.7459,-9.49],[124.744,-9.4876],[124.7409,-9.4939],[124.7379,-9.4941],[124.7367,-9.4964],[124.7399,-9.4975],[124.7371,-9.4995],[124.732,-9.5011],[124.7334,-9.4981],[124.7323,-9.4962],[124.7313,-9.4985],[124.7284,-9.4984],[124.7286,-9.5026],[124.7229,-9.5013],[124.7212,-9.5035],[124.7224,-9.5069],[124.729,-9.5133],[124.7341,-9.5101],[124.7384,-9.5097],[124.7364,-9.5163],[124.7388,-9.5186],[124.7415,-9.5302],[124.753,-9.5363],[124.7527,-9.541],[124.7541,-9.5436],[124.7519,-9.5542],[124.7569,-9.5576],[124.757,-9.5597],[124.7534,-9.5638],[124.7382,-9.562],[124.7354,-9.5559],[124.7309,-9.5537],[124.7258,-9.554],[124.7048,-9.5607],[124.7003,-9.5689],[124.7013,-9.5825],[124.6962,-9.5862],[124.686,-9.5846],[124.6785,-9.5859],[124.6702,-9.5822],[124.6604,-9.5814],[124.6484,-9.5832],[124.6384,-9.5877],[124.6338,-9.5861],[124.627,-9.5944],[124.6261,-9.5991],[124.6191,-9.6027],[124.6176,-9.6108],[124.6155,-9.6134],[124.6092,-9.613],[124.6065,-9.6165],[124.6,-9.6192],[124.5846,-9.6163],[124.5776,-9.6183],[124.5733,-9.623],[124.5724,-9.6306],[124.5656,-9.6387],[124.5549,-9.6454],[124.5448,-9.6441],[124.5426,-9.6451],[124.5406,-9.6469],[124.5397,-9.6535],[124.5302,-9.6607],[124.5198,-9.6607],[124.5171,-9.663],[124.5105,-9.6596],[124.5086,-9.656],[124.5037,-9.6532]]]}}]}