{"type":"FeatureCollection","metadata":{"parent_osm_id":"gid_IDN_22_1","parent_name":"PapuaBarat","parent_name_1":"PapuaBarat","parent_gid":"IDN.22_1","parent_level":"4","child_level":"5","count":11,"source":"GADM 4.1","generated":"2026-05-07"},"features":[{"type":"Feature","properties":{"name":"Fakfak","name_en":"Fakfak","admin_level":"5","osm_id":""},"geometry":{"type":"Polygon","coordinates":[[[133.3182,-3.3399],[133.2941,-3.3639],[133.2686,-3.3962],[133.254,-3.4114],[133.2338,-3.4392],[133.2204,-3.4513],[133.1454,-3.5547],[133.1234,-3.5883],[133.0345,-3.6826],[132.9927,-3.72],[132.9467,-3.7699],[132.8818,-3.8312],[132.8523,-3.8674],[132.8259,-3.8916],[132.8249,-3.8897],[132.8186,-3.8867],[132.8121,-3.8766],[132.8114,-3.8687],[132.8008,-3.8537],[132.8015,-3.8518],[132.804,-3.852],[132.799,-3.8379],[132.793,-3.8346],[132.7914,-3.8299],[132.7885,-3.8295],[132.7863,-3.8335],[132.7839,-3.8339],[132.7835,-3.8277],[132.7882,-3.826],[132.7904,-3.8206],[132.7877,-3.7964],[132.7831,-3.7907],[132.7823,-3.7828],[132.7789,-3.7788],[132.7795,-3.7711],[132.7758,-3.7652],[132.7725,-3.7686],[132.7701,-3.7664],[132.7682,-3.7642],[132.7682,-3.7593],[132.763,-3.7538],[132.7645,-3.7505],[132.762,-3.7493],[132.7596,-3.7433],[132.7608,-3.7388],[132.7569,-3.731],[132.7585,-3.7293],[132.7539,-3.7193],[132.7471,-3.7124],[132.7475,-3.7099],[132.7425,-3.6994],[132.7363,-3.6926],[132.7381,-3.688],[132.7339,-3.6688],[132.731,-3.6425],[132.7339,-3.6441],[132.7359,-3.6401],[132.7351,-3.6383],[132.738,-3.6349],[132.7386,-3.637],[132.7538,-3.6327],[132.7671,-3.6386],[132.7689,-3.6429],[132.7909,-3.644],[132.7981,-3.642],[132.7987,-3.644],[132.8111,-3.6421],[132.8215,-3.644],[132.823,-3.6458],[132.832,-3.6436],[132.8378,-3.6451],[132.8386,-3.647],[132.8428,-3.6476],[132.8459,-3.6462],[132.8539,-3.6505],[132.8589,-3.6489],[132.8682,-3.6513],[132.8744,-3.6491],[132.8781,-3.6515],[132.881,-3.6479],[132.8893,-3.6518],[132.8901,-3.65],[132.8961,-3.6507],[132.9022,-3.6449],[132.9048,-3.6442],[132.9056,-3.6409],[132.8984,-3.621],[132.901,-3.611],[132.8996,-3.6065],[132.9047,-3.5991],[132.9099,-3.5848],[132.9127,-3.5833],[132.9219,-3.5838],[132.9249,-3.5819],[132.9327,-3.5687],[132.9456,-3.5614],[132.9453,-3.5585],[132.943,-3.5568],[132.9317,-3.5553],[132.9282,-3.553],[132.9252,-3.5534],[132.9226,-3.5573],[132.9202,-3.5582],[132.9158,-3.5577],[132.9126,-3.5535],[132.9128,-3.5468],[132.925,-3.5447],[132.9272,-3.5423],[132.92,-3.5409],[132.9175,-3.5419],[132.9095,-3.5368],[132.9052,-3.5376],[132.9067,-3.5317],[132.9012,-3.5263],[132.9,-3.5173],[132.895,-3.5137],[132.8934,-3.5102],[132.8934,-3.5058],[132.8961,-3.5013],[132.8958,-3.4954],[132.8883,-3.4915],[132.8915,-3.4813],[132.8905,-3.4788],[132.894,-3.4776],[132.8945,-3.4751],[132.902,-3.4701],[132.9001,-3.469],[132.8917,-3.4709],[132.8817,-3.4695],[132.8756,-3.4708],[132.8709,-3.4743],[132.8639,-3.4751],[132.8629,-3.4771],[132.8705,-3.4783],[132.875,-3.4762],[132.8755,-3.4784],[132.8725,-3.4814],[132.8585,-3.4831],[132.8521,-3.4793],[132.8457,-3.4783],[132.8391,-3.4684],[132.8331,-3.4662],[132.8201,-3.4539],[132.8197,-3.4514],[132.8246,-3.44],[132.8212,-3.4374],[132.8232,-3.4335],[132.8199,-3.4178],[132.8221,-3.4143],[132.8177,-3.4077],[132.8142,-3.391],[132.8086,-3.387],[132.8046,-3.3816],[132.8067,-3.3784],[132.8038,-3.3653],[132.8143,-3.3498],[132.8155,-3.352],[132.82,-3.3501],[132.8209,-3.3398],[132.8257,-3.3312],[132.8278,-3.331],[132.8288,-3.3385],[132.8311,-3.3379],[132.8343,-3.332],[132.8334,-3.3271],[132.8357,-3.323],[132.8347,-3.3141],[132.8389,-3.3122],[132.8436,-3.3139],[132.8459,-3.313],[132.8459,-3.3044],[132.8403,-3.309],[132.8334,-3.3085],[132.8266,-3.3061],[132.8231,-3.3004],[132.8133,-3.2988],[132.8077,-3.2899],[132.8037,-3.2865],[132.8055,-3.2854],[132.81,-3.287],[132.8105,-3.285],[132.8126,-3.2852],[132.8086,-3.2791],[132.8086,-3.2766],[132.8105,-3.2722],[132.8143,-3.2737],[132.8151,-3.2696],[132.8132,-3.2684],[132.8016,-3.2704],[132.7901,-3.2685],[132.7896,-3.2735],[132.791,-3.2751],[132.7987,-3.2762],[132.8,-3.2778],[132.7981,-3.2797],[132.7894,-3.2822],[132.7894,-3.2799],[132.7853,-3.2747],[132.7798,-3.276],[132.778,-3.2742],[132.7761,-3.2635],[132.773,-3.2687],[132.7674,-3.2704],[132.7654,-3.2741],[132.7618,-3.2745],[132.7544,-3.2839],[132.7473,-3.2824],[132.7411,-3.2864],[132.7322,-3.2858],[132.7314,-3.2879],[132.7361,-3.3029],[132.7357,-3.3132],[132.7379,-3.3172],[132.7332,-3.3416],[132.7305,-3.343],[132.725,-3.3421],[132.7201,-3.3455],[132.7142,-3.3446],[132.7014,-3.3356],[132.6791,-3.3288],[132.6722,-3.3216],[132.6684,-3.3224],[132.6664,-3.321],[132.6665,-3.3185],[132.6617,-3.3157],[132.6612,-3.3097],[132.6588,-3.3078],[132.6566,-3.3087],[132.6544,-3.3063],[132.6489,-3.2897],[132.6389,-3.2767],[132.6437,-3.2741],[132.6421,-3.2711],[132.6267,-3.2618],[132.6254,-3.2572],[132.6221,-3.2549],[132.621,-3.2517],[132.6087,-3.2439],[132.5988,-3.2349],[132.5977,-3.225],[132.617,-3.2238],[132.6268,-3.2263],[132.6308,-3.2242],[132.6397,-3.225],[132.6416,-3.2238],[132.6434,-3.2167],[132.6495,-3.2125],[132.6483,-3.2008],[132.6407,-3.1883],[132.6383,-3.187],[132.6356,-3.1879],[132.6361,-3.1832],[132.6259,-3.1818],[132.6217,-3.1856],[132.6184,-3.1858],[132.6142,-3.185],[132.6078,-3.1804],[132.6004,-3.1802],[132.5987,-3.1737],[132.6099,-3.1719],[132.6109,-3.1699],[132.6068,-3.1692],[132.6061,-3.167],[132.6041,-3.1667],[132.6025,-3.1689],[132.5963,-3.1711],[132.5845,-3.1671],[132.5776,-3.1552],[132.5761,-3.1587],[132.5802,-3.1652],[132.5775,-3.1663],[132.5668,-3.1612],[132.5638,-3.1582],[132.5589,-3.157],[132.5571,-3.1552],[132.5575,-3.1501],[132.5526,-3.1475],[132.5542,-3.1458],[132.5556,-3.137],[132.5655,-3.1362],[132.5697,-3.1395],[132.5771,-3.1374],[132.5767,-3.1349],[132.5726,-3.1329],[132.569,-3.1241],[132.5618,-3.113],[132.5444,-3.101],[132.5426,-3.0979],[132.5347,-3.0948],[132.5342,-3.0921],[132.5262,-3.084],[132.5242,-3.0846],[132.5171,-3.0809],[132.5172,-3.0765],[132.5098,-3.0701],[132.5092,-3.065],[132.5016,-3.063],[132.4962,-3.0534],[132.4892,-3.0509],[132.4825,-3.0445],[132.4809,-3.0389],[132.473,-3.0393],[132.4705,-3.0346],[132.4565,-3.024],[132.4522,-3.0234],[132.4408,-3.0155],[132.4361,-3.0093],[132.4339,-3.01],[132.4274,-3.0051],[132.4212,-3.0051],[132.419,-3.0025],[132.4225,-2.9969],[132.4202,-2.9954],[132.4143,-2.9952],[132.4069,-2.9917],[132.4045,-2.9929],[132.4006,-2.9903],[132.393,-2.9891],[132.3925,-2.985],[132.384,-2.9843],[132.3804,-2.9805],[132.3723,-2.9769],[132.371,-2.9785],[132.3689,-2.9779],[132.3664,-2.9719],[132.3623,-2.9688],[132.3519,-2.9689],[132.347,-2.9612],[132.3468,-2.9567],[132.3603,-2.9544],[132.3613,-2.9523],[132.355,-2.951],[132.355,-2.9464],[132.3521,-2.9393],[132.3489,-2.9381],[132.3471,-2.9395],[132.3512,-2.9431],[132.3469,-2.9472],[132.346,-2.9525],[132.3439,-2.9524],[132.3402,-2.9498],[132.3428,-2.9425],[132.3357,-2.9431],[132.3333,-2.9471],[132.3309,-2.9476],[132.3234,-2.9449],[132.3204,-2.9404],[132.3149,-2.9382],[132.313,-2.934],[132.3151,-2.9275],[132.3144,-2.9232],[132.312,-2.9259],[132.3112,-2.9347],[132.3092,-2.9358],[132.3057,-2.9351],[132.301,-2.9311],[132.3027,-2.9355],[132.296,-2.9356],[132.2896,-2.9328],[132.2868,-2.9295],[132.2858,-2.9313],[132.279,-2.9313],[132.2778,-2.9342],[132.2709,-2.934],[132.264,-2.928],[132.2439,-2.9268],[132.2373,-2.9254],[132.2367,-2.9233],[132.232,-2.9263],[132.2202,-2.9265],[132.2171,-2.9209],[132.2114,-2.918],[132.2108,-2.9148],[132.2073,-2.9114],[132.2061,-2.9212],[132.2082,-2.9279],[132.2058,-2.9285],[132.2024,-2.9335],[132.1937,-2.9284],[132.1945,-2.9262],[132.1901,-2.9261],[132.1894,-2.9219],[132.1844,-2.9223],[132.1823,-2.9258],[132.185,-2.9267],[132.1866,-2.9318],[132.1787,-2.9341],[132.1658,-2.9316],[132.1672,-2.9337],[132.1629,-2.9357],[132.1555,-2.9307],[132.1549,-2.9354],[132.151,-2.9347],[132.1507,-2.9322],[132.147,-2.9359],[132.1543,-2.9419],[132.1539,-2.9443],[132.1458,-2.946],[132.1399,-2.9436],[132.1374,-2.9456],[132.1325,-2.945],[132.1286,-2.9409],[132.1199,-2.9364],[132.1157,-2.9384],[132.1051,-2.932],[132.1033,-2.9355],[132.1129,-2.9406],[132.1131,-2.9427],[132.116,-2.9428],[132.114,-2.9455],[132.1188,-2.954],[132.1144,-2.9537],[132.1126,-2.9556],[132.111,-2.9537],[132.104,-2.9552],[132.1011,-2.9596],[132.0866,-2.9631],[132.0839,-2.9555],[132.0794,-2.952],[132.0752,-2.9373],[132.0803,-2.9195],[132.0684,-2.9142],[132.0646,-2.9104],[132.0593,-2.8905],[132.0564,-2.8908],[132.0535,-2.8985],[132.0534,-2.9118],[132.052,-2.9141],[132.0448,-2.9182],[132.0487,-2.9236],[132.0488,-2.9259],[132.047,-2.9271],[132.0408,-2.9261],[132.0337,-2.917],[132.0316,-2.9014],[132.0203,-2.9068],[132.0144,-2.8939],[132.0073,-2.8921],[132.0033,-2.8936],[132.0043,-2.9],[132.0022,-2.8991],[131.9996,-2.8888],[132.0016,-2.8785],[132.0042,-2.8778],[132.021,-2.8814],[132.0233,-2.878],[132.0258,-2.8773],[132.0274,-2.8791],[132.0317,-2.8758],[132.0314,-2.8712],[132.0288,-2.8715],[132.0285,-2.8695],[132.0302,-2.8655],[132.0272,-2.8658],[132.0249,-2.8631],[132.0253,-2.8585],[132.0228,-2.8541],[132.0317,-2.8451],[132.0362,-2.8439],[132.0392,-2.8398],[132.0373,-2.8389],[132.0334,-2.8409],[132.0287,-2.8393],[132.0236,-2.8398],[132.0183,-2.8359],[132.0158,-2.8357],[132.0144,-2.8372],[132.0105,-2.8352],[132.0084,-2.8363],[132.0056,-2.8324],[132.0035,-2.8329],[132.0022,-2.8291],[132.0036,-2.825],[132.0059,-2.8246],[132.0058,-2.8202],[132.0075,-2.8192],[132.0171,-2.8225],[132.0186,-2.8202],[132.0174,-2.8153],[132.0197,-2.8128],[132.0249,-2.8149],[132.0281,-2.8122],[132.0372,-2.8138],[132.0447,-2.8101],[132.0479,-2.8101],[132.0485,-2.8081],[132.0447,-2.8047],[132.0458,-2.802],[132.0515,-2.8058],[132.0525,-2.804],[132.0509,-2.8014],[132.0511,-2.7959],[132.0582,-2.7981],[132.056,-2.7922],[132.0616,-2.7907],[132.0686,-2.7913],[132.0683,-2.789],[132.0576,-2.7865],[132.0564,-2.7841],[132.0538,-2.7852],[132.052,-2.7838],[132.0511,-2.7788],[132.0473,-2.7791],[132.0399,-2.7722],[132.0373,-2.7729],[132.0339,-2.7714],[132.028,-2.7733],[132.0254,-2.7798],[132.0038,-2.7814],[132.0016,-2.7803],[132.0003,-2.7758],[131.9996,-2.7584],[132.0086,-2.7536],[132.0118,-2.756],[132.0131,-2.7496],[132.0161,-2.7449],[132.0251,-2.7392],[132.0277,-2.7399],[132.0314,-2.7448],[132.0388,-2.7417],[132.0416,-2.7351],[132.0457,-2.7371],[132.0514,-2.7317],[132.0586,-2.7341],[132.0561,-2.744],[132.0579,-2.7497],[132.0597,-2.7514],[132.0672,-2.7515],[132.0698,-2.7502],[132.0721,-2.7431],[132.0679,-2.7347],[132.0735,-2.7277],[132.0859,-2.7271],[132.0876,-2.7287],[132.0836,-2.7354],[132.0845,-2.7429],[132.0982,-2.7487],[132.0982,-2.7439],[132.1008,-2.7398],[132.1075,-2.7434],[132.1094,-2.7354],[132.1087,-2.7322],[132.1037,-2.73],[132.0978,-2.7298],[132.0895,-2.7218],[132.0905,-2.7129],[132.0969,-2.7203],[132.0993,-2.719],[132.0996,-2.7146],[132.0971,-2.7146],[132.0956,-2.7127],[132.0984,-2.709],[132.102,-2.709],[132.1062,-2.7113],[132.1123,-2.7203],[132.1184,-2.7201],[132.1181,-2.7228],[132.1228,-2.7272],[132.1257,-2.726],[132.1266,-2.7197],[132.1253,-2.7159],[132.13,-2.7122],[132.1374,-2.7104],[132.1385,-2.7128],[132.1342,-2.7161],[132.1334,-2.719],[132.141,-2.7178],[132.1416,-2.7232],[132.1462,-2.7238],[132.1498,-2.7217],[132.1501,-2.7175],[132.1523,-2.7162],[132.1557,-2.7172],[132.1563,-2.7153],[132.1658,-2.7111],[132.1695,-2.7138],[132.1724,-2.71],[132.1721,-2.7078],[132.1996,-2.7072],[132.2079,-2.7027],[132.2047,-2.7009],[132.1953,-2.7013],[132.1618,-2.6964],[132.1484,-2.6906],[132.1352,-2.6883],[132.1294,-2.6916],[132.1219,-2.6997],[132.1195,-2.7003],[132.1161,-2.6973],[132.1134,-2.6971],[132.1126,-2.6918],[132.1383,-2.6718],[132.143,-2.6664],[132.1504,-2.6676],[132.1545,-2.6652],[132.1646,-2.6645],[132.1694,-2.6617],[132.1793,-2.667],[132.1788,-2.6692],[132.1856,-2.6697],[132.187,-2.6678],[132.183,-2.6645],[132.1851,-2.6603],[132.198,-2.6559],[132.2018,-2.658],[132.2017,-2.6605],[132.2131,-2.6561],[132.219,-2.6561],[132.2224,-2.6582],[132.2239,-2.6561],[132.2291,-2.6573],[132.2302,-2.6554],[132.2404,-2.6576],[132.2428,-2.6612],[132.2484,-2.6609],[132.2556,-2.663],[132.2695,-2.66],[132.2756,-2.662],[132.2795,-2.6606],[132.3046,-2.6635],[132.3091,-2.6608],[132.3096,-2.6631],[132.323,-2.6613],[132.3298,-2.6628],[132.3306,-2.6663],[132.3431,-2.6655],[132.3434,-2.6679],[132.3498,-2.6681],[132.349,-2.6701],[132.3512,-2.671],[132.3518,-2.669],[132.3566,-2.6682],[132.363,-2.6729],[132.3648,-2.677],[132.3785,-2.6836],[132.3891,-2.6851],[132.3951,-2.6896],[132.4074,-2.6867],[132.4111,-2.6826],[132.4129,-2.6846],[132.4151,-2.6835],[132.4193,-2.6851],[132.4218,-2.6802],[132.4263,-2.6779],[132.4355,-2.6806],[132.4402,-2.6796],[132.4406,-2.6902],[132.436,-2.6917],[132.4292,-2.6907],[132.4261,-2.6959],[132.4203,-2.6978],[132.4206,-2.7003],[132.4298,-2.7044],[132.4341,-2.7026],[132.4386,-2.7048],[132.4454,-2.7038],[132.4445,-2.7087],[132.4484,-2.7072],[132.4533,-2.7089],[132.4574,-2.7125],[132.4584,-2.7157],[132.4541,-2.7149],[132.4536,-2.7172],[132.4499,-2.7192],[132.4474,-2.7274],[132.4326,-2.737],[132.4334,-2.7393],[132.4356,-2.74],[132.4411,-2.7398],[132.4556,-2.7333],[132.4584,-2.7283],[132.456,-2.7256],[132.4591,-2.7246],[132.4582,-2.7227],[132.4633,-2.7202],[132.4667,-2.7129],[132.4692,-2.7116],[132.4757,-2.7128],[132.4774,-2.715],[132.4795,-2.7144],[132.4796,-2.7117],[132.4858,-2.7121],[132.485,-2.7149],[132.4875,-2.7167],[132.4895,-2.7152],[132.4875,-2.7123],[132.494,-2.713],[132.4965,-2.7111],[132.492,-2.7069],[132.4805,-2.7017],[132.4713,-2.6935],[132.4775,-2.6904],[132.4791,-2.6951],[132.482,-2.6953],[132.4817,-2.686],[132.4884,-2.6834],[132.493,-2.685],[132.5011,-2.6806],[132.5055,-2.6841],[132.5093,-2.684],[132.5135,-2.686],[132.517,-2.685],[132.5166,-2.6821],[132.5241,-2.6813],[132.5355,-2.684],[132.5359,-2.6859],[132.5461,-2.694],[132.552,-2.6939],[132.5555,-2.6911],[132.5643,-2.6897],[132.5713,-2.6904],[132.5724,-2.6924],[132.5831,-2.6956],[132.5842,-2.6973],[132.5889,-2.6954],[132.5926,-2.697],[132.5921,-2.6993],[132.5945,-2.6997],[132.5991,-2.7087],[132.6009,-2.7098],[132.6052,-2.709],[132.6096,-2.7113],[132.6092,-2.7137],[132.6137,-2.7147],[132.6154,-2.7124],[132.618,-2.7122],[132.6235,-2.7199],[132.6232,-2.7229],[132.6266,-2.7258],[132.6336,-2.726],[132.6418,-2.7284],[132.6418,-2.7308],[132.6436,-2.7321],[132.6395,-2.7345],[132.6407,-2.7362],[132.6442,-2.7354],[132.6481,-2.7408],[132.6508,-2.7407],[132.6541,-2.743],[132.6544,-2.7464],[132.6574,-2.7468],[132.6568,-2.749],[132.6634,-2.754],[132.6627,-2.7586],[132.6697,-2.7631],[132.6671,-2.7673],[132.6679,-2.7705],[132.6702,-2.7712],[132.672,-2.7694],[132.6741,-2.7707],[132.6745,-2.7731],[132.6789,-2.7735],[132.6826,-2.7789],[132.6873,-2.7776],[132.6935,-2.789],[132.6967,-2.7918],[132.7003,-2.7859],[132.7053,-2.7843],[132.7046,-2.7903],[132.711,-2.7969],[132.7269,-2.8027],[132.7307,-2.8069],[132.7441,-2.8062],[132.7482,-2.8049],[132.7723,-2.7836],[132.7748,-2.7832],[132.7787,-2.7867],[132.7847,-2.785],[132.7922,-2.7861],[132.7946,-2.7837],[132.7915,-2.7794],[132.7935,-2.7753],[132.8063,-2.7723],[132.8101,-2.7682],[132.8101,-2.7642],[132.8281,-2.7518],[132.8895,-2.694],[132.9244,-2.6585],[132.9417,-2.6335],[132.9564,-2.6207],[132.9761,-2.5987],[133.0069,-2.5591],[133.0149,-2.5452],[133.0407,-2.515],[133.0506,-2.5213],[133.1958,-2.6442],[133.3692,-2.7782],[133.383,-2.792],[133.4383,-2.8269],[133.4997,-2.8568],[133.5965,-2.9365],[133.6444,-2.9649],[133.6783,-3.0043],[133.6205,-3.0507],[133.609,-3.0632],[133.5761,-3.0904],[133.5637,-3.0987],[133.5495,-3.1133],[133.5145,-3.1413],[133.4614,-3.1961],[133.4498,-3.2022],[133.4321,-3.2198],[133.4159,-3.2412],[133.3956,-3.2645],[133.3736,-3.2804],[133.3643,-3.2913],[133.3548,-3.2988],[133.3182,-3.3399]]]}},{"type":"Feature","properties":{"name":"Kaimana","name_en":"Kaimana","admin_level":"5","osm_id":""},"geometry":{"type":"Polygon","coordinates":[[[133.1695,-4.0447],[133.1647,-4.0556],[133.1622,-4.0575],[133.1554,-4.0703],[133.1397,-4.0791],[133.1258,-4.0786],[133.1063,-4.0749],[133.0953,-4.075],[133.083,-4.0723],[133.0647,-4.0761],[133.0442,-4.0719],[133.0293,-4.065],[133.0238,-4.0645],[133.017,-4.0614],[133.005,-4.0603],[132.9993,-4.0616],[132.9844,-4.0705],[132.9757,-4.0708],[132.9663,-4.0812],[132.9642,-4.0804],[132.9614,-4.0885],[132.9634,-4.0915],[132.9501,-4.0978],[132.949,-4.0998],[132.9509,-4.1044],[132.9505,-4.1119],[132.9464,-4.1216],[132.9435,-4.1235],[132.9368,-4.1182],[132.9346,-4.1144],[132.9279,-4.1126],[132.9253,-4.1095],[132.9202,-4.1102],[132.9116,-4.1143],[132.9082,-4.1108],[132.9022,-4.1099],[132.895,-4.1116],[132.8897,-4.1019],[132.8792,-4.1004],[132.8707,-4.091],[132.8683,-4.0899],[132.8666,-4.0917],[132.8655,-4.0895],[132.8667,-4.0844],[132.8712,-4.0778],[132.8738,-4.0768],[132.8729,-4.0706],[132.8764,-4.0636],[132.8771,-4.0568],[132.873,-4.0473],[132.8683,-4.0459],[132.8668,-4.0326],[132.8619,-4.0282],[132.8528,-4.0241],[132.8493,-4.0198],[132.848,-4.008],[132.8453,-3.9998],[132.8447,-3.9752],[132.8487,-3.9682],[132.8473,-3.9664],[132.8423,-3.9656],[132.8374,-3.9599],[132.8328,-3.9595],[132.8315,-3.9684],[132.8276,-3.9684],[132.8273,-3.966],[132.823,-3.9648],[132.8209,-3.9624],[132.812,-3.9457],[132.8121,-3.9395],[132.8172,-3.9293],[132.8218,-3.9276],[132.819,-3.9233],[132.8207,-3.9221],[132.8252,-3.9273],[132.8237,-3.9287],[132.828,-3.9309],[132.8318,-3.9364],[132.8332,-3.9409],[132.8309,-3.9418],[132.8319,-3.946],[132.8381,-3.9485],[132.8461,-3.9565],[132.851,-3.9647],[132.8528,-3.9634],[132.8512,-3.9505],[132.8454,-3.9379],[132.8456,-3.9359],[132.8477,-3.936],[132.8477,-3.9339],[132.8497,-3.933],[132.8394,-3.924],[132.8344,-3.9151],[132.8337,-3.9065],[132.8274,-3.8972],[132.8259,-3.8916],[132.8523,-3.8674],[132.8818,-3.8312],[132.9467,-3.7699],[132.9927,-3.72],[133.0345,-3.6826],[133.1234,-3.5883],[133.1454,-3.5547],[133.2204,-3.4513],[133.2338,-3.4392],[133.254,-3.4114],[133.2686,-3.3962],[133.2941,-3.3639],[133.3372,-3.32],[133.3548,-3.2988],[133.3643,-3.2913],[133.3736,-3.2804],[133.3956,-3.2645],[133.4159,-3.2412],[133.4321,-3.2198],[133.4498,-3.2022],[133.4614,-3.1961],[133.5145,-3.1413],[133.5495,-3.1133],[133.5637,-3.0987],[133.5761,-3.0904],[133.609,-3.0632],[133.6205,-3.0507],[133.6409,-3.0356],[133.6548,-3.0228],[133.6669,-3.0147],[133.6783,-3.0043],[133.713,-3.0136],[133.752,-3.0094],[133.7608,-3.0063],[133.7696,-3.0056],[133.7756,-2.9999],[133.8652,-2.9554],[134.0741,-2.8688],[134.1333,-2.84],[134.1726,-2.8523],[134.1761,-2.8609],[134.1772,-2.8607],[134.1931,-2.9029],[134.2048,-2.9504],[134.2335,-3.0432],[134.3231,-3.1848],[134.2795,-3.2402],[134.2565,-3.2825],[134.2376,-3.3108],[134.2243,-3.35],[134.2514,-3.4022],[134.2839,-3.4141],[134.3356,-3.4362],[134.3852,-3.4621],[134.413,-3.4741],[134.4874,-3.4899],[134.5252,-3.5058],[134.7483,-3.5797],[134.8887,-3.631],[134.9837,-3.6562],[135.0445,-3.6754],[135.1173,-3.7031],[135.1636,-3.7268],[135.258,-3.7519],[135.1771,-3.8515],[135.1141,-3.9417],[135.0499,-4.0415],[135.0263,-4.0753],[135.0021,-4.1058],[134.9794,-4.1302],[134.9232,-4.1831],[134.8899,-4.2215],[134.8748,-4.2467],[134.8699,-4.2518],[134.8638,-4.2515],[134.8571,-4.2543],[134.8477,-4.25],[134.8309,-4.2554],[134.8255,-4.2549],[134.8174,-4.2504],[134.8158,-4.2532],[134.8117,-4.2527],[134.8096,-4.2518],[134.8096,-4.2457],[134.8081,-4.2436],[134.7995,-4.2364],[134.7959,-4.2382],[134.7869,-4.2364],[134.7731,-4.2281],[134.768,-4.216],[134.7594,-4.2065],[134.7506,-4.2046],[134.7433,-4.2076],[134.7374,-4.2074],[134.7344,-4.2053],[134.7366,-4.2007],[134.736,-4.1979],[134.7275,-4.2011],[134.7194,-4.1983],[134.7224,-4.1866],[134.7207,-4.1739],[134.7151,-4.1639],[134.7156,-4.1579],[134.7138,-4.1532],[134.7115,-4.1514],[134.708,-4.1434],[134.708,-4.1394],[134.7063,-4.1378],[134.6976,-4.1408],[134.6825,-4.1403],[134.6726,-4.139],[134.6614,-4.1344],[134.6485,-4.1347],[134.6305,-4.1206],[134.622,-4.1183],[134.6289,-4.1126],[134.6331,-4.1052],[134.6352,-4.0922],[134.6429,-4.0879],[134.6484,-4.082],[134.6521,-4.0743],[134.6531,-4.0807],[134.657,-4.0804],[134.6795,-4.0734],[134.686,-4.0667],[134.6936,-4.0678],[134.6931,-4.0703],[134.6957,-4.0692],[134.6977,-4.0704],[134.6982,-4.0677],[134.7014,-4.0678],[134.7068,-4.0649],[134.7077,-4.0674],[134.7108,-4.0668],[134.7101,-4.0619],[134.7151,-4.061],[134.7189,-4.0564],[134.7073,-4.0532],[134.6925,-4.0555],[134.6819,-4.0535],[134.6767,-4.0461],[134.6714,-4.0423],[134.6733,-4.0395],[134.6652,-4.0363],[134.6633,-4.0338],[134.664,-4.0243],[134.6675,-4.0189],[134.6684,-4.01],[134.6646,-3.9959],[134.657,-3.9827],[134.6576,-3.9799],[134.6755,-3.9779],[134.6779,-3.9759],[134.6827,-3.9657],[134.6903,-3.9662],[134.6949,-3.9624],[134.7198,-3.9537],[134.7242,-3.9565],[134.7339,-3.9506],[134.742,-3.9425],[134.7501,-3.9399],[134.7562,-3.9321],[134.7614,-3.9304],[134.784,-3.9363],[134.8053,-3.9393],[134.8128,-3.9446],[134.8266,-3.9471],[134.8323,-3.9506],[134.8565,-3.9481],[134.8596,-3.9597],[134.8582,-3.9646],[134.863,-3.9698],[134.8611,-3.9785],[134.8643,-3.9792],[134.864,-3.9769],[134.8671,-3.9727],[134.8838,-3.9738],[134.8902,-3.9722],[134.9037,-3.9779],[134.9078,-3.9768],[134.913,-3.978],[134.9206,-3.9826],[134.9294,-3.9779],[134.9459,-3.9788],[134.9475,-3.9746],[134.9428,-3.9687],[134.9449,-3.966],[134.9666,-3.9592],[134.9688,-3.9552],[134.9688,-3.9506],[134.9594,-3.9442],[134.9573,-3.9442],[134.9505,-3.9505],[134.9418,-3.9499],[134.9302,-3.9528],[134.9224,-3.9584],[134.9099,-3.9597],[134.9048,-3.9523],[134.9074,-3.9446],[134.9141,-3.9406],[134.9198,-3.9334],[134.9225,-3.9326],[134.9227,-3.9353],[134.9264,-3.9358],[134.9297,-3.9341],[134.931,-3.9315],[134.9205,-3.9307],[134.9112,-3.9357],[134.9048,-3.9364],[134.8937,-3.9344],[134.885,-3.9294],[134.883,-3.9304],[134.882,-3.9337],[134.8833,-3.937],[134.8824,-3.9403],[134.8737,-3.9475],[134.8573,-3.9373],[134.8476,-3.9392],[134.8435,-3.9367],[134.8263,-3.9367],[134.801,-3.9315],[134.7896,-3.9227],[134.781,-3.9183],[134.7661,-3.9135],[134.7555,-3.9138],[134.7476,-3.9185],[134.7361,-3.9361],[134.7273,-3.9323],[134.705,-3.9169],[134.6978,-3.9176],[134.6922,-3.916],[134.6848,-3.9202],[134.6727,-3.9172],[134.6555,-3.9212],[134.6513,-3.9247],[134.6513,-3.9274],[134.6626,-3.9308],[134.6645,-3.9321],[134.6647,-3.9345],[134.657,-3.9369],[134.6454,-3.9444],[134.6377,-3.9431],[134.6333,-3.9441],[134.625,-3.9498],[134.6226,-3.9551],[134.6254,-3.9599],[134.6243,-3.9617],[134.6197,-3.9616],[134.6176,-3.9652],[134.6125,-3.9664],[134.6111,-3.9692],[134.6146,-3.9747],[134.6148,-3.9812],[134.6125,-3.9871],[134.6055,-3.9962],[134.5871,-3.9996],[134.5845,-3.9959],[134.5813,-3.9951],[134.5736,-3.9971],[134.5667,-4.0058],[134.5569,-4.0082],[134.5482,-4.0211],[134.5462,-4.0327],[134.5431,-4.0315],[134.5416,-4.0272],[134.5322,-4.0363],[134.5269,-4.0372],[134.5192,-4.0361],[134.5111,-4.0414],[134.496,-4.025],[134.5006,-4.0245],[134.5037,-4.0221],[134.5024,-4.0173],[134.5039,-4.0136],[134.4891,-4.0105],[134.4835,-4.0045],[134.474,-4.0021],[134.4704,-3.9981],[134.4694,-3.9936],[134.461,-3.9893],[134.4571,-3.984],[134.4546,-3.9845],[134.4512,-3.9821],[134.4498,-3.9773],[134.452,-3.9761],[134.4692,-3.9824],[134.4753,-3.9821],[134.477,-3.9805],[134.4781,-3.9743],[134.4772,-3.9657],[134.4658,-3.9553],[134.4664,-3.9497],[134.4623,-3.9477],[134.4578,-3.9479],[134.4561,-3.9459],[134.454,-3.9385],[134.4563,-3.9332],[134.455,-3.9313],[134.4464,-3.9298],[134.446,-3.9255],[134.4405,-3.9167],[134.4337,-3.9152],[134.4276,-3.9181],[134.421,-3.9168],[134.4181,-3.9144],[134.4113,-3.916],[134.4107,-3.9203],[134.4034,-3.9183],[134.3927,-3.913],[134.3941,-3.91],[134.3826,-3.909],[134.3722,-3.9013],[134.3518,-3.8932],[134.3454,-3.8821],[134.3352,-3.8775],[134.3286,-3.8807],[134.3287,-3.8829],[134.3268,-3.8841],[134.3211,-3.8831],[134.3272,-3.8869],[134.3293,-3.8892],[134.3294,-3.8924],[134.338,-3.8957],[134.3406,-3.8992],[134.3623,-3.9151],[134.3619,-3.9171],[134.3564,-3.9168],[134.346,-3.911],[134.3457,-3.9133],[134.3496,-3.9157],[134.3507,-3.9182],[134.3517,-3.9333],[134.3547,-3.9396],[134.3605,-3.9445],[134.3578,-3.9546],[134.353,-3.9589],[134.3532,-3.964],[134.3513,-3.9653],[134.3481,-3.9625],[134.3393,-3.9651],[134.3376,-3.9634],[134.3364,-3.9652],[134.3272,-3.9618],[134.3235,-3.9633],[134.3097,-3.9563],[134.3056,-3.9482],[134.2861,-3.9347],[134.276,-3.9342],[134.2715,-3.9324],[134.2706,-3.9388],[134.2749,-3.9494],[134.279,-3.9482],[134.2809,-3.9493],[134.2861,-3.9551],[134.2893,-3.9577],[134.2941,-3.9581],[134.301,-3.9652],[134.3018,-3.9671],[134.3004,-3.9688],[134.3028,-3.9719],[134.3095,-3.979],[134.312,-3.9789],[134.3116,-3.9841],[134.3254,-3.9975],[134.3256,-4.0001],[134.322,-4.0016],[134.3222,-4.0043],[134.3275,-4.0078],[134.3352,-4.0184],[134.335,-4.0233],[134.3327,-4.0243],[134.3297,-4.0189],[134.3273,-4.0206],[134.3296,-4.0253],[134.3251,-4.0296],[134.3176,-4.0428],[134.3106,-4.0459],[134.3027,-4.0465],[134.2978,-4.0437],[134.2929,-4.0434],[134.2908,-4.0415],[134.292,-4.0376],[134.2894,-4.0321],[134.2921,-4.024],[134.2802,-4.0031],[134.2755,-3.9982],[134.2626,-3.9899],[134.2619,-3.9856],[134.2447,-3.9683],[134.2398,-3.9667],[134.2389,-3.9688],[134.2475,-3.9786],[134.2432,-3.9806],[134.2395,-3.9805],[134.2152,-3.9705],[134.1984,-3.9609],[134.1938,-3.9541],[134.1844,-3.9456],[134.1817,-3.9381],[134.1754,-3.9323],[134.1751,-3.9268],[134.1732,-3.925],[134.1655,-3.9238],[134.1717,-3.9209],[134.1688,-3.9168],[134.17,-3.9138],[134.1737,-3.9109],[134.1708,-3.9074],[134.1688,-3.8925],[134.1658,-3.8967],[134.1659,-3.8992],[134.1611,-3.9046],[134.154,-3.8965],[134.136,-3.8948],[134.1337,-3.8959],[134.1324,-3.901],[134.1261,-3.9039],[134.1202,-3.9036],[134.1207,-3.908],[134.1185,-3.9081],[134.1159,-3.9016],[134.1102,-3.9061],[134.1115,-3.8959],[134.1067,-3.8988],[134.1044,-3.8982],[134.1067,-3.8936],[134.1186,-3.8851],[134.1296,-3.8811],[134.1356,-3.8755],[134.1426,-3.8757],[134.1453,-3.8742],[134.1498,-3.8707],[134.1541,-3.8623],[134.1659,-3.855],[134.1832,-3.838],[134.1946,-3.8311],[134.1881,-3.8252],[134.1859,-3.8251],[134.1843,-3.8294],[134.1819,-3.828],[134.184,-3.8209],[134.177,-3.8123],[134.1782,-3.8073],[134.173,-3.7983],[134.1784,-3.7925],[134.1723,-3.7903],[134.1775,-3.777],[134.175,-3.7772],[134.1714,-3.7746],[134.1663,-3.7812],[134.1613,-3.7818],[134.1637,-3.7785],[134.1638,-3.7756],[134.1625,-3.7732],[134.1581,-3.7722],[134.1587,-3.7683],[134.1543,-3.7679],[134.1531,-3.7616],[134.1487,-3.7621],[134.1452,-3.7571],[134.145,-3.7473],[134.1382,-3.7442],[134.136,-3.7416],[134.123,-3.7358],[134.1158,-3.7236],[134.105,-3.7198],[134.1029,-3.7153],[134.0932,-3.7136],[134.0762,-3.6999],[134.0594,-3.6691],[134.0677,-3.6549],[134.0704,-3.6528],[134.072,-3.628],[134.0904,-3.6144],[134.0844,-3.5988],[134.097,-3.5867],[134.0849,-3.5685],[134.0668,-3.5656],[134.0648,-3.5408],[134.0535,-3.5314],[134.063,-3.4973],[134.052,-3.5314],[134.0642,-3.5423],[134.0648,-3.5664],[134.085,-3.5701],[134.0952,-3.5869],[134.0829,-3.5976],[134.0885,-3.6142],[134.0704,-3.628],[134.0686,-3.6519],[134.0576,-3.6677],[134.0574,-3.6705],[134.0755,-3.7015],[134.0926,-3.7147],[134.1023,-3.716],[134.1038,-3.7201],[134.1153,-3.7243],[134.1225,-3.7362],[134.1367,-3.7428],[134.1401,-3.7461],[134.1342,-3.7525],[134.1336,-3.763],[134.132,-3.7641],[134.1275,-3.7639],[134.1246,-3.7597],[134.126,-3.7543],[134.1248,-3.7522],[134.119,-3.7508],[134.1183,-3.7485],[134.1125,-3.754],[134.1085,-3.7627],[134.1038,-3.7678],[134.1033,-3.7699],[134.1113,-3.7748],[134.1134,-3.7798],[134.1173,-3.7793],[134.1181,-3.7875],[134.1208,-3.7916],[134.114,-3.7955],[134.1043,-3.7981],[134.1,-3.8019],[134.0926,-3.8038],[134.0902,-3.8085],[134.0757,-3.8186],[134.073,-3.8226],[134.0708,-3.8228],[134.0696,-3.8208],[134.0651,-3.8235],[134.0527,-3.8105],[134.0516,-3.8028],[134.0527,-3.7956],[134.0495,-3.7915],[134.0498,-3.789],[134.0481,-3.7872],[134.046,-3.788],[134.0454,-3.786],[134.0432,-3.7852],[134.0378,-3.7903],[134.0297,-3.793],[134.0212,-3.8028],[134.016,-3.8041],[134.0127,-3.8076],[134.0073,-3.8099],[133.9946,-3.8295],[133.9919,-3.8243],[133.9895,-3.8247],[133.9832,-3.8363],[133.9818,-3.8507],[133.9769,-3.8505],[133.9784,-3.8487],[133.9779,-3.8448],[133.9726,-3.8489],[133.9677,-3.8497],[133.9686,-3.8559],[133.9754,-3.8555],[133.9752,-3.8575],[133.9645,-3.8639],[133.9596,-3.8598],[133.9588,-3.856],[133.9486,-3.8506],[133.9396,-3.8385],[133.933,-3.8227],[133.9343,-3.8167],[133.9301,-3.8157],[133.9165,-3.7846],[133.9175,-3.767],[133.9213,-3.7557],[133.929,-3.7619],[133.9337,-3.7698],[133.9388,-3.7707],[133.9395,-3.7731],[133.9462,-3.7763],[133.9361,-3.7604],[133.9366,-3.7551],[133.9321,-3.7547],[133.932,-3.7572],[133.9298,-3.7576],[133.9237,-3.7503],[133.9191,-3.7479],[133.9143,-3.7272],[133.9156,-3.7223],[133.9115,-3.7184],[133.911,-3.7058],[133.9093,-3.7009],[133.9044,-3.6938],[133.892,-3.686],[133.8869,-3.6773],[133.8871,-3.6721],[133.8661,-3.6604],[133.8617,-3.653],[133.8498,-3.6433],[133.8468,-3.6384],[133.8417,-3.6148],[133.8468,-3.6009],[133.8424,-3.578],[133.8433,-3.5697],[133.8399,-3.5595],[133.8224,-3.5688],[133.8181,-3.576],[133.8122,-3.581],[133.8083,-3.5879],[133.7921,-3.6062],[133.7892,-3.6182],[133.7906,-3.6327],[133.7897,-3.6434],[133.7932,-3.6461],[133.7962,-3.6519],[133.8043,-3.6777],[133.8115,-3.6919],[133.8176,-3.6985],[133.8225,-3.7131],[133.8232,-3.7185],[133.8209,-3.7297],[133.8179,-3.7307],[133.8036,-3.7137],[133.8021,-3.7087],[133.7954,-3.7066],[133.7929,-3.7027],[133.7868,-3.6991],[133.785,-3.6944],[133.776,-3.6853],[133.7733,-3.6747],[133.7714,-3.673],[133.766,-3.673],[133.7646,-3.6628],[133.7552,-3.6496],[133.7509,-3.6494],[133.7409,-3.6523],[133.7387,-3.6515],[133.7305,-3.6623],[133.7237,-3.666],[133.7156,-3.668],[133.7065,-3.676],[133.6956,-3.6747],[133.6945,-3.6724],[133.6986,-3.6624],[133.6992,-3.6397],[133.7101,-3.6229],[133.7129,-3.6145],[133.712,-3.6083],[133.7064,-3.5973],[133.7064,-3.59],[133.7015,-3.592],[133.6985,-3.5907],[133.6973,-3.5874],[133.7003,-3.5787],[133.6991,-3.5765],[133.6965,-3.5797],[133.6922,-3.5776],[133.6902,-3.5626],[133.6782,-3.5486],[133.6749,-3.5499],[133.6738,-3.5482],[133.6729,-3.5458],[133.6763,-3.5391],[133.6759,-3.5369],[133.6698,-3.5397],[133.6686,-3.5352],[133.6636,-3.5314],[133.661,-3.5274],[133.6626,-3.516],[133.6591,-3.5167],[133.658,-3.5194],[133.6559,-3.5185],[133.6516,-3.5083],[133.6539,-3.5044],[133.6525,-3.502],[133.6464,-3.4994],[133.6463,-3.5016],[133.6438,-3.5021],[133.6372,-3.494],[133.6312,-3.4895],[133.6283,-3.4822],[133.6302,-3.4776],[133.6354,-3.4775],[133.6406,-3.4736],[133.6428,-3.4588],[133.6422,-3.4525],[133.646,-3.4513],[133.6611,-3.4531],[133.6691,-3.4493],[133.6717,-3.4452],[133.6839,-3.4389],[133.6907,-3.4236],[133.6959,-3.4173],[133.7012,-3.4138],[133.7029,-3.4099],[133.7033,-3.4056],[133.6911,-3.3752],[133.6879,-3.3604],[133.6884,-3.3544],[133.6848,-3.3521],[133.6847,-3.3471],[133.6804,-3.3359],[133.6813,-3.3339],[133.6777,-3.3266],[133.6738,-3.3252],[133.6731,-3.3231],[133.681,-3.3243],[133.6821,-3.3222],[133.6734,-3.2707],[133.672,-3.2448],[133.6754,-3.2313],[133.6802,-3.228],[133.6871,-3.219],[133.7009,-3.2193],[133.7042,-3.218],[133.709,-3.2128],[133.7096,-3.1904],[133.7041,-3.18],[133.7058,-3.1743],[133.7088,-3.1739],[133.7126,-3.1787],[133.7234,-3.1817],[133.7335,-3.1749],[133.7457,-3.1731],[133.7627,-3.1789],[133.7724,-3.1787],[133.7785,-3.1749],[133.7795,-3.1727],[133.7777,-3.1701],[133.778,-3.1625],[133.7814,-3.1566],[133.7803,-3.1524],[133.7829,-3.1493],[133.7844,-3.1424],[133.7828,-3.1353],[133.7785,-3.1282],[133.7784,-3.1189],[133.78,-3.1166],[133.7838,-3.1165],[133.7843,-3.1146],[133.7908,-3.1182],[133.7962,-3.1166],[133.7993,-3.122],[133.8022,-3.1231],[133.8107,-3.1207],[133.8129,-3.1187],[133.8144,-3.1138],[133.813,-3.1089],[133.8151,-3.1073],[133.8233,-3.1063],[133.8283,-3.0975],[133.8353,-3.0934],[133.8392,-3.0827],[133.8348,-3.0642],[133.8359,-3.0474],[133.8339,-3.0393],[133.8422,-3.0249],[133.8449,-3.0236],[133.853,-3.025],[133.8629,-3.0368],[133.8639,-3.048],[133.8679,-3.056],[133.8704,-3.0586],[133.8792,-3.0597],[133.8831,-3.0617],[133.895,-3.0814],[133.9023,-3.0871],[133.8956,-3.0951],[133.8965,-3.1019],[133.9,-3.1046],[133.9009,-3.1077],[133.8992,-3.11],[133.9002,-3.1116],[133.8964,-3.1133],[133.9005,-3.112],[133.8998,-3.11],[133.9015,-3.1079],[133.9008,-3.1046],[133.8974,-3.1013],[133.9158,-3.1004],[133.9227,-3.1047],[133.9162,-3.0999],[133.8976,-3.1001],[133.8984,-3.0977],[133.8967,-3.0947],[133.9039,-3.0872],[133.9126,-3.0828],[133.9519,-3.0801],[133.9543,-3.0742],[133.9633,-3.0715],[133.9707,-3.0623],[133.9616,-3.0712],[133.954,-3.0728],[133.9506,-3.079],[133.9351,-3.0785],[133.9108,-3.0812],[133.9053,-3.0847],[133.8971,-3.0765],[133.8832,-3.0474],[133.8682,-3.0285],[133.8761,-3.0192],[133.8713,-3.014],[133.8666,-3.0051],[133.8618,-2.9818],[133.8618,-2.9673],[133.8639,-2.9621],[133.8684,-2.9592],[133.8731,-2.9616],[133.8791,-2.961],[133.8731,-2.961],[133.8689,-2.9587],[133.8756,-2.9554],[133.8789,-2.9529],[133.868,-2.9583],[133.8645,-2.9565],[133.8669,-2.9584],[133.8663,-2.9594],[133.8634,-2.9614],[133.856,-2.9727],[133.8486,-2.9794],[133.8455,-2.9894],[133.8384,-2.9953],[133.8245,-3.0047],[133.8116,-3.0073],[133.8007,-3.0142],[133.7996,-3.0234],[133.8015,-3.0291],[133.7994,-3.0304],[133.7957,-3.0274],[133.7885,-3.0262],[133.7818,-3.0278],[133.7686,-3.023],[133.7614,-3.0262],[133.7605,-3.0306],[133.7494,-3.0232],[133.7354,-3.0249],[133.722,-3.0309],[133.6992,-3.0273],[133.7124,-3.0315],[133.722,-3.0326],[133.7357,-3.0258],[133.747,-3.0245],[133.7531,-3.0262],[133.7576,-3.0302],[133.758,-3.0327],[133.7567,-3.0344],[133.7519,-3.0348],[133.7429,-3.0338],[133.7301,-3.0438],[133.7214,-3.0603],[133.7055,-3.082],[133.6985,-3.0878],[133.6918,-3.0974],[133.6828,-3.1029],[133.6772,-3.1203],[133.6731,-3.1255],[133.6687,-3.1211],[133.6578,-3.1228],[133.6573,-3.128],[133.6611,-3.1364],[133.66,-3.1435],[133.6627,-3.1498],[133.6627,-3.1534],[133.6614,-3.1547],[133.6592,-3.1542],[133.6578,-3.1627],[133.6644,-3.1689],[133.6649,-3.1747],[133.6696,-3.1758],[133.6674,-3.1944],[133.6712,-3.202],[133.6718,-3.2086],[133.6778,-3.2127],[133.6748,-3.219],[133.6655,-3.2228],[133.6616,-3.2264],[133.6597,-3.2319],[133.656,-3.236],[133.6617,-3.2529],[133.6628,-3.2792],[133.6716,-3.307],[133.6652,-3.3113],[133.6676,-3.3215],[133.6651,-3.323],[133.6618,-3.3314],[133.6631,-3.3339],[133.6687,-3.3329],[133.6712,-3.3437],[133.6672,-3.3573],[133.6688,-3.3713],[133.667,-3.379],[133.6554,-3.399],[133.6427,-3.4151],[133.6359,-3.4183],[133.6305,-3.4164],[133.6203,-3.4176],[133.6131,-3.4144],[133.6106,-3.4151],[133.6092,-3.421],[133.6064,-3.4229],[133.6008,-3.4249],[133.59,-3.4259],[133.589,-3.4303],[133.5872,-3.4311],[133.579,-3.4302],[133.569,-3.4325],[133.5645,-3.4309],[133.5574,-3.4162],[133.5489,-3.411],[133.548,-3.4195],[133.5543,-3.4242],[133.5543,-3.4266],[133.5596,-3.4335],[133.5569,-3.4345],[133.5534,-3.4408],[133.5463,-3.4427],[133.5271,-3.4401],[133.5169,-3.4368],[133.5023,-3.4266],[133.4985,-3.4179],[133.4787,-3.4202],[133.4702,-3.4085],[133.4667,-3.4069],[133.4721,-3.4211],[133.4784,-3.4226],[133.4951,-3.4218],[133.4968,-3.4246],[133.4939,-3.4266],[133.4965,-3.4302],[133.5209,-3.4442],[133.5496,-3.4548],[133.5508,-3.4574],[133.554,-3.458],[133.5558,-3.4603],[133.5638,-3.4789],[133.5791,-3.4973],[133.5855,-3.5093],[133.5912,-3.5135],[133.5979,-3.5221],[133.6022,-3.5313],[133.6018,-3.5352],[133.5936,-3.5497],[133.5873,-3.5744],[133.5669,-3.5838],[133.5603,-3.5838],[133.5551,-3.5856],[133.5438,-3.5943],[133.5391,-3.5967],[133.5334,-3.5971],[133.526,-3.6071],[133.5082,-3.6179],[133.496,-3.6218],[133.4988,-3.6112],[133.5061,-3.5987],[133.5086,-3.5913],[133.5061,-3.5807],[133.5016,-3.5757],[133.4975,-3.5742],[133.4971,-3.572],[133.4984,-3.5703],[133.5126,-3.5646],[133.5133,-3.5579],[133.5033,-3.5479],[133.5053,-3.5393],[133.515,-3.5354],[133.5146,-3.5315],[133.5029,-3.5349],[133.4992,-3.5415],[133.5009,-3.5501],[133.5092,-3.5605],[133.4953,-3.5646],[133.4916,-3.5577],[133.4864,-3.557],[133.4782,-3.5599],[133.4732,-3.5527],[133.4589,-3.5466],[133.4511,-3.5352],[133.4456,-3.5234],[133.4393,-3.5196],[133.4351,-3.5116],[133.3985,-3.5073],[133.4221,-3.5297],[133.433,-3.5343],[133.4486,-3.5453],[133.4077,-3.5453],[133.3905,-3.54],[133.3803,-3.544],[133.3542,-3.5491],[133.3509,-3.544],[133.3437,-3.5385],[133.3378,-3.5402],[133.3328,-3.5374],[133.3289,-3.5394],[133.3113,-3.5394],[133.2965,-3.5373],[133.2847,-3.5322],[133.2881,-3.5394],[133.3079,-3.5427],[133.3424,-3.5427],[133.3513,-3.5528],[133.3938,-3.5457],[133.4187,-3.5512],[133.455,-3.5484],[133.4645,-3.5551],[133.4717,-3.5631],[133.484,-3.5633],[133.4892,-3.5614],[133.491,-3.5638],[133.4939,-3.5761],[133.5005,-3.5889],[133.4799,-3.6067],[133.4955,-3.6279],[133.487,-3.6339],[133.4764,-3.6558],[133.4598,-3.6744],[133.4394,-3.6882],[133.4164,-3.6975],[133.4139,-3.7003],[133.4123,-3.7063],[133.4125,-3.7142],[133.4017,-3.733],[133.399,-3.7429],[133.4008,-3.7557],[133.415,-3.7706],[133.4155,-3.7878],[133.4193,-3.8015],[133.4288,-3.8074],[133.441,-3.81],[133.4582,-3.8253],[133.4594,-3.8276],[133.459,-3.8364],[133.4617,-3.8405],[133.466,-3.8584],[133.4631,-3.8644],[133.4548,-3.8648],[133.4488,-3.8683],[133.4417,-3.8664],[133.4344,-3.876],[133.4268,-3.8794],[133.411,-3.8759],[133.4037,-3.8765],[133.3945,-3.8808],[133.3908,-3.8805],[133.3708,-3.8751],[133.3624,-3.8684],[133.3323,-3.8584],[133.3315,-3.8535],[133.3336,-3.8503],[133.3333,-3.8425],[133.3277,-3.8606],[133.3244,-3.8651],[133.3258,-3.8673],[133.3301,-3.8611],[133.3393,-3.8627],[133.3581,-3.8703],[133.3665,-3.8765],[133.3794,-3.8827],[133.3943,-3.8864],[133.4091,-3.8813],[133.4193,-3.8824],[133.4129,-3.8869],[133.409,-3.8932],[133.4088,-3.9019],[133.411,-3.9062],[133.4087,-3.91],[133.3638,-3.9609],[133.3627,-3.9663],[133.355,-3.9758],[133.339,-3.9894],[133.3336,-4.0015],[133.3208,-4.0102],[133.2995,-4.0102],[133.2853,-4.0078],[133.2758,-4.0055],[133.2687,-3.9984],[133.2616,-3.996],[133.2474,-3.996],[133.2314,-3.9984],[133.2271,-4.0022],[133.2225,-4.0032],[133.221,-4.0117],[133.2084,-4.0242],[133.2067,-4.0232],[133.2,-4.0292],[133.1775,-4.0359],[133.1728,-4.0393],[133.1695,-4.0447]]]}},{"type":"Feature","properties":{"name":"KotaSorong","name_en":"KotaSorong","admin_level":"5","osm_id":""},"geometry":{"type":"Polygon","coordinates":[[[131.2653,-0.8876],[131.2631,-0.8859],[131.2641,-0.8838],[131.2586,-0.8806],[131.2577,-0.8813],[131.2562,-0.8792],[131.242,-0.8765],[131.2457,-0.8734],[131.2464,-0.8682],[131.2452,-0.8661],[131.2469,-0.8632],[131.2454,-0.8549],[131.2476,-0.8514],[131.2437,-0.8502],[131.2453,-0.8465],[131.2429,-0.8439],[131.2411,-0.8443],[131.2424,-0.8402],[131.2395,-0.8379],[131.2378,-0.8334],[131.2358,-0.8323],[131.2365,-0.8314],[131.2281,-0.8292],[131.2253,-0.8214],[131.2325,-0.8165],[131.2456,-0.8201],[131.2492,-0.8166],[131.2556,-0.8162],[131.2592,-0.813],[131.2695,-0.8094],[131.2737,-0.8103],[131.2838,-0.805],[131.2941,-0.8057],[131.2982,-0.8028],[131.3043,-0.803],[131.3151,-0.7974],[131.3232,-0.7977],[131.3293,-0.7945],[131.3297,-0.7889],[131.348,-0.7868],[131.35,-0.7846],[131.3556,-0.7828],[131.355,-0.7814],[131.3574,-0.7822],[131.3599,-0.7801],[131.3628,-0.7826],[131.3686,-0.7817],[131.3757,-0.7835],[131.384,-0.7792],[131.3988,-0.7768],[131.4014,-0.795],[131.3973,-0.8015],[131.3976,-0.808],[131.4022,-0.81],[131.4044,-0.8093],[131.4063,-0.8148],[131.4086,-0.8165],[131.4069,-0.8183],[131.4051,-0.8166],[131.4041,-0.8177],[131.4025,-0.8233],[131.399,-0.8236],[131.397,-0.8203],[131.3957,-0.8246],[131.3927,-0.8252],[131.3889,-0.8229],[131.3884,-0.826],[131.3917,-0.8277],[131.3947,-0.8383],[131.4016,-0.8417],[131.4007,-0.8452],[131.4047,-0.8477],[131.4052,-0.8504],[131.3968,-0.8563],[131.3975,-0.8577],[131.403,-0.8612],[131.4083,-0.8595],[131.4104,-0.8628],[131.4149,-0.8645],[131.4112,-0.8693],[131.416,-0.8671],[131.4168,-0.8714],[131.4223,-0.8731],[131.4225,-0.8747],[131.4189,-0.8766],[131.4186,-0.8873],[131.4222,-0.8926],[131.4216,-0.9002],[131.4246,-0.9052],[131.4236,-0.9083],[131.4299,-0.9137],[131.4313,-0.9214],[131.429,-0.928],[131.4337,-0.9374],[131.4332,-0.9438],[131.4268,-0.9475],[131.4239,-0.9463],[131.4102,-0.955],[131.4049,-0.9555],[131.3938,-0.9529],[131.3664,-0.9523],[131.3616,-0.9507],[131.3573,-0.9524],[131.349,-0.9501],[131.3463,-0.9507],[131.3407,-0.9467],[131.3317,-0.9476],[131.3237,-0.9445],[131.3177,-0.9443],[131.3155,-0.9458],[131.3112,-0.942],[131.3022,-0.9389],[131.2955,-0.9316],[131.29,-0.9337],[131.2846,-0.934],[131.28,-0.9316],[131.27,-0.9338],[131.267,-0.9305],[131.267,-0.9262],[131.269,-0.9258],[131.2699,-0.9236],[131.2682,-0.9205],[131.2717,-0.9177],[131.2761,-0.9224],[131.279,-0.9212],[131.2833,-0.9245],[131.277,-0.919],[131.2769,-0.9164],[131.2807,-0.9175],[131.2846,-0.9158],[131.2856,-0.9137],[131.295,-0.9179],[131.2975,-0.9161],[131.301,-0.9219],[131.3008,-0.9187],[131.2984,-0.9153],[131.2888,-0.9114],[131.2868,-0.9089],[131.2863,-0.9055],[131.2882,-0.9003],[131.2859,-0.8969],[131.2833,-0.8963],[131.2802,-0.8979],[131.2711,-0.8946],[131.2694,-0.8893],[131.2653,-0.8876]]]}},{"type":"Feature","properties":{"name":"Manokwari","name_en":"Manokwari","admin_level":"5","osm_id":""},"geometry":{"type":"Polygon","coordinates":[[[134.0014,-2.0085],[133.9549,-2.0154],[133.9209,-2.0177],[133.8822,-2.0226],[133.8748,-2.0034],[133.8717,-1.992],[133.8736,-1.9673],[133.8718,-1.9535],[133.8417,-1.8697],[133.8373,-1.8296],[133.8386,-1.8189],[133.8359,-1.807],[133.8372,-1.7861],[133.843,-1.7595],[133.8624,-1.7152],[133.862,-1.7062],[133.8661,-1.7032],[133.8688,-1.6916],[133.8729,-1.6572],[133.8663,-1.5967],[133.8547,-1.6],[133.8143,-1.6004],[133.8052,-1.5977],[133.7596,-1.5946],[133.6838,-1.594],[133.6662,-1.5925],[133.6523,-1.5881],[133.6642,-1.5427],[133.6658,-1.5105],[133.6659,-1.4814],[133.6597,-1.4102],[133.6617,-1.3953],[133.6629,-1.3631],[133.615,-1.3527],[133.5721,-1.338],[133.5262,-1.3257],[133.4698,-1.3131],[133.4266,-1.3014],[133.4012,-1.2978],[133.3378,-1.2762],[133.3017,-1.2693],[133.2932,-1.2661],[133.2492,-1.2624],[133.2342,-1.2578],[133.1752,-1.2461],[133.1104,-1.2309],[133.0321,-1.2205],[133.0054,-1.2156],[132.9882,-1.2105],[132.9693,-1.2078],[132.9474,-1.2004],[132.864,-1.1878],[132.8209,-1.1794],[132.7944,-1.1721],[132.7319,-1.1687],[132.7126,-1.1628],[132.676,-1.1455],[132.5812,-1.1344],[132.5813,-1.1332],[132.5057,-1.1265],[132.4927,-1.1165],[132.4861,-1.0898],[132.4974,-1.0752],[132.5277,-1.069],[132.5519,-1.0691],[132.5818,-1.0604],[132.6042,-1.0464],[132.6623,-0.9871],[132.6793,-0.959],[132.6813,-0.9608],[132.6824,-0.9576],[132.6879,-0.9705],[132.7263,-0.9609],[132.7492,-0.9423],[132.7783,-0.9435],[132.8167,-0.9282],[132.8333,-0.8778],[132.8493,-0.8481],[132.8607,-0.823],[132.8716,-0.8128],[132.8142,-0.7999],[132.8237,-0.7872],[132.8488,-0.7772],[132.8503,-0.7672],[132.8564,-0.7557],[132.8663,-0.7442],[132.8995,-0.7153],[132.8573,-0.6932],[132.7767,-0.6326],[132.7903,-0.6226],[132.8094,-0.601],[132.811,-0.5698],[132.8272,-0.5915],[132.8515,-0.616],[132.8888,-0.6211],[132.9395,-0.6113],[132.9737,-0.6536],[132.9964,-0.6413],[133.0123,-0.59],[133.0133,-0.5839],[133.012,-0.568],[133.0162,-0.5536],[133.0162,-0.5295],[133.0246,-0.5132],[133.0308,-0.5194],[133.0372,-0.5212],[133.0415,-0.5205],[133.047,-0.5155],[133.05,-0.5158],[133.0515,-0.5189],[133.0592,-0.5194],[133.0699,-0.516],[133.0707,-0.5199],[133.0706,-0.5172],[133.0727,-0.5167],[133.0815,-0.5172],[133.0816,-0.5284],[133.087,-0.5382],[133.0961,-0.5455],[133.1078,-0.5483],[133.1121,-0.5514],[133.1228,-0.5532],[133.1273,-0.545],[133.1447,-0.5436],[133.1516,-0.5462],[133.1593,-0.5536],[133.1583,-0.567],[133.1628,-0.5722],[133.1721,-0.5775],[133.1736,-0.5806],[133.1792,-0.5848],[133.2259,-0.6003],[133.237,-0.6086],[133.2386,-0.612],[133.2471,-0.6189],[133.2497,-0.6275],[133.2722,-0.6506],[133.29,-0.6606],[133.3215,-0.6986],[133.3499,-0.7149],[133.3737,-0.725],[133.3865,-0.7372],[133.3927,-0.7408],[133.4183,-0.7364],[133.4525,-0.7404],[133.4969,-0.7413],[133.5083,-0.7435],[133.5066,-0.7477],[133.5086,-0.7443],[133.5285,-0.7478],[133.5502,-0.7456],[133.5506,-0.747],[133.5506,-0.7456],[133.5683,-0.7379],[133.569,-0.7298],[133.5647,-0.7239],[133.5654,-0.7216],[133.5714,-0.72],[133.5729,-0.7203],[133.5746,-0.7246],[133.5772,-0.7243],[133.5777,-0.7207],[133.5795,-0.7204],[133.5798,-0.723],[133.5829,-0.7267],[133.6055,-0.7346],[133.6257,-0.738],[133.6361,-0.7351],[133.6608,-0.7378],[133.709,-0.7468],[133.7196,-0.7507],[133.7278,-0.7469],[133.7327,-0.7419],[133.7379,-0.7315],[133.7366,-0.7261],[133.7296,-0.7231],[133.7299,-0.722],[133.74,-0.7183],[133.7429,-0.7193],[133.744,-0.7216],[133.7481,-0.7207],[133.7496,-0.7185],[133.7544,-0.7178],[133.7615,-0.7223],[133.7591,-0.7273],[133.7639,-0.7287],[133.7704,-0.7287],[133.7729,-0.7302],[133.7774,-0.7294],[133.7776,-0.7224],[133.7826,-0.7271],[133.7859,-0.7248],[133.789,-0.7251],[133.7909,-0.7277],[133.7953,-0.7249],[133.7974,-0.7272],[133.7997,-0.7394],[133.8073,-0.7461],[133.813,-0.7475],[133.818,-0.747],[133.8326,-0.7351],[133.8384,-0.7329],[133.8495,-0.7328],[133.8513,-0.7277],[133.8533,-0.7306],[133.8577,-0.7311],[133.8628,-0.7292],[133.8619,-0.7257],[133.8666,-0.7249],[133.8651,-0.7199],[133.8767,-0.7138],[133.8815,-0.7141],[133.8924,-0.7184],[133.8961,-0.725],[133.899,-0.7272],[133.9041,-0.7274],[133.9082,-0.7224],[133.9144,-0.7202],[133.9222,-0.7215],[133.9285,-0.7328],[133.9327,-0.7331],[133.936,-0.7293],[133.9412,-0.7166],[133.946,-0.7139],[133.9502,-0.7138],[133.9611,-0.7203],[133.9641,-0.7187],[133.965,-0.7232],[133.969,-0.7232],[133.9734,-0.7198],[133.9775,-0.7236],[133.9776,-0.7259],[133.9857,-0.732],[133.9826,-0.7419],[133.9896,-0.7555],[133.9931,-0.7579],[133.9924,-0.7587],[134.0039,-0.7726],[134.0146,-0.7817],[134.0277,-0.7897],[134.0322,-0.797],[134.0413,-0.8032],[134.0595,-0.8094],[134.0792,-0.8142],[134.0826,-0.8135],[134.0851,-0.8222],[134.1048,-0.8423],[134.1259,-0.8559],[134.1264,-0.8622],[134.1304,-0.8647],[134.1338,-0.8618],[134.1367,-0.8639],[134.1357,-0.8694],[134.1335,-0.872],[134.1316,-0.87],[134.1333,-0.8719],[134.1289,-0.877],[134.1247,-0.8799],[134.1205,-0.8803],[134.1164,-0.8788],[134.1161,-0.8767],[134.1188,-0.8752],[134.1161,-0.876],[134.1136,-0.8716],[134.1088,-0.87],[134.1053,-0.8731],[134.1006,-0.8736],[134.0992,-0.8781],[134.0893,-0.8788],[134.0782,-0.8734],[134.0765,-0.8691],[134.071,-0.8659],[134.0713,-0.8611],[134.069,-0.8586],[134.067,-0.8654],[134.0688,-0.8669],[134.0693,-0.8706],[134.0662,-0.8707],[134.0685,-0.8716],[134.0692,-0.8758],[134.0639,-0.8761],[134.0547,-0.8675],[134.0501,-0.8693],[134.05,-0.8808],[134.0549,-0.8911],[134.0541,-0.8965],[134.0496,-0.9022],[134.0392,-0.8996],[134.0388,-0.9017],[134.0403,-0.9041],[134.0399,-0.9108],[134.0424,-0.9119],[134.0455,-0.9187],[134.0442,-0.9248],[134.0409,-0.9279],[134.0208,-0.9291],[134.0108,-0.9449],[134.0103,-0.9572],[134.0149,-0.9659],[134.0251,-0.9788],[134.0367,-0.9852],[134.0388,-0.9931],[134.0459,-1.0027],[134.0652,-1.0144],[134.0709,-1.0211],[134.0734,-1.0271],[134.075,-1.0389],[134.072,-1.0596],[134.0735,-1.0692],[134.0847,-1.086],[134.0991,-1.0977],[134.1052,-1.11],[134.1039,-1.1234],[134.1057,-1.1264],[134.1301,-1.1494],[134.133,-1.1484],[134.1451,-1.1645],[134.1598,-1.1788],[134.1695,-1.183],[134.1765,-1.1887],[134.1857,-1.1915],[134.1926,-1.1972],[134.2006,-1.207],[134.2034,-1.2128],[134.2041,-1.2275],[134.2077,-1.2348],[134.2146,-1.2446],[134.2245,-1.2637],[134.2348,-1.2779],[134.2462,-1.2899],[134.2458,-1.3001],[134.2493,-1.3111],[134.2559,-1.3181],[134.2758,-1.3317],[134.2797,-1.3446],[134.2768,-1.351],[134.274,-1.3498],[134.2695,-1.3416],[134.2642,-1.3407],[134.2561,-1.3482],[134.2467,-1.3526],[134.2409,-1.3584],[134.2291,-1.3759],[134.2241,-1.3895],[134.2154,-1.4062],[134.2128,-1.4159],[134.2113,-1.4334],[134.1987,-1.4538],[134.1982,-1.4642],[134.2099,-1.4915],[134.2115,-1.4996],[134.2092,-1.5092],[134.201,-1.5223],[134.1991,-1.5343],[134.1957,-1.5435],[134.1991,-1.546],[134.1989,-1.548],[134.1958,-1.548],[134.1925,-1.5439],[134.1903,-1.5438],[134.1885,-1.5519],[134.1906,-1.5559],[134.1897,-1.5582],[134.1881,-1.5597],[134.1834,-1.556],[134.1821,-1.5645],[134.1765,-1.5683],[134.1659,-1.582],[134.1446,-1.5975],[134.1307,-1.6232],[134.121,-1.6363],[134.117,-1.6387],[134.1062,-1.6384],[134.1016,-1.6351],[134.1,-1.6401],[134.0941,-1.641],[134.0928,-1.6439],[134.0881,-1.6465],[134.0754,-1.6492],[134.0705,-1.6533],[134.0707,-1.6586],[134.0752,-1.658],[134.0808,-1.6598],[134.0891,-1.7067],[134.0929,-1.7682],[134.0651,-1.7701],[134.0448,-1.7685],[134.0033,-1.7715],[134.0058,-1.825],[134.0058,-1.862],[134.0031,-1.8621],[134.0046,-1.91],[134.0188,-2.0049],[134.0014,-2.0085]]]}},{"type":"Feature","properties":{"name":"Maybrat","name_en":"Maybrat","admin_level":"5","osm_id":""},"geometry":{"type":"Polygon","coordinates":[[[132.5426,-1.6665],[132.5245,-1.7052],[132.5167,-1.7334],[132.4967,-1.7814],[132.4931,-1.7647],[132.4635,-1.7382],[132.4385,-1.7039],[132.4339,-1.6697],[132.4136,-1.6276],[132.3934,-1.6105],[132.3701,-1.5958],[132.3725,-1.587],[132.3337,-1.5557],[132.3218,-1.5427],[132.3055,-1.5476],[132.3067,-1.5289],[132.3095,-1.5207],[132.3107,-1.5063],[132.3061,-1.4925],[132.3066,-1.4878],[132.3043,-1.487],[132.2891,-1.469],[132.2746,-1.463],[132.2662,-1.4522],[132.2446,-1.4377],[132.2367,-1.4341],[132.2022,-1.4443],[132.1847,-1.4366],[132.1701,-1.4349],[132.1688,-1.4324],[132.1015,-1.4283],[132.1057,-1.4094],[132.1212,-1.3618],[132.0975,-1.3489],[132.0783,-1.3458],[132.035,-1.3188],[132.0172,-1.3048],[132.0134,-1.3034],[132.0127,-1.2867],[132.0208,-1.2785],[132.0217,-1.2598],[132.0176,-1.2483],[132.013,-1.2418],[132.0382,-1.2389],[132.0725,-1.2256],[132.0695,-1.1912],[132.0701,-1.17],[132.0253,-1.0677],[132.0919,-1.0698],[132.1143,-1.067],[132.1601,-1.0683],[132.1828,-1.067],[132.2255,-1.0716],[132.2276,-1.0695],[132.2635,-1.075],[132.2797,-1.0739],[132.3112,-1.0769],[132.3307,-1.0747],[132.3442,-1.0795],[132.3671,-1.0832],[132.3814,-1.0874],[132.4296,-1.0888],[132.4389,-1.0917],[132.4468,-1.0915],[132.4528,-1.0884],[132.4761,-1.0938],[132.4872,-1.0944],[132.4927,-1.1165],[132.5057,-1.1265],[132.5813,-1.1332],[132.5812,-1.1344],[132.676,-1.1455],[132.7088,-1.1605],[132.7227,-1.184],[132.7233,-1.1967],[132.7199,-1.219],[132.6721,-1.2953],[132.6328,-1.3619],[132.6096,-1.3953],[132.5999,-1.4146],[132.5681,-1.5941],[132.5499,-1.6508],[132.5426,-1.6665]]]}},{"type":"Feature","properties":{"name":"RajaAmpat","name_en":"RajaAmpat","admin_level":"5","osm_id":""},"geometry":{"type":"Polygon","coordinates":[[[130.3343,-0.2576],[130.3333,-0.2624],[130.3229,-0.273],[130.3203,-0.2722],[130.3236,-0.2639],[130.3167,-0.2647],[130.3153,-0.2673],[130.3163,-0.2718],[130.3144,-0.2739],[130.3109,-0.2754],[130.3077,-0.2744],[130.3123,-0.2632],[130.3128,-0.2539],[130.3067,-0.2467],[130.2849,-0.2346],[130.2829,-0.2281],[130.2723,-0.2262],[130.2556,-0.228],[130.2453,-0.2268],[130.2143,-0.2164],[130.2119,-0.2093],[130.2184,-0.2032],[130.2451,-0.2054],[130.2582,-0.2109],[130.2637,-0.2155],[130.2594,-0.2225],[130.2749,-0.2165],[130.287,-0.2193],[130.297,-0.2164],[130.3063,-0.2196],[130.3098,-0.2164],[130.3204,-0.2188],[130.3288,-0.2175],[130.3325,-0.2195],[130.3374,-0.2076],[130.3464,-0.2028],[130.3518,-0.2035],[130.3601,-0.202],[130.3642,-0.2052],[130.367,-0.205],[130.3704,-0.2117],[130.3665,-0.2117],[130.3667,-0.2166],[130.3692,-0.2201],[130.369,-0.2226],[130.3665,-0.2242],[130.3714,-0.2251],[130.3753,-0.2292],[130.3745,-0.2349],[130.3629,-0.231],[130.3644,-0.2392],[130.3677,-0.2402],[130.3748,-0.2379],[130.378,-0.2329],[130.3837,-0.2312],[130.3888,-0.2319],[130.3887,-0.2296],[130.3932,-0.2294],[130.3957,-0.2235],[130.4031,-0.2256],[130.4069,-0.2228],[130.4024,-0.2228],[130.4011,-0.221],[130.4049,-0.2157],[130.4005,-0.2137],[130.4087,-0.2063],[130.4162,-0.2068],[130.4158,-0.2047],[130.4194,-0.202],[130.4274,-0.2013],[130.4301,-0.1978],[130.4318,-0.199],[130.434,-0.1953],[130.4381,-0.1973],[130.4435,-0.1958],[130.4406,-0.192],[130.438,-0.1906],[130.4357,-0.1913],[130.4327,-0.1853],[130.4274,-0.1828],[130.425,-0.1784],[130.4228,-0.181],[130.4203,-0.1762],[130.4145,-0.1765],[130.4044,-0.1801],[130.3933,-0.1805],[130.3848,-0.1861],[130.3809,-0.1836],[130.3739,-0.1844],[130.3696,-0.1818],[130.3693,-0.1771],[130.3716,-0.1759],[130.4148,-0.1666],[130.4183,-0.1636],[130.4182,-0.1583],[130.4121,-0.1496],[130.4197,-0.1346],[130.4164,-0.1309],[130.403,-0.1283],[130.3984,-0.1257],[130.3933,-0.1257],[130.3919,-0.1274],[130.3932,-0.1344],[130.3975,-0.1403],[130.4054,-0.1401],[130.4052,-0.1485],[130.4102,-0.1518],[130.4118,-0.1609],[130.4039,-0.1583],[130.3987,-0.1627],[130.3984,-0.1651],[130.396,-0.1643],[130.3929,-0.1676],[130.3878,-0.1665],[130.3834,-0.1607],[130.3765,-0.1582],[130.3815,-0.1698],[130.3799,-0.1712],[130.3754,-0.1702],[130.3716,-0.1643],[130.3691,-0.1637],[130.3678,-0.1602],[130.3714,-0.1562],[130.3679,-0.153],[130.365,-0.1403],[130.3613,-0.1375],[130.3563,-0.1368],[130.3543,-0.1384],[130.3545,-0.143],[130.3586,-0.1487],[130.3548,-0.1542],[130.3582,-0.1578],[130.3557,-0.1587],[130.3525,-0.1573],[130.3425,-0.1467],[130.3334,-0.1437],[130.3307,-0.1401],[130.3258,-0.1402],[130.3224,-0.1432],[130.3221,-0.1494],[130.3285,-0.1552],[130.3336,-0.156],[130.3384,-0.16],[130.3419,-0.1689],[130.34,-0.1775],[130.3469,-0.1871],[130.3468,-0.1905],[130.3442,-0.1915],[130.3365,-0.1895],[130.3191,-0.1786],[130.2959,-0.1758],[130.2912,-0.1702],[130.2911,-0.1681],[130.3,-0.1643],[130.3007,-0.1613],[130.2966,-0.1596],[130.298,-0.1546],[130.2968,-0.1494],[130.2875,-0.1523],[130.2853,-0.1515],[130.2852,-0.149],[130.2752,-0.1471],[130.2724,-0.14],[130.2736,-0.1301],[130.2755,-0.1289],[130.2824,-0.1328],[130.2835,-0.1306],[130.2805,-0.1214],[130.2717,-0.1167],[130.2704,-0.1095],[130.2751,-0.1106],[130.2815,-0.1098],[130.2891,-0.1036],[130.2892,-0.0988],[130.2829,-0.0927],[130.2905,-0.0924],[130.2989,-0.1014],[130.3078,-0.1005],[130.3107,-0.102],[130.3114,-0.1064],[130.3133,-0.1072],[130.3209,-0.1067],[130.3206,-0.1042],[130.324,-0.103],[130.326,-0.1046],[130.33,-0.1045],[130.3326,-0.1063],[130.3331,-0.1101],[130.3379,-0.1049],[130.3382,-0.1004],[130.3313,-0.0927],[130.3384,-0.0916],[130.3357,-0.0851],[130.3371,-0.0791],[130.3387,-0.0764],[130.3431,-0.0766],[130.3423,-0.0813],[130.3467,-0.0858],[130.3436,-0.0946],[130.3482,-0.1017],[130.3399,-0.1084],[130.3399,-0.1105],[130.3474,-0.1165],[130.3475,-0.1266],[130.3503,-0.1321],[130.3524,-0.1323],[130.3591,-0.1273],[130.3628,-0.1216],[130.3658,-0.1196],[130.3709,-0.119],[130.374,-0.1143],[130.3685,-0.1022],[130.3722,-0.0979],[130.368,-0.0947],[130.3599,-0.0949],[130.3585,-0.0892],[130.3541,-0.0881],[130.353,-0.0834],[130.3551,-0.0788],[130.3576,-0.0781],[130.3586,-0.0804],[130.3726,-0.0813],[130.3706,-0.076],[130.3613,-0.0757],[130.3593,-0.074],[130.3607,-0.0726],[130.3712,-0.0721],[130.3756,-0.0779],[130.3789,-0.0783],[130.3822,-0.0775],[130.3873,-0.0725],[130.3955,-0.0738],[130.3958,-0.0761],[130.3927,-0.0777],[130.3918,-0.0818],[130.3979,-0.0869],[130.398,-0.0933],[130.3914,-0.1029],[130.3903,-0.1074],[130.3945,-0.1104],[130.404,-0.1121],[130.4101,-0.1069],[130.4077,-0.0995],[130.4097,-0.0975],[130.413,-0.1011],[130.416,-0.1014],[130.4193,-0.0989],[130.4216,-0.0993],[130.4225,-0.1018],[130.4251,-0.1013],[130.4294,-0.0902],[130.4288,-0.0872],[130.4265,-0.0851],[130.4174,-0.0845],[130.4291,-0.0708],[130.4313,-0.0721],[130.4291,-0.0736],[130.4282,-0.0777],[130.4294,-0.0819],[130.435,-0.0873],[130.4368,-0.0953],[130.4424,-0.0908],[130.444,-0.0926],[130.4465,-0.0918],[130.4465,-0.0847],[130.4496,-0.0814],[130.4501,-0.077],[130.4523,-0.0764],[130.4545,-0.0834],[130.4572,-0.0841],[130.459,-0.0823],[130.4639,-0.0837],[130.4678,-0.0807],[130.4683,-0.0785],[130.467,-0.0761],[130.4626,-0.074],[130.4633,-0.072],[130.4753,-0.069],[130.4857,-0.076],[130.4909,-0.0761],[130.4937,-0.0694],[130.4916,-0.0654],[130.4926,-0.0633],[130.5032,-0.0605],[130.5057,-0.0625],[130.5156,-0.0642],[130.5129,-0.0584],[130.5087,-0.0559],[130.5057,-0.0514],[130.496,-0.0469],[130.4966,-0.0445],[130.4988,-0.0437],[130.5112,-0.0438],[130.5168,-0.0469],[130.5206,-0.0532],[130.5295,-0.0525],[130.5281,-0.0598],[130.5317,-0.063],[130.5337,-0.07],[130.5393,-0.0679],[130.541,-0.0717],[130.5432,-0.0724],[130.546,-0.069],[130.5502,-0.0698],[130.5506,-0.0673],[130.5384,-0.056],[130.5385,-0.0533],[130.5587,-0.0626],[130.5638,-0.0707],[130.5663,-0.0717],[130.571,-0.0692],[130.5671,-0.0602],[130.5682,-0.054],[130.5667,-0.0509],[130.5606,-0.0465],[130.5621,-0.0411],[130.56,-0.0323],[130.5672,-0.0344],[130.5719,-0.0377],[130.5708,-0.0399],[130.5682,-0.0401],[130.5677,-0.0427],[130.571,-0.0503],[130.5734,-0.0497],[130.5784,-0.0565],[130.5822,-0.0566],[130.5778,-0.0452],[130.5796,-0.0432],[130.5845,-0.0437],[130.5844,-0.0392],[130.5914,-0.0408],[130.5936,-0.046],[130.5948,-0.0442],[130.5967,-0.0447],[130.5968,-0.0503],[130.6019,-0.052],[130.604,-0.0509],[130.6021,-0.049],[130.6041,-0.0479],[130.6129,-0.0484],[130.6201,-0.0543],[130.6205,-0.0594],[130.6283,-0.0603],[130.631,-0.0568],[130.6283,-0.0533],[130.6303,-0.0516],[130.6324,-0.051],[130.6385,-0.0543],[130.6397,-0.0521],[130.6454,-0.052],[130.6482,-0.054],[130.6462,-0.0551],[130.6485,-0.0587],[130.6538,-0.0548],[130.6532,-0.0518],[130.6514,-0.0507],[130.6516,-0.0483],[130.6538,-0.0467],[130.6636,-0.0444],[130.6649,-0.046],[130.6638,-0.0481],[130.6684,-0.048],[130.6706,-0.0433],[130.6817,-0.0386],[130.6859,-0.0375],[130.6914,-0.0414],[130.6965,-0.0385],[130.6987,-0.0335],[130.7052,-0.0359],[130.7126,-0.0264],[130.7196,-0.0273],[130.7267,-0.0257],[130.7257,-0.0314],[130.7309,-0.0349],[130.728,-0.0388],[130.7139,-0.0459],[130.7058,-0.0542],[130.7078,-0.0583],[130.7097,-0.0594],[130.7122,-0.0586],[130.7115,-0.0542],[130.7173,-0.0509],[130.7254,-0.0491],[130.7258,-0.0513],[130.7303,-0.0539],[130.7373,-0.0497],[130.7388,-0.047],[130.7485,-0.054],[130.7504,-0.049],[130.7522,-0.0482],[130.7573,-0.0521],[130.7668,-0.0526],[130.7698,-0.0511],[130.7691,-0.0488],[130.771,-0.0476],[130.7749,-0.0502],[130.7806,-0.0491],[130.7808,-0.0463],[130.7842,-0.0425],[130.7758,-0.0365],[130.7716,-0.0357],[130.7543,-0.0372],[130.7481,-0.0347],[130.7401,-0.0344],[130.7387,-0.0304],[130.7392,-0.0246],[130.7465,-0.0222],[130.7547,-0.0237],[130.7555,-0.0212],[130.7534,-0.0167],[130.7613,-0.0164],[130.7628,-0.014],[130.7727,-0.0095],[130.7749,-0.0134],[130.7841,-0.01],[130.787,-0.0103],[130.7894,-0.0069],[130.792,-0.0062],[130.7969,-0.0062],[130.8004,-0.0097],[130.8127,-0.0061],[130.8217,-0.0089],[130.8261,-0.015],[130.8293,-0.0114],[130.8336,-0.0096],[130.8711,-0.0142],[130.8728,-0.0159],[130.8776,-0.0152],[130.8844,-0.0184],[130.8862,-0.0214],[130.8907,-0.0206],[130.8969,-0.0245],[130.9031,-0.0253],[130.9065,-0.0282],[130.9128,-0.0277],[130.9166,-0.0318],[130.9247,-0.0332],[130.9347,-0.0395],[130.9415,-0.0421],[130.9431,-0.0406],[130.9474,-0.0438],[130.9495,-0.0432],[130.9511,-0.0378],[130.9534,-0.0373],[130.968,-0.051],[130.9691,-0.0534],[130.9653,-0.054],[130.9665,-0.0638],[130.9686,-0.0636],[130.9705,-0.0598],[130.9798,-0.0615],[130.9843,-0.0574],[130.9839,-0.0502],[130.9762,-0.0401],[130.978,-0.0379],[130.992,-0.0458],[131.0062,-0.0472],[131.0183,-0.0421],[131.0196,-0.0375],[131.0152,-0.0367],[131.0161,-0.0347],[131.0331,-0.0384],[131.0388,-0.0349],[131.0435,-0.025],[131.0481,-0.0242],[131.0506,-0.0264],[131.0543,-0.0385],[131.0538,-0.0438],[131.0553,-0.048],[131.0534,-0.0542],[131.0476,-0.0584],[131.0344,-0.059],[131.0322,-0.061],[131.0334,-0.0632],[131.0383,-0.0645],[131.0463,-0.0637],[131.0555,-0.0686],[131.0599,-0.0689],[131.0613,-0.067],[131.07,-0.0696],[131.0757,-0.0736],[131.0793,-0.0664],[131.0847,-0.0656],[131.0899,-0.0682],[131.0939,-0.0738],[131.0964,-0.0742],[131.0978,-0.0727],[131.1078,-0.0786],[131.1221,-0.0779],[131.1299,-0.0759],[131.1377,-0.0779],[131.1415,-0.0812],[131.152,-0.0828],[131.1572,-0.0892],[131.1566,-0.0937],[131.1635,-0.0975],[131.1678,-0.1023],[131.1743,-0.0996],[131.1787,-0.1008],[131.1808,-0.1064],[131.192,-0.1148],[131.1928,-0.1196],[131.1912,-0.1268],[131.1935,-0.1325],[131.1999,-0.1313],[131.2034,-0.1329],[131.2114,-0.1408],[131.2262,-0.1368],[131.2327,-0.1459],[131.2379,-0.1491],[131.2515,-0.1384],[131.2562,-0.1385],[131.2583,-0.141],[131.2603,-0.1506],[131.2626,-0.1528],[131.2784,-0.1563],[131.2863,-0.1644],[131.2894,-0.1656],[131.2907,-0.1635],[131.2957,-0.1631],[131.2973,-0.1649],[131.2981,-0.1721],[131.3105,-0.1876],[131.3094,-0.1895],[131.3069,-0.1897],[131.3062,-0.1942],[131.3105,-0.1985],[131.3146,-0.1993],[131.3152,-0.2024],[131.3135,-0.2044],[131.3138,-0.2112],[131.3051,-0.2144],[131.3044,-0.2191],[131.3001,-0.2235],[131.2937,-0.2231],[131.2924,-0.2248],[131.2952,-0.2294],[131.2939,-0.2339],[131.2962,-0.2401],[131.2961,-0.2452],[131.3036,-0.2602],[131.3132,-0.2694],[131.3334,-0.2806],[131.3398,-0.2871],[131.3407,-0.2931],[131.34,-0.2962],[131.3367,-0.2993],[131.3286,-0.2993],[131.3248,-0.3046],[131.3196,-0.3016],[131.3143,-0.3012],[131.3082,-0.3051],[131.3068,-0.3111],[131.3079,-0.3147],[131.3031,-0.3172],[131.3035,-0.3218],[131.3017,-0.324],[131.2941,-0.3228],[131.2845,-0.331],[131.2833,-0.333],[131.2869,-0.3402],[131.2815,-0.3425],[131.2791,-0.3478],[131.2679,-0.3504],[131.266,-0.3483],[131.2566,-0.3479],[131.2474,-0.3443],[131.246,-0.3462],[131.2466,-0.3534],[131.2521,-0.3606],[131.2573,-0.3771],[131.2522,-0.3833],[131.2472,-0.3851],[131.2404,-0.3841],[131.2246,-0.3718],[131.2077,-0.3675],[131.2027,-0.369],[131.2002,-0.375],[131.1983,-0.3738],[131.2016,-0.3646],[131.2015,-0.3602],[131.1993,-0.3586],[131.1952,-0.3591],[131.1943,-0.3568],[131.1972,-0.3537],[131.1944,-0.3487],[131.1795,-0.3403],[131.1684,-0.3388],[131.156,-0.3333],[131.1346,-0.3319],[131.1308,-0.3301],[131.1289,-0.3329],[131.1267,-0.3329],[131.1172,-0.3274],[131.1082,-0.3263],[131.1032,-0.3277],[131.1009,-0.3264],[131.1013,-0.3214],[131.1045,-0.316],[131.1043,-0.3132],[131.1024,-0.3124],[131.1001,-0.3124],[131.0976,-0.3163],[131.0916,-0.3181],[131.0903,-0.3201],[131.0853,-0.3199],[131.0818,-0.3229],[131.0816,-0.3251],[131.0703,-0.3262],[131.0677,-0.3324],[131.063,-0.3332],[131.0619,-0.3393],[131.0559,-0.3482],[131.0511,-0.3488],[131.0452,-0.3521],[131.0446,-0.3468],[131.0372,-0.3431],[131.0354,-0.3441],[131.0362,-0.3485],[131.0298,-0.3528],[131.0315,-0.3625],[131.0271,-0.362],[131.0254,-0.3653],[131.0234,-0.3653],[131.0222,-0.3629],[131.0237,-0.3559],[131.0225,-0.354],[131.0155,-0.3495],[131.0119,-0.3452],[130.9917,-0.3417],[130.9895,-0.3432],[130.9936,-0.3473],[130.992,-0.3516],[130.9975,-0.362],[130.9962,-0.3644],[130.9916,-0.3642],[130.9885,-0.3675],[130.974,-0.3555],[130.9685,-0.3576],[130.9618,-0.3572],[130.9434,-0.3503],[130.9379,-0.3434],[130.9389,-0.3369],[130.9353,-0.3276],[130.9274,-0.3236],[130.9252,-0.3207],[130.9243,-0.3119],[130.9196,-0.3057],[130.9049,-0.3075],[130.9007,-0.3066],[130.904,-0.3003],[130.9027,-0.2976],[130.8978,-0.2954],[130.8979,-0.2897],[130.9003,-0.288],[130.9006,-0.285],[130.8975,-0.2765],[130.8915,-0.2688],[130.8846,-0.2652],[130.8837,-0.2571],[130.881,-0.2525],[130.8644,-0.2379],[130.8586,-0.2367],[130.8566,-0.2395],[130.858,-0.2412],[130.851,-0.2432],[130.8403,-0.2502],[130.8294,-0.2454],[130.8184,-0.2465],[130.8137,-0.2448],[130.8059,-0.2453],[130.804,-0.2429],[130.797,-0.246],[130.7942,-0.2389],[130.795,-0.2343],[130.7871,-0.2279],[130.7865,-0.226],[130.7928,-0.2134],[130.7909,-0.2054],[130.7928,-0.2007],[130.7927,-0.1932],[130.7887,-0.1832],[130.7823,-0.1803],[130.7863,-0.172],[130.785,-0.1703],[130.7827,-0.1703],[130.779,-0.1727],[130.7774,-0.1709],[130.781,-0.1686],[130.7765,-0.1589],[130.7727,-0.1559],[130.768,-0.16],[130.7657,-0.1601],[130.7645,-0.1556],[130.7617,-0.1558],[130.7619,-0.1605],[130.7599,-0.1611],[130.7587,-0.1592],[130.7539,-0.1598],[130.7531,-0.1562],[130.7508,-0.1567],[130.7506,-0.1542],[130.7484,-0.1526],[130.743,-0.154],[130.7381,-0.1488],[130.7328,-0.1457],[130.7306,-0.1461],[130.7283,-0.1409],[130.7205,-0.1345],[130.7179,-0.1303],[130.7126,-0.1158],[130.713,-0.1065],[130.7114,-0.101],[130.7098,-0.0966],[130.7051,-0.0923],[130.7031,-0.0935],[130.7031,-0.0955],[130.698,-0.0939],[130.6934,-0.0953],[130.6853,-0.0939],[130.6857,-0.0964],[130.6838,-0.0972],[130.6783,-0.0947],[130.6801,-0.0911],[130.696,-0.0854],[130.6957,-0.083],[130.6992,-0.08],[130.6992,-0.0776],[130.6947,-0.0744],[130.6806,-0.0755],[130.6806,-0.078],[130.6781,-0.078],[130.6629,-0.074],[130.6599,-0.0757],[130.6595,-0.0804],[130.6608,-0.0822],[130.6554,-0.085],[130.6529,-0.0844],[130.6527,-0.0817],[130.6471,-0.0803],[130.6488,-0.0847],[130.6423,-0.0857],[130.6413,-0.0875],[130.6431,-0.0912],[130.641,-0.0925],[130.6372,-0.0902],[130.634,-0.0929],[130.6329,-0.0886],[130.6286,-0.0854],[130.6259,-0.0799],[130.6192,-0.0793],[130.617,-0.0769],[130.6139,-0.0776],[130.6129,-0.0827],[130.6029,-0.0898],[130.606,-0.0958],[130.6081,-0.0969],[130.6136,-0.0969],[130.6121,-0.0943],[130.6138,-0.0929],[130.6188,-0.0938],[130.6189,-0.0966],[130.6155,-0.1011],[130.6178,-0.1036],[130.6255,-0.1045],[130.6301,-0.1024],[130.6343,-0.1029],[130.635,-0.1009],[130.637,-0.1006],[130.6447,-0.1023],[130.649,-0.0985],[130.6517,-0.099],[130.6524,-0.1017],[130.646,-0.1056],[130.6432,-0.1101],[130.6441,-0.1126],[130.6395,-0.1111],[130.6363,-0.1121],[130.6363,-0.1146],[130.6259,-0.1148],[130.619,-0.1197],[130.6161,-0.12],[130.6157,-0.1222],[130.6231,-0.1247],[130.6298,-0.1311],[130.6295,-0.1368],[130.6317,-0.1407],[130.6318,-0.1427],[130.6288,-0.1432],[130.621,-0.1418],[130.6198,-0.1333],[130.6182,-0.1316],[130.6163,-0.1333],[130.6171,-0.145],[130.6246,-0.1481],[130.6288,-0.1461],[130.6337,-0.1478],[130.6411,-0.1471],[130.6504,-0.1499],[130.6556,-0.1531],[130.6589,-0.1571],[130.6587,-0.16],[130.6635,-0.1654],[130.6734,-0.1729],[130.6796,-0.1866],[130.6943,-0.2006],[130.6953,-0.2058],[130.6969,-0.207],[130.6953,-0.2085],[130.6967,-0.2118],[130.7052,-0.2242],[130.7198,-0.2379],[130.7183,-0.2421],[130.7208,-0.242],[130.7218,-0.2441],[130.7192,-0.248],[130.7233,-0.2506],[130.7283,-0.2669],[130.7318,-0.2691],[130.7349,-0.2756],[130.7394,-0.2783],[130.7418,-0.2819],[130.7274,-0.2938],[130.7318,-0.2973],[130.7397,-0.2974],[130.7442,-0.293],[130.7517,-0.2952],[130.7632,-0.2918],[130.7686,-0.2989],[130.7709,-0.2994],[130.7781,-0.2962],[130.7816,-0.2974],[130.7821,-0.3063],[130.7841,-0.3065],[130.7848,-0.3019],[130.7867,-0.3002],[130.7907,-0.3015],[130.7905,-0.3039],[130.7941,-0.3104],[130.8002,-0.3125],[130.804,-0.3106],[130.8094,-0.3156],[130.8089,-0.3178],[130.8159,-0.3158],[130.8177,-0.3115],[130.8164,-0.3069],[130.8098,-0.3048],[130.8086,-0.3029],[130.8094,-0.3003],[130.8244,-0.2942],[130.8456,-0.3003],[130.8473,-0.3135],[130.8503,-0.3163],[130.862,-0.3192],[130.882,-0.3188],[130.8872,-0.3232],[130.8907,-0.3238],[130.8967,-0.3223],[130.9064,-0.3145],[130.9055,-0.3125],[130.9185,-0.3124],[130.9196,-0.3144],[130.9186,-0.3167],[130.9207,-0.3185],[130.9196,-0.3257],[130.9294,-0.3366],[130.9299,-0.3459],[130.9334,-0.3538],[130.9311,-0.358],[130.9408,-0.3567],[130.9443,-0.3592],[130.9441,-0.3632],[130.9378,-0.3722],[130.9353,-0.3713],[130.9337,-0.3679],[130.9288,-0.3679],[130.9263,-0.3643],[130.9242,-0.3645],[130.9193,-0.3692],[130.9203,-0.3714],[130.9252,-0.3733],[130.9236,-0.3771],[130.9249,-0.3811],[130.9342,-0.3873],[130.9355,-0.3898],[130.9318,-0.3914],[130.9281,-0.3891],[130.9261,-0.3896],[130.9268,-0.3919],[130.9143,-0.404],[130.9114,-0.4043],[130.9101,-0.4002],[130.9033,-0.408],[130.8982,-0.4096],[130.8939,-0.4073],[130.8918,-0.4087],[130.8917,-0.4115],[130.8834,-0.4131],[130.8832,-0.4176],[130.8784,-0.4217],[130.8773,-0.4257],[130.8787,-0.428],[130.8725,-0.4272],[130.8712,-0.4289],[130.865,-0.4261],[130.857,-0.4266],[130.8554,-0.4285],[130.8502,-0.427],[130.8353,-0.4362],[130.8227,-0.437],[130.8125,-0.4449],[130.8037,-0.4379],[130.8015,-0.4384],[130.7977,-0.4459],[130.793,-0.4494],[130.7841,-0.4451],[130.783,-0.443],[130.7772,-0.4434],[130.7748,-0.4401],[130.7694,-0.4416],[130.7704,-0.4461],[130.7687,-0.4478],[130.7509,-0.4478],[130.7394,-0.4444],[130.7267,-0.4443],[130.7196,-0.4364],[130.7188,-0.4311],[130.7151,-0.4281],[130.7085,-0.4132],[130.705,-0.4144],[130.7032,-0.4131],[130.7064,-0.4094],[130.7076,-0.4035],[130.7064,-0.3989],[130.6993,-0.3944],[130.7037,-0.3841],[130.7057,-0.3826],[130.6996,-0.3728],[130.6979,-0.3676],[130.6991,-0.3652],[130.6958,-0.3627],[130.6936,-0.3556],[130.6881,-0.3516],[130.6875,-0.3469],[130.6842,-0.3436],[130.6799,-0.345],[130.6759,-0.3423],[130.6722,-0.3423],[130.6723,-0.3403],[130.6782,-0.3368],[130.6861,-0.337],[130.6902,-0.3345],[130.6967,-0.3336],[130.6997,-0.3289],[130.7049,-0.3282],[130.6985,-0.3225],[130.6973,-0.3172],[130.6951,-0.3164],[130.6987,-0.3077],[130.697,-0.3062],[130.6943,-0.307],[130.6955,-0.3041],[130.6939,-0.3025],[130.6841,-0.3011],[130.6826,-0.2942],[130.6779,-0.2934],[130.6726,-0.296],[130.671,-0.301],[130.6691,-0.3001],[130.6676,-0.3022],[130.6633,-0.3022],[130.66,-0.3058],[130.656,-0.3071],[130.6475,-0.309],[130.643,-0.3084],[130.6357,-0.3149],[130.6333,-0.3147],[130.6349,-0.3127],[130.6321,-0.3073],[130.6296,-0.3106],[130.6222,-0.3121],[130.6211,-0.3099],[130.6151,-0.3135],[130.612,-0.3105],[130.6147,-0.3067],[130.6132,-0.3049],[130.6069,-0.3167],[130.6033,-0.3148],[130.6008,-0.3172],[130.5865,-0.3225],[130.5789,-0.3218],[130.5715,-0.3233],[130.5711,-0.3262],[130.576,-0.3286],[130.5748,-0.3312],[130.5795,-0.3345],[130.5717,-0.3456],[130.5724,-0.3514],[130.5702,-0.3571],[130.5644,-0.3582],[130.5601,-0.3616],[130.5589,-0.3643],[130.5596,-0.3688],[130.5569,-0.372],[130.5577,-0.3744],[130.5623,-0.3735],[130.5687,-0.3698],[130.5733,-0.3705],[130.5784,-0.3654],[130.5833,-0.3656],[130.5876,-0.3698],[130.5835,-0.3773],[130.5842,-0.3804],[130.5882,-0.3849],[130.5872,-0.3874],[130.5822,-0.3889],[130.5808,-0.3911],[130.5817,-0.3937],[130.5789,-0.3979],[130.5748,-0.3988],[130.5686,-0.4061],[130.5692,-0.4091],[130.5673,-0.4121],[130.5624,-0.4163],[130.565,-0.421],[130.5625,-0.4216],[130.5609,-0.432],[130.5515,-0.4369],[130.5486,-0.4338],[130.5463,-0.4347],[130.5453,-0.433],[130.5406,-0.4349],[130.539,-0.4295],[130.5489,-0.4185],[130.5542,-0.3969],[130.5515,-0.3846],[130.5464,-0.3895],[130.5422,-0.3907],[130.5401,-0.3892],[130.5451,-0.3809],[130.5454,-0.3747],[130.545,-0.3701],[130.5428,-0.368],[130.545,-0.3643],[130.5429,-0.3603],[130.5419,-0.3452],[130.5437,-0.3306],[130.5377,-0.3156],[130.5411,-0.3109],[130.5366,-0.3095],[130.5194,-0.3134],[130.5173,-0.3062],[130.5125,-0.2991],[130.5146,-0.2942],[130.515,-0.2831],[130.5183,-0.2805],[130.5184,-0.2751],[130.5224,-0.2715],[130.5246,-0.2641],[130.5273,-0.2624],[130.5265,-0.2564],[130.524,-0.255],[130.5206,-0.2493],[130.5102,-0.2464],[130.4926,-0.2577],[130.4828,-0.2611],[130.4782,-0.2654],[130.476,-0.2615],[130.469,-0.2599],[130.4595,-0.2613],[130.4532,-0.2694],[130.4544,-0.2711],[130.453,-0.2732],[130.4485,-0.2752],[130.4453,-0.2892],[130.4429,-0.2901],[130.4343,-0.2885],[130.4294,-0.2902],[130.4245,-0.2871],[130.4241,-0.2843],[130.4327,-0.2844],[130.4375,-0.2813],[130.4371,-0.2744],[130.4331,-0.2726],[130.4277,-0.2652],[130.4256,-0.2647],[130.4257,-0.2618],[130.4138,-0.2615],[130.4091,-0.2657],[130.4068,-0.2649],[130.4043,-0.2691],[130.3971,-0.2711],[130.3963,-0.2686],[130.3942,-0.2696],[130.394,-0.2718],[130.3918,-0.2722],[130.3902,-0.2709],[130.3903,-0.2685],[130.3855,-0.2696],[130.3871,-0.2647],[130.3849,-0.2621],[130.3814,-0.2643],[130.3702,-0.2636],[130.3722,-0.2718],[130.3767,-0.2716],[130.3782,-0.273],[130.3797,-0.2714],[130.3857,-0.2773],[130.3782,-0.2817],[130.3779,-0.2794],[130.37,-0.2792],[130.3705,-0.2747],[130.3682,-0.2676],[130.3663,-0.2661],[130.3637,-0.2667],[130.3631,-0.2717],[130.361,-0.2712],[130.3593,-0.2673],[130.3574,-0.2693],[130.3562,-0.2676],[130.3569,-0.2623],[130.3533,-0.2571],[130.3504,-0.2562],[130.3468,-0.2589],[130.3364,-0.2565],[130.3343,-0.2576]]]}},{"type":"Feature","properties":{"name":"Sorong","name_en":"Sorong","admin_level":"5","osm_id":""},"geometry":{"type":"Polygon","coordinates":[[[130.9458,-1.4505],[130.9364,-1.4437],[130.9337,-1.44],[130.9348,-1.429],[130.9364,-1.4269],[130.9421,-1.4269],[130.951,-1.4233],[130.9552,-1.4139],[130.9614,-1.4123],[130.9635,-1.4102],[130.9641,-1.4013],[130.9702,-1.3971],[130.9734,-1.3977],[130.9822,-1.3951],[130.9823,-1.3915],[130.9914,-1.39],[130.9926,-1.3873],[130.9955,-1.3862],[130.9982,-1.3719],[131.0019,-1.3645],[131.0046,-1.3626],[131.0077,-1.3533],[131.0102,-1.3328],[131.0114,-1.3303],[131.0176,-1.3264],[131.0296,-1.3146],[131.0273,-1.2996],[131.029,-1.2954],[131.0369,-1.2875],[131.0457,-1.2655],[131.0524,-1.2584],[131.0835,-1.2401],[131.0947,-1.2471],[131.121,-1.2488],[131.1292,-1.246],[131.1365,-1.2457],[131.1416,-1.2432],[131.1427,-1.2398],[131.1466,-1.2373],[131.1737,-1.2295],[131.1994,-1.175],[131.2045,-1.161],[131.2144,-1.1509],[131.2115,-1.1425],[131.2133,-1.1327],[131.2192,-1.124],[131.2213,-1.1161],[131.2327,-1.1027],[131.2352,-1.0887],[131.2289,-1.0846],[131.2299,-1.0752],[131.2366,-1.0664],[131.2414,-1.0561],[131.2413,-1.0387],[131.2582,-1.0029],[131.2749,-0.9987],[131.2767,-0.9935],[131.2727,-0.9873],[131.2663,-0.9874],[131.2649,-0.9804],[131.2732,-0.9811],[131.2767,-0.9776],[131.267,-0.9686],[131.2707,-0.9515],[131.2747,-0.948],[131.2741,-0.9428],[131.27,-0.9338],[131.28,-0.9316],[131.2846,-0.934],[131.29,-0.9337],[131.2955,-0.9316],[131.3022,-0.9389],[131.3112,-0.942],[131.3155,-0.9458],[131.3177,-0.9443],[131.3237,-0.9445],[131.3317,-0.9476],[131.3407,-0.9467],[131.3463,-0.9507],[131.349,-0.9501],[131.3573,-0.9524],[131.3616,-0.9507],[131.3664,-0.9523],[131.3938,-0.9529],[131.4049,-0.9555],[131.4102,-0.955],[131.4239,-0.9463],[131.4268,-0.9475],[131.4331,-0.9441],[131.4337,-0.9374],[131.429,-0.928],[131.4313,-0.9214],[131.4299,-0.9137],[131.4236,-0.9083],[131.4246,-0.9052],[131.4216,-0.9002],[131.4222,-0.8926],[131.4186,-0.8873],[131.4189,-0.8766],[131.4225,-0.8747],[131.4223,-0.8731],[131.4168,-0.8714],[131.416,-0.8671],[131.4112,-0.8693],[131.4149,-0.8645],[131.4104,-0.8628],[131.4083,-0.8595],[131.403,-0.8612],[131.3975,-0.8577],[131.3968,-0.8563],[131.4052,-0.8504],[131.4047,-0.8477],[131.4007,-0.8452],[131.4016,-0.8417],[131.3947,-0.8383],[131.3917,-0.8277],[131.3882,-0.8249],[131.3895,-0.8229],[131.3946,-0.8252],[131.397,-0.8203],[131.399,-0.8236],[131.4019,-0.8236],[131.4048,-0.8168],[131.4066,-0.8183],[131.4084,-0.8172],[131.4044,-0.8093],[131.4022,-0.81],[131.3976,-0.808],[131.3973,-0.8015],[131.4014,-0.795],[131.3998,-0.7823],[131.4074,-0.7798],[131.4095,-0.7776],[131.4126,-0.7652],[131.4288,-0.7655],[131.4433,-0.7609],[131.4518,-0.7557],[131.4679,-0.7556],[131.479,-0.7519],[131.4826,-0.7482],[131.4987,-0.7394],[131.512,-0.7388],[131.5219,-0.7355],[131.533,-0.7355],[131.5369,-0.7372],[131.5402,-0.7421],[131.5419,-0.7505],[131.5375,-0.7571],[131.5325,-0.761],[131.5126,-0.7702],[131.5186,-0.7748],[131.521,-0.7709],[131.5264,-0.7719],[131.5374,-0.7685],[131.5469,-0.7709],[131.559,-0.7672],[131.575,-0.7595],[131.5794,-0.751],[131.5836,-0.7485],[131.5887,-0.7497],[131.6024,-0.7442],[131.6155,-0.7411],[131.6245,-0.7398],[131.6647,-0.7433],[131.6867,-0.7415],[131.7097,-0.7313],[131.7401,-0.7268],[131.7467,-0.723],[131.7771,-0.7204],[131.802,-0.7149],[131.8176,-0.7154],[131.8391,-0.7036],[131.8623,-0.6858],[131.8847,-0.6779],[131.8931,-0.6625],[131.8984,-0.6612],[131.9117,-0.6476],[131.9101,-0.6345],[131.9136,-0.6249],[131.9234,-0.6192],[131.9347,-0.6089],[131.9491,-0.6018],[131.9835,-0.5649],[132.0212,-0.5497],[132.0415,-0.5826],[132.0985,-0.6432],[132.1359,-0.6549],[132.124,-0.6752],[132.1027,-0.683],[132.0501,-0.7189],[132.0337,-0.7237],[132.0294,-0.7413],[132.0283,-0.7557],[132.0336,-0.7807],[132.0593,-0.7775],[132.1109,-0.8315],[132.1794,-0.8795],[132.156,-0.8909],[132.1437,-0.9001],[132.1373,-0.9243],[132.1467,-0.9289],[132.1533,-0.9356],[132.125,-0.9911],[131.9719,-1.0505],[131.9419,-1.0521],[131.9379,-1.0612],[131.8877,-1.0523],[131.8758,-1.052],[131.884,-1.0749],[131.8011,-1.1358],[131.827,-1.1657],[131.8427,-1.1718],[131.8501,-1.1809],[131.8723,-1.2235],[131.8964,-1.2632],[131.8909,-1.2865],[131.8894,-1.3156],[131.8852,-1.3228],[131.8737,-1.3341],[131.8463,-1.3522],[131.838,-1.3442],[131.8345,-1.345],[131.8308,-1.3482],[131.8308,-1.3532],[131.836,-1.3627],[131.8302,-1.374],[131.8288,-1.3859],[131.8245,-1.3923],[131.8275,-1.4101],[131.8416,-1.4271],[131.8446,-1.4367],[131.8731,-1.44],[131.8596,-1.4881],[131.8128,-1.5111],[131.7664,-1.4992],[131.7474,-1.4807],[131.739,-1.453],[131.7645,-1.4157],[131.7577,-1.4089],[131.7457,-1.4163],[131.7344,-1.4361],[131.724,-1.4806],[131.6916,-1.5248],[131.67,-1.5475],[131.6756,-1.5465],[131.6795,-1.5476],[131.6609,-1.5609],[131.5807,-1.5336],[131.4869,-1.4862],[131.473,-1.5056],[131.4665,-1.5094],[131.4487,-1.5151],[131.4437,-1.5151],[131.4266,-1.4946],[131.4008,-1.4809],[131.3853,-1.4669],[131.3795,-1.4593],[131.3811,-1.451],[131.4001,-1.4453],[131.4088,-1.4392],[131.4217,-1.435],[131.4304,-1.4301],[131.4274,-1.4278],[131.4266,-1.4248],[131.4293,-1.4232],[131.4247,-1.421],[131.4198,-1.4293],[131.4118,-1.432],[131.4019,-1.4316],[131.3928,-1.4225],[131.3917,-1.4126],[131.3903,-1.411],[131.3857,-1.4099],[131.3778,-1.4139],[131.3755,-1.4125],[131.3692,-1.4024],[131.3645,-1.3861],[131.3643,-1.3689],[131.3601,-1.3658],[131.354,-1.3642],[131.3506,-1.3642],[131.3434,-1.3705],[131.3455,-1.3708],[131.3462,-1.3768],[131.3422,-1.3841],[131.3339,-1.391],[131.3285,-1.3929],[131.3252,-1.41],[131.3186,-1.4134],[131.3128,-1.4119],[131.3346,-1.4432],[131.339,-1.4543],[131.3368,-1.4626],[131.3219,-1.4858],[131.3158,-1.4919],[131.2926,-1.5035],[131.2644,-1.5118],[131.2489,-1.5146],[131.2373,-1.5278],[131.2114,-1.5365],[131.198,-1.5286],[131.2004,-1.5153],[131.1878,-1.4909],[131.1747,-1.4816],[131.1629,-1.4681],[131.1329,-1.4687],[131.1198,-1.4646],[131.114,-1.4588],[131.0931,-1.4489],[131.0837,-1.4572],[131.0764,-1.4588],[131.0707,-1.4557],[131.0618,-1.4557],[131.0414,-1.4599],[130.9933,-1.4646],[130.9782,-1.4583],[130.9735,-1.4546],[130.9484,-1.4525],[130.9458,-1.4505]]]}},{"type":"Feature","properties":{"name":"SorongSelatan","name_en":"SorongSelatan","admin_level":"5","osm_id":""},"geometry":{"type":"Polygon","coordinates":[[[132.3674,-2.2691],[132.3291,-2.2722],[132.3186,-2.2795],[132.316,-2.2801],[132.3118,-2.2783],[132.3038,-2.2729],[132.2881,-2.2557],[132.2529,-2.204],[132.2234,-2.1772],[132.1929,-2.1608],[132.1815,-2.1468],[132.1443,-2.1472],[132.134,-2.135],[132.1231,-2.1329],[132.1161,-2.1261],[132.1016,-2.1161],[132.0934,-2.113],[132.0869,-2.1056],[132.0661,-2.0923],[132.0654,-2.0901],[132.0677,-2.0865],[132.0552,-2.0808],[132.0473,-2.0729],[132.0488,-2.0621],[132.0467,-2.0621],[132.0459,-2.0661],[132.044,-2.065],[132.0428,-2.0671],[132.0448,-2.0736],[132.0419,-2.0743],[132.0399,-2.073],[132.0385,-2.0677],[132.0437,-2.0523],[132.0452,-2.054],[132.0506,-2.0492],[132.0569,-2.0524],[132.0774,-2.0385],[132.0821,-2.0387],[132.0807,-2.0338],[132.0816,-2.0311],[132.0893,-2.0259],[132.0934,-2.0268],[132.0961,-2.0228],[132.096,-2.0198],[132.0832,-2.0169],[132.0771,-2.0123],[132.072,-2.0144],[132.0677,-2.021],[132.0656,-2.0206],[132.0658,-2.0171],[132.0614,-2.0156],[132.0485,-2.0205],[132.0439,-2.0239],[132.0417,-2.0233],[132.0281,-2.0131],[132.0252,-2.0096],[132.0224,-2.0002],[132.0108,-1.9882],[132.0085,-1.9875],[132.0026,-1.9903],[131.997,-1.9858],[131.9791,-1.9769],[131.971,-1.9684],[131.9689,-1.964],[131.97,-1.9614],[131.9765,-1.9602],[131.9854,-1.9504],[131.9849,-1.9383],[131.9913,-1.9276],[131.9887,-1.9273],[131.9839,-1.9222],[131.9684,-1.9251],[131.9596,-1.9222],[131.9335,-1.8861],[131.9304,-1.8795],[131.9303,-1.8749],[131.9267,-1.8713],[131.9259,-1.8681],[131.9279,-1.8621],[131.9333,-1.8604],[131.9522,-1.8482],[131.9608,-1.84],[131.9625,-1.8353],[131.9603,-1.8327],[131.9616,-1.8277],[131.9591,-1.8259],[131.9574,-1.8282],[131.9538,-1.8411],[131.9501,-1.8447],[131.9469,-1.8433],[131.9243,-1.8139],[131.927,-1.8086],[131.934,-1.8014],[131.9522,-1.7915],[131.96,-1.7899],[131.9576,-1.781],[131.9597,-1.776],[131.9722,-1.7688],[131.9798,-1.7594],[131.9907,-1.7506],[131.9951,-1.7441],[132.0001,-1.7445],[132.0004,-1.7506],[132.0044,-1.7509],[132.0139,-1.7409],[132.0176,-1.7434],[132.0181,-1.7413],[132.0151,-1.7354],[132.024,-1.7209],[132.0257,-1.7196],[132.0325,-1.7225],[132.0412,-1.7171],[132.0266,-1.7026],[132.0164,-1.6983],[132.013,-1.7001],[132.0102,-1.6989],[132.0064,-1.6898],[132.0044,-1.6708],[132.0004,-1.6704],[131.9915,-1.6806],[131.9897,-1.6849],[131.9898,-1.6938],[131.9833,-1.7025],[131.9638,-1.7086],[131.9533,-1.7064],[131.9489,-1.7143],[131.9438,-1.7134],[131.9318,-1.7151],[131.9188,-1.7222],[131.9139,-1.7222],[131.9102,-1.7191],[131.9007,-1.6878],[131.9014,-1.6736],[131.8988,-1.6702],[131.8931,-1.6677],[131.8894,-1.6616],[131.8844,-1.6477],[131.8844,-1.637],[131.8938,-1.6137],[131.9047,-1.5951],[131.9241,-1.5791],[131.9362,-1.5746],[131.9543,-1.565],[131.9574,-1.5596],[131.9556,-1.5566],[131.9536,-1.5585],[131.9489,-1.5582],[131.9362,-1.555],[131.9247,-1.5573],[131.9061,-1.5688],[131.8919,-1.58],[131.8815,-1.584],[131.8752,-1.5843],[131.8629,-1.5799],[131.8549,-1.5807],[131.8517,-1.5833],[131.8456,-1.5838],[131.8416,-1.5874],[131.8391,-1.5869],[131.8371,-1.5885],[131.8338,-1.5969],[131.8271,-1.6009],[131.82,-1.6099],[131.8115,-1.6146],[131.8074,-1.615],[131.7995,-1.613],[131.7914,-1.6074],[131.7793,-1.5843],[131.7692,-1.575],[131.7693,-1.5724],[131.7676,-1.5743],[131.7601,-1.5753],[131.7442,-1.5816],[131.728,-1.5851],[131.7212,-1.5828],[131.7121,-1.5762],[131.7013,-1.5632],[131.6975,-1.5551],[131.6756,-1.5465],[131.67,-1.5475],[131.6916,-1.5248],[131.724,-1.4806],[131.7344,-1.4361],[131.7457,-1.4163],[131.7577,-1.4089],[131.7645,-1.4157],[131.739,-1.453],[131.7474,-1.4807],[131.7664,-1.4992],[131.8128,-1.5111],[131.8596,-1.4881],[131.8731,-1.44],[131.8446,-1.4367],[131.8416,-1.4271],[131.8275,-1.4101],[131.8245,-1.3923],[131.8288,-1.3859],[131.8302,-1.374],[131.836,-1.3627],[131.8308,-1.3532],[131.8308,-1.3482],[131.8345,-1.345],[131.838,-1.3442],[131.8463,-1.3522],[131.8737,-1.3341],[131.8852,-1.3228],[131.8894,-1.3156],[131.8909,-1.2865],[131.8964,-1.2632],[131.8723,-1.2235],[131.8501,-1.1809],[131.8427,-1.1718],[131.827,-1.1657],[131.8011,-1.1358],[131.884,-1.0749],[131.8758,-1.052],[131.8877,-1.0523],[131.9368,-1.0612],[131.9791,-1.0633],[132.0253,-1.0677],[132.0701,-1.17],[132.0695,-1.1912],[132.0725,-1.2256],[132.0382,-1.2389],[132.013,-1.2418],[132.0176,-1.2483],[132.0217,-1.2598],[132.0208,-1.2785],[132.0127,-1.2867],[132.0134,-1.3034],[132.0172,-1.3048],[132.035,-1.3188],[132.0783,-1.3458],[132.0975,-1.3489],[132.1212,-1.3618],[132.1057,-1.4094],[132.1015,-1.4283],[132.1688,-1.4324],[132.1701,-1.4349],[132.1847,-1.4366],[132.2022,-1.4443],[132.2367,-1.4341],[132.2446,-1.4377],[132.2662,-1.4522],[132.2746,-1.463],[132.2891,-1.469],[132.3043,-1.487],[132.3066,-1.4878],[132.3061,-1.4925],[132.3107,-1.5063],[132.3095,-1.5207],[132.3067,-1.5289],[132.3055,-1.5476],[132.3218,-1.5427],[132.3337,-1.5557],[132.3725,-1.587],[132.3701,-1.5958],[132.3934,-1.6105],[132.4136,-1.6276],[132.4339,-1.6697],[132.4385,-1.7039],[132.4635,-1.7382],[132.4931,-1.7647],[132.4967,-1.7814],[132.4872,-1.8051],[132.475,-1.8577],[132.4745,-1.8848],[132.4713,-1.9126],[132.473,-1.9744],[132.4844,-2.0579],[132.5055,-2.1238],[132.5416,-2.1899],[132.5184,-2.1975],[132.5124,-2.1976],[132.5091,-2.2005],[132.4869,-2.208],[132.4598,-2.2229],[132.4539,-2.2233],[132.4486,-2.228],[132.4282,-2.2357],[132.4141,-2.2434],[132.4045,-2.2511],[132.3965,-2.2525],[132.3783,-2.2648],[132.3702,-2.2663],[132.3674,-2.2691]]]}},{"type":"Feature","properties":{"name":"Tambrauw","name_en":"Tambrauw","admin_level":"5","osm_id":""},"geometry":{"type":"Polygon","coordinates":[[[132.5818,-1.0604],[132.5519,-1.0691],[132.5277,-1.069],[132.4974,-1.0752],[132.4861,-1.0898],[132.4872,-1.0944],[132.4761,-1.0938],[132.4528,-1.0884],[132.4468,-1.0915],[132.4389,-1.0917],[132.4296,-1.0888],[132.3814,-1.0874],[132.3671,-1.0832],[132.3442,-1.0795],[132.3307,-1.0747],[132.3112,-1.0769],[132.2797,-1.0739],[132.2635,-1.075],[132.2276,-1.0695],[132.2255,-1.0716],[132.1828,-1.067],[132.1601,-1.0683],[132.1143,-1.067],[132.0919,-1.0698],[132.0513,-1.0678],[132.0328,-1.0685],[131.9791,-1.0633],[131.9379,-1.0612],[131.9419,-1.0521],[131.9719,-1.0505],[132.125,-0.9911],[132.1533,-0.9356],[132.1467,-0.9289],[132.1373,-0.9243],[132.1437,-0.9001],[132.156,-0.8909],[132.1794,-0.8795],[132.1109,-0.8315],[132.0593,-0.7775],[132.0336,-0.7807],[132.0283,-0.7557],[132.0294,-0.7413],[132.0337,-0.7237],[132.0501,-0.7189],[132.1027,-0.683],[132.124,-0.6752],[132.1359,-0.6549],[132.0985,-0.6432],[132.0415,-0.5826],[132.0207,-0.5503],[132.0591,-0.5364],[132.0728,-0.5151],[132.0738,-0.5062],[132.0711,-0.4921],[132.0786,-0.4829],[132.1043,-0.4639],[132.1453,-0.446],[132.1622,-0.425],[132.1931,-0.4092],[132.2442,-0.4005],[132.2563,-0.3946],[132.2575,-0.3795],[132.2686,-0.3767],[132.2892,-0.3811],[132.3209,-0.3819],[132.3353,-0.3796],[132.3441,-0.3776],[132.3585,-0.3684],[132.3625,-0.3598],[132.3822,-0.3636],[132.4092,-0.3447],[132.4305,-0.3437],[132.5033,-0.3584],[132.526,-0.3537],[132.5819,-0.3566],[132.6009,-0.3552],[132.6399,-0.3603],[132.6473,-0.3571],[132.6757,-0.3654],[132.6914,-0.3664],[132.7019,-0.3589],[132.7099,-0.3569],[132.7095,-0.3622],[132.7137,-0.3738],[132.7486,-0.3877],[132.7564,-0.3831],[132.7693,-0.3974],[132.7751,-0.3968],[132.7883,-0.4066],[132.8017,-0.4135],[132.8112,-0.4155],[132.8292,-0.4247],[132.8617,-0.4375],[132.8801,-0.4478],[132.887,-0.4462],[132.8943,-0.4486],[132.905,-0.4474],[132.9255,-0.4522],[132.9562,-0.4393],[132.962,-0.4405],[132.9697,-0.4523],[132.9618,-0.4739],[132.9626,-0.4753],[132.9714,-0.476],[132.9851,-0.4807],[133.0024,-0.4816],[132.9995,-0.4916],[133.007,-0.502],[133.0162,-0.5274],[133.0162,-0.5536],[133.012,-0.568],[133.0133,-0.5839],[133.0123,-0.59],[132.9964,-0.6413],[132.9737,-0.6536],[132.9395,-0.6113],[132.8888,-0.6211],[132.8515,-0.616],[132.8272,-0.5915],[132.811,-0.5698],[132.8094,-0.601],[132.7903,-0.6226],[132.7767,-0.6326],[132.8573,-0.6932],[132.8995,-0.7153],[132.8663,-0.7442],[132.8564,-0.7557],[132.8503,-0.7672],[132.8488,-0.7772],[132.8237,-0.7872],[132.8142,-0.7999],[132.8716,-0.8128],[132.8607,-0.823],[132.8493,-0.8481],[132.8333,-0.8778],[132.8167,-0.9282],[132.7783,-0.9435],[132.7492,-0.9423],[132.7263,-0.9609],[132.6879,-0.9705],[132.6824,-0.9576],[132.6813,-0.9608],[132.6793,-0.959],[132.6623,-0.9871],[132.6042,-1.0464],[132.5818,-1.0604]]]}},{"type":"Feature","properties":{"name":"TelukBintuni","name_en":"TelukBintuni","admin_level":"5","osm_id":""},"geometry":{"type":"Polygon","coordinates":[[[133.5847,-2.9267],[133.4997,-2.8568],[133.4383,-2.8269],[133.383,-2.792],[133.3692,-2.7782],[133.1958,-2.6442],[133.0401,-2.5134],[133.047,-2.4989],[133.0531,-2.4918],[133.06,-2.4864],[133.0763,-2.4782],[133.0948,-2.4611],[133.0991,-2.4597],[133.1043,-2.4612],[133.1064,-2.4602],[133.1291,-2.4383],[133.1497,-2.4366],[133.1549,-2.4375],[133.1723,-2.4316],[133.1955,-2.432],[133.2092,-2.4237],[133.2131,-2.4161],[133.2161,-2.4138],[133.2231,-2.4131],[133.2442,-2.4174],[133.2475,-2.4185],[133.2527,-2.4245],[133.2612,-2.4255],[133.2701,-2.43],[133.2905,-2.4355],[133.2984,-2.4413],[133.3109,-2.4445],[133.3203,-2.4516],[133.3468,-2.4844],[133.3601,-2.492],[133.3729,-2.504],[133.3786,-2.5071],[133.3848,-2.5141],[133.3885,-2.5227],[133.3875,-2.5476],[133.4082,-2.5494],[133.4123,-2.547],[133.4096,-2.5393],[133.4109,-2.5362],[133.4168,-2.5321],[133.4229,-2.5214],[133.4274,-2.5173],[133.431,-2.5067],[133.4479,-2.5033],[133.4498,-2.5039],[133.4599,-2.5355],[133.4586,-2.5546],[133.4515,-2.554],[133.4392,-2.5456],[133.4325,-2.543],[133.4258,-2.5421],[133.4161,-2.545],[133.4334,-2.5459],[133.4463,-2.5543],[133.4592,-2.5598],[133.468,-2.558],[133.4762,-2.5519],[133.4714,-2.5348],[133.4705,-2.5177],[133.4776,-2.5091],[133.4843,-2.507],[133.4857,-2.5087],[133.4831,-2.5138],[133.4848,-2.5153],[133.4874,-2.5119],[133.4896,-2.5125],[133.4946,-2.5262],[133.494,-2.5296],[133.4907,-2.5332],[133.4954,-2.5332],[133.4967,-2.538],[133.4955,-2.5402],[133.5028,-2.5436],[133.5086,-2.5577],[133.5137,-2.5648],[133.5201,-2.5785],[133.5223,-2.5795],[133.527,-2.5797],[133.5292,-2.5779],[133.5364,-2.5622],[133.5433,-2.5564],[133.5465,-2.5496],[133.5545,-2.5552],[133.564,-2.5578],[133.5732,-2.5528],[133.5759,-2.5543],[133.5763,-2.5592],[133.58,-2.5661],[133.5883,-2.5687],[133.5949,-2.566],[133.6116,-2.5504],[133.63,-2.5378],[133.6445,-2.5344],[133.6529,-2.5357],[133.6566,-2.5381],[133.6611,-2.5456],[133.6695,-2.5498],[133.6843,-2.5659],[133.693,-2.5684],[133.7025,-2.5672],[133.7088,-2.5596],[133.7063,-2.5573],[133.7047,-2.5448],[133.7077,-2.5339],[133.704,-2.5129],[133.7054,-2.5055],[133.7075,-2.5028],[133.7097,-2.5017],[133.7369,-2.5027],[133.7567,-2.5113],[133.7709,-2.5143],[133.7848,-2.5147],[133.7925,-2.517],[133.7971,-2.5169],[133.8017,-2.5104],[133.8027,-2.5006],[133.798,-2.4912],[133.7999,-2.486],[133.7971,-2.4814],[133.7923,-2.4771],[133.7888,-2.4818],[133.785,-2.4826],[133.781,-2.4785],[133.7782,-2.4818],[133.7724,-2.4814],[133.7668,-2.4765],[133.7725,-2.4718],[133.7732,-2.4686],[133.7642,-2.476],[133.761,-2.4746],[133.7592,-2.4707],[133.756,-2.4709],[133.7543,-2.4652],[133.7457,-2.4553],[133.7425,-2.4493],[133.7522,-2.4418],[133.7502,-2.4406],[133.7417,-2.446],[133.7408,-2.4414],[133.742,-2.432],[133.746,-2.4266],[133.7518,-2.4262],[133.7568,-2.422],[133.772,-2.4233],[133.7824,-2.4207],[133.797,-2.4207],[133.8078,-2.4174],[133.8213,-2.416],[133.8268,-2.4128],[133.8372,-2.4119],[133.8515,-2.4042],[133.8602,-2.3912],[133.8775,-2.3861],[133.886,-2.3875],[133.8913,-2.3919],[133.903,-2.3911],[133.9217,-2.3943],[133.9275,-2.397],[133.9408,-2.3972],[133.9523,-2.3949],[133.9586,-2.3976],[133.964,-2.3976],[133.9794,-2.3915],[133.997,-2.3942],[134.0009,-2.3932],[133.9974,-2.3882],[133.9874,-2.3848],[133.9677,-2.3834],[133.9546,-2.3857],[133.9404,-2.3848],[133.9336,-2.3861],[133.9151,-2.3833],[133.9059,-2.379],[133.8967,-2.3771],[133.89,-2.3728],[133.8898,-2.3678],[133.8802,-2.3671],[133.8765,-2.3643],[133.8723,-2.3498],[133.8607,-2.3331],[133.8629,-2.321],[133.8664,-2.317],[133.8743,-2.3126],[133.8785,-2.3112],[133.9372,-2.3071],[133.9431,-2.3051],[133.9473,-2.3004],[133.9547,-2.2806],[133.9579,-2.2606],[133.9613,-2.2516],[133.9599,-2.2462],[133.9646,-2.2379],[133.9616,-2.2296],[133.9535,-2.2177],[133.9524,-2.2068],[133.9536,-2.1993],[133.9523,-2.1969],[133.9557,-2.1831],[133.9554,-2.1709],[133.9514,-2.1699],[133.9492,-2.171],[133.9514,-2.1793],[133.9474,-2.1878],[133.9468,-2.2046],[133.9448,-2.2059],[133.9472,-2.2099],[133.9454,-2.2149],[133.9433,-2.2161],[133.9439,-2.2208],[133.9413,-2.2224],[133.9444,-2.2271],[133.9455,-2.2322],[133.9371,-2.2385],[133.9404,-2.2387],[133.945,-2.2355],[133.947,-2.2365],[133.9487,-2.2505],[133.9455,-2.2639],[133.9379,-2.2712],[133.9367,-2.2746],[133.9401,-2.2753],[133.9411,-2.2778],[133.9388,-2.2945],[133.9343,-2.3013],[133.9292,-2.3024],[133.908,-2.2971],[133.8946,-2.2981],[133.8875,-2.2964],[133.8821,-2.2912],[133.8808,-2.2857],[133.8712,-2.2783],[133.8654,-2.2812],[133.8615,-2.2804],[133.8556,-2.2876],[133.8371,-2.2928],[133.8291,-2.2919],[133.8141,-2.2832],[133.7937,-2.2655],[133.7901,-2.265],[133.7841,-2.2557],[133.7795,-2.2398],[133.7804,-2.2369],[133.7834,-2.2366],[133.785,-2.2336],[133.8042,-2.2255],[133.8135,-2.2233],[133.8173,-2.2185],[133.8596,-2.2028],[133.8645,-2.2023],[133.8764,-2.1846],[133.8802,-2.1719],[133.8841,-2.1695],[133.8889,-2.1484],[133.8964,-2.1438],[133.9145,-2.1434],[133.9156,-2.136],[133.94,-2.1115],[133.9423,-2.1031],[133.9395,-2.0924],[133.9373,-2.0905],[133.9333,-2.09],[133.9198,-2.1035],[133.9069,-2.1013],[133.9002,-2.1055],[133.8883,-2.1092],[133.8739,-2.0989],[133.8635,-2.0955],[133.8579,-2.0972],[133.8514,-2.1014],[133.8512,-2.1037],[133.8451,-2.1114],[133.8376,-2.1317],[133.8344,-2.1358],[133.8315,-2.1363],[133.8275,-2.1405],[133.7917,-2.1515],[133.7835,-2.1619],[133.7737,-2.1677],[133.7644,-2.17],[133.7581,-2.1691],[133.744,-2.165],[133.7312,-2.1562],[133.7292,-2.1613],[133.7335,-2.1625],[133.7328,-2.1649],[133.7216,-2.1732],[133.7124,-2.1944],[133.7091,-2.1979],[133.7067,-2.1993],[133.6874,-2.1969],[133.6801,-2.1981],[133.6767,-2.2021],[133.674,-2.2027],[133.6698,-2.2101],[133.6646,-2.2111],[133.6574,-2.2217],[133.6519,-2.2236],[133.6465,-2.2288],[133.6379,-2.2329],[133.6356,-2.2325],[133.6285,-2.2203],[133.6233,-2.2168],[133.6127,-2.2165],[133.6023,-2.2258],[133.5985,-2.2268],[133.5944,-2.2256],[133.5915,-2.2223],[133.5868,-2.2112],[133.5878,-2.1946],[133.5963,-2.1841],[133.6013,-2.1829],[133.6052,-2.1852],[133.6055,-2.1819],[133.6,-2.1764],[133.5954,-2.1762],[133.5929,-2.1779],[133.5815,-2.1906],[133.5771,-2.2017],[133.5788,-2.2059],[133.5787,-2.2118],[133.5728,-2.2206],[133.56,-2.2289],[133.5448,-2.2321],[133.5437,-2.2344],[133.5378,-2.2346],[133.5316,-2.2374],[133.525,-2.2365],[133.5209,-2.2306],[133.5168,-2.228],[133.5058,-2.2305],[133.4902,-2.2279],[133.4803,-2.2306],[133.4696,-2.2268],[133.4432,-2.2276],[133.4318,-2.2263],[133.4275,-2.2232],[133.4258,-2.2184],[133.4181,-2.2143],[133.4136,-2.2072],[133.4016,-2.2073],[133.3952,-2.2093],[133.3777,-2.2042],[133.3737,-2.2083],[133.3626,-2.2106],[133.3479,-2.2115],[133.3394,-2.2142],[133.3145,-2.2144],[133.3054,-2.212],[133.2967,-2.2072],[133.2909,-2.2019],[133.2896,-2.1954],[133.2862,-2.1923],[133.2709,-2.2011],[133.268,-2.2003],[133.2501,-2.2034],[133.2359,-2.2133],[133.2309,-2.215],[133.2278,-2.209],[133.2228,-2.2057],[133.2249,-2.2011],[133.224,-2.1992],[133.1947,-2.1942],[133.1798,-2.194],[133.1577,-2.1979],[133.1268,-2.2175],[133.1205,-2.225],[133.1009,-2.2292],[133.0979,-2.2331],[133.0682,-2.2303],[133.0393,-2.2365],[133.0224,-2.2461],[133.0034,-2.2701],[132.9909,-2.2754],[132.9803,-2.286],[132.9729,-2.2885],[132.9678,-2.2924],[132.9641,-2.2924],[132.9598,-2.2896],[132.9539,-2.282],[132.9414,-2.2777],[132.9079,-2.28],[132.9012,-2.2783],[132.8879,-2.2699],[132.8827,-2.2601],[132.8729,-2.2501],[132.8557,-2.2425],[132.8427,-2.2402],[132.8093,-2.2422],[132.7649,-2.2567],[132.7375,-2.2727],[132.7298,-2.2826],[132.7228,-2.296],[132.7189,-2.2986],[132.7126,-2.2987],[132.6956,-2.2928],[132.6811,-2.2921],[132.6684,-2.2872],[132.6507,-2.286],[132.6354,-2.2765],[132.6291,-2.2677],[132.6316,-2.2594],[132.6295,-2.2587],[132.6257,-2.2615],[132.6237,-2.2597],[132.6248,-2.2382],[132.6201,-2.2245],[132.6106,-2.2075],[132.5947,-2.1912],[132.5911,-2.1895],[132.5771,-2.1881],[132.5671,-2.1899],[132.5416,-2.1899],[132.5055,-2.1238],[132.4844,-2.0579],[132.473,-1.9744],[132.4713,-1.9126],[132.4745,-1.8848],[132.475,-1.8577],[132.4872,-1.8051],[132.5167,-1.7334],[132.5245,-1.7052],[132.5499,-1.6508],[132.5681,-1.5941],[132.5999,-1.4146],[132.6096,-1.3953],[132.6328,-1.3619],[132.6721,-1.2953],[132.7199,-1.219],[132.7233,-1.1967],[132.7227,-1.184],[132.7088,-1.1605],[132.7319,-1.1687],[132.7944,-1.1721],[132.8209,-1.1794],[132.864,-1.1878],[132.9474,-1.2004],[132.9693,-1.2078],[132.9882,-1.2105],[133.0054,-1.2156],[133.0321,-1.2205],[133.1104,-1.2309],[133.1752,-1.2461],[133.2342,-1.2578],[133.2492,-1.2624],[133.2932,-1.2661],[133.3017,-1.2693],[133.3378,-1.2762],[133.4012,-1.2978],[133.4266,-1.3014],[133.4698,-1.3131],[133.5262,-1.3257],[133.5721,-1.338],[133.615,-1.3527],[133.6629,-1.3631],[133.6617,-1.3953],[133.6597,-1.4102],[133.6659,-1.4814],[133.6658,-1.5105],[133.6642,-1.5427],[133.6523,-1.5881],[133.6662,-1.5925],[133.6838,-1.594],[133.7596,-1.5946],[133.8052,-1.5977],[133.8143,-1.6004],[133.8547,-1.6],[133.8663,-1.5967],[133.8729,-1.6572],[133.8688,-1.6916],[133.8661,-1.7032],[133.862,-1.7062],[133.8624,-1.7152],[133.843,-1.7595],[133.836,-1.7944],[133.8359,-1.807],[133.8386,-1.8189],[133.8373,-1.8296],[133.8381,-1.8402],[133.8417,-1.8697],[133.8718,-1.9535],[133.8736,-1.9673],[133.8717,-1.992],[133.8822,-2.0226],[133.9697,-2.0134],[134.0202,-2.0046],[134.0242,-2.0216],[134.0238,-2.0393],[134.029,-2.0731],[134.0358,-2.1046],[134.0451,-2.1901],[134.0475,-2.1969],[134.052,-2.2392],[134.0518,-2.2644],[134.057,-2.3158],[134.0622,-2.343],[134.0645,-2.3728],[134.0706,-2.4132],[134.0741,-2.4274],[134.0724,-2.4446],[134.0733,-2.4666],[134.0716,-2.4802],[134.0713,-2.5094],[134.076,-2.5745],[134.0806,-2.5947],[134.0837,-2.6033],[134.0917,-2.617],[134.0965,-2.6377],[134.1082,-2.6632],[134.12,-2.6835],[134.129,-2.7052],[134.1337,-2.7301],[134.1423,-2.7516],[134.1457,-2.7686],[134.155,-2.7897],[134.171,-2.8358],[134.1735,-2.8468],[134.1726,-2.8523],[134.1333,-2.84],[134.0741,-2.8688],[133.8652,-2.9554],[133.7756,-2.9999],[133.7696,-3.0056],[133.7608,-3.0063],[133.752,-3.0094],[133.713,-3.0136],[133.6783,-3.0043],[133.6444,-2.9649],[133.5965,-2.9365],[133.5847,-2.9267]]]}},{"type":"Feature","properties":{"name":"TelukWondama","name_en":"TelukWondama","admin_level":"5","osm_id":""},"geometry":{"type":"Polygon","coordinates":[[[134.4741,-2.8676],[134.4818,-2.8659],[134.4848,-2.863],[134.4894,-2.8637],[134.4948,-2.8673],[134.4962,-2.8638],[134.4901,-2.8583],[134.4876,-2.8545],[134.4881,-2.8522],[134.4941,-2.8539],[134.4966,-2.8526],[134.5,-2.8495],[134.4975,-2.849],[134.4981,-2.8469],[134.5089,-2.8374],[134.5107,-2.8429],[134.5175,-2.8203],[134.517,-2.8136],[134.521,-2.7974],[134.5126,-2.7822],[134.5137,-2.7725],[134.5059,-2.7669],[134.5027,-2.7587],[134.5023,-2.7538],[134.5083,-2.736],[134.4981,-2.7249],[134.4946,-2.7154],[134.498,-2.7008],[134.4973,-2.6976],[134.4906,-2.6883],[134.4919,-2.6827],[134.4957,-2.6779],[134.4935,-2.6626],[134.4916,-2.6596],[134.4846,-2.6571],[134.4741,-2.6462],[134.4721,-2.642],[134.4726,-2.6351],[134.4693,-2.6273],[134.4687,-2.6214],[134.4688,-2.619],[134.4739,-2.6141],[134.4725,-2.6068],[134.4702,-2.6022],[134.4637,-2.5997],[134.4596,-2.594],[134.459,-2.5716],[134.4631,-2.5575],[134.4595,-2.5521],[134.4622,-2.5517],[134.4642,-2.5491],[134.4731,-2.5271],[134.4839,-2.5178],[134.4896,-2.5169],[134.4857,-2.5126],[134.4873,-2.5097],[134.5119,-2.4861],[134.517,-2.4855],[134.5375,-2.4881],[134.5502,-2.4959],[134.5526,-2.4951],[134.5531,-2.4926],[134.5474,-2.4897],[134.551,-2.4851],[134.5571,-2.4855],[134.5653,-2.489],[134.5676,-2.4876],[134.5695,-2.4827],[134.5613,-2.4813],[134.5564,-2.4782],[134.5455,-2.4777],[134.5354,-2.4811],[134.5226,-2.476],[134.5202,-2.476],[134.5159,-2.4793],[134.5129,-2.4775],[134.5143,-2.4715],[134.5187,-2.4675],[134.5211,-2.4673],[134.5276,-2.4705],[134.5378,-2.471],[134.5456,-2.4751],[134.5511,-2.4749],[134.5503,-2.4723],[134.5442,-2.4671],[134.5339,-2.4628],[134.5324,-2.4605],[134.5329,-2.4572],[134.5299,-2.4539],[134.5307,-2.452],[134.5329,-2.4519],[134.5565,-2.4584],[134.5593,-2.4574],[134.5666,-2.4591],[134.5676,-2.4617],[134.5719,-2.4646],[134.5698,-2.4726],[134.5705,-2.4764],[134.5988,-2.4891],[134.6244,-2.6997],[134.6309,-2.7416],[134.6298,-2.7416],[134.7035,-3.3455],[134.7259,-3.3638],[134.7268,-3.4086],[134.6359,-3.5426],[134.5252,-3.5058],[134.4874,-3.4899],[134.413,-3.4741],[134.3852,-3.4621],[134.3356,-3.4362],[134.2839,-3.4141],[134.2514,-3.4022],[134.2243,-3.35],[134.2376,-3.3108],[134.2565,-3.2825],[134.2795,-3.2402],[134.3231,-3.1848],[134.2335,-3.0432],[134.2048,-2.9504],[134.1931,-2.9029],[134.1772,-2.8607],[134.1761,-2.8609],[134.1726,-2.8523],[134.1735,-2.8468],[134.171,-2.8358],[134.155,-2.7897],[134.1457,-2.7686],[134.1423,-2.7516],[134.1337,-2.7301],[134.129,-2.7052],[134.12,-2.6835],[134.1082,-2.6632],[134.0965,-2.6377],[134.0917,-2.617],[134.0837,-2.6033],[134.0806,-2.5947],[134.076,-2.5745],[134.0713,-2.5094],[134.0716,-2.4802],[134.0733,-2.4666],[134.0724,-2.4446],[134.0741,-2.4274],[134.0706,-2.4132],[134.0645,-2.3728],[134.0622,-2.343],[134.057,-2.3158],[134.0518,-2.2644],[134.0514,-2.2313],[134.0475,-2.1969],[134.0451,-2.1901],[134.0358,-2.1046],[134.029,-2.0731],[134.0238,-2.0393],[134.0242,-2.0216],[134.0202,-2.0046],[134.0188,-2.0049],[134.0046,-1.91],[134.0031,-1.8621],[134.0058,-1.862],[134.0058,-1.825],[134.0033,-1.7715],[134.0448,-1.7685],[134.0845,-1.7697],[134.1001,-1.7669],[134.0985,-1.7732],[134.099,-1.7832],[134.0968,-1.7914],[134.1008,-1.7969],[134.0991,-1.8046],[134.1027,-1.8156],[134.0996,-1.8339],[134.1069,-1.852],[134.1039,-1.852],[134.1024,-1.8538],[134.1036,-1.8559],[134.1017,-1.8621],[134.1064,-1.8632],[134.1074,-1.8678],[134.114,-1.8684],[134.118,-1.8637],[134.1198,-1.8628],[134.1216,-1.8643],[134.1226,-1.8715],[134.1206,-1.8752],[134.1224,-1.8767],[134.121,-1.8853],[134.1278,-1.9135],[134.133,-1.9276],[134.1362,-1.9462],[134.1345,-1.9568],[134.1384,-1.9638],[134.1416,-1.9606],[134.146,-1.9608],[134.1473,-1.9629],[134.1528,-1.9634],[134.1537,-1.966],[134.1518,-1.9705],[134.1463,-1.972],[134.1446,-1.9698],[134.1451,-1.9673],[134.1384,-1.9664],[134.1363,-1.9764],[134.1401,-1.983],[134.1424,-2.0027],[134.1389,-2.0103],[134.1313,-2.0174],[134.1303,-2.0199],[134.1317,-2.0309],[134.128,-2.0326],[134.1251,-2.0264],[134.123,-2.0257],[134.1212,-2.0286],[134.1214,-2.0398],[134.1199,-2.0419],[134.1177,-2.0402],[134.1098,-2.0442],[134.1073,-2.0502],[134.1042,-2.0529],[134.1072,-2.0615],[134.1043,-2.0742],[134.1147,-2.0988],[134.1135,-2.1009],[134.1083,-2.0985],[134.1069,-2.1008],[134.108,-2.1036],[134.115,-2.1096],[134.1167,-2.1143],[134.1146,-2.1287],[134.1184,-2.1437],[134.1209,-2.1638],[134.1235,-2.1693],[134.1299,-2.1691],[134.1312,-2.1674],[134.1279,-2.1601],[134.1278,-2.1576],[134.1294,-2.1562],[134.1413,-2.1566],[134.1454,-2.1587],[134.1455,-2.1672],[134.1433,-2.1674],[134.142,-2.1695],[134.1468,-2.1703],[134.1477,-2.1729],[134.1478,-2.1759],[134.144,-2.1807],[134.1474,-2.1913],[134.147,-2.1936],[134.1428,-2.1944],[134.1435,-2.1964],[134.1482,-2.1975],[134.1496,-2.1995],[134.1494,-2.2036],[134.1422,-2.2159],[134.1368,-2.2174],[134.1404,-2.223],[134.1475,-2.225],[134.1467,-2.2283],[134.1377,-2.2292],[134.1396,-2.234],[134.1389,-2.239],[134.1396,-2.2415],[134.1488,-2.2426],[134.1513,-2.2449],[134.1563,-2.2456],[134.1574,-2.2474],[134.152,-2.2505],[134.1529,-2.253],[134.1594,-2.2539],[134.1601,-2.2559],[134.1555,-2.2563],[134.1525,-2.259],[134.1567,-2.2646],[134.1583,-2.2697],[134.1548,-2.2781],[134.1587,-2.2894],[134.1572,-2.2966],[134.16,-2.3007],[134.1633,-2.3125],[134.1742,-2.3233],[134.1764,-2.3554],[134.1824,-2.3608],[134.1858,-2.3581],[134.1875,-2.3645],[134.1931,-2.3688],[134.1934,-2.3769],[134.1942,-2.3807],[134.1965,-2.3819],[134.1968,-2.3889],[134.1989,-2.3897],[134.2025,-2.3833],[134.2045,-2.3826],[134.2051,-2.3877],[134.2024,-2.3942],[134.2059,-2.398],[134.2027,-2.401],[134.203,-2.403],[134.2079,-2.4073],[134.2145,-2.4189],[134.2156,-2.4238],[134.2255,-2.4241],[134.2307,-2.426],[134.2403,-2.434],[134.2448,-2.4429],[134.2485,-2.4428],[134.2501,-2.4334],[134.2538,-2.4303],[134.2624,-2.4356],[134.2627,-2.4399],[134.2586,-2.446],[134.2605,-2.4552],[134.2636,-2.4548],[134.2658,-2.4518],[134.2681,-2.452],[134.2687,-2.4598],[134.2655,-2.4642],[134.2661,-2.4662],[134.268,-2.4681],[134.2693,-2.4644],[134.2716,-2.4643],[134.2766,-2.469],[134.2756,-2.4742],[134.2722,-2.4784],[134.2662,-2.4793],[134.2649,-2.481],[134.2676,-2.4824],[134.2754,-2.4789],[134.2804,-2.4803],[134.2804,-2.4847],[134.2842,-2.4845],[134.2853,-2.4869],[134.2906,-2.4896],[134.2907,-2.496],[134.2937,-2.4976],[134.2967,-2.4967],[134.2987,-2.5072],[134.3007,-2.5083],[134.3195,-2.5092],[134.3196,-2.514],[134.3176,-2.5149],[134.3149,-2.5127],[134.3106,-2.516],[134.2899,-2.5189],[134.287,-2.5222],[134.2959,-2.5207],[134.3015,-2.5214],[134.312,-2.519],[134.321,-2.5289],[134.3216,-2.5323],[134.3191,-2.5353],[134.3146,-2.5338],[134.3113,-2.5368],[134.3209,-2.541],[134.3187,-2.5439],[134.3206,-2.5454],[134.3204,-2.5474],[134.3253,-2.5478],[134.3258,-2.5456],[134.3277,-2.5464],[134.3284,-2.5492],[134.3332,-2.55],[134.3408,-2.5551],[134.3385,-2.5594],[134.3345,-2.5588],[134.3326,-2.568],[134.3372,-2.5752],[134.3417,-2.5787],[134.34,-2.5813],[134.3368,-2.5809],[134.3334,-2.5841],[134.3226,-2.5822],[134.3204,-2.5833],[134.3192,-2.5879],[134.3202,-2.591],[134.3232,-2.5905],[134.3273,-2.587],[134.3351,-2.5883],[134.3367,-2.5935],[134.3417,-2.6007],[134.3417,-2.6075],[134.3498,-2.6087],[134.3518,-2.6161],[134.3605,-2.6211],[134.3603,-2.6254],[134.3508,-2.627],[134.3509,-2.6297],[134.3549,-2.6309],[134.3537,-2.6334],[134.3574,-2.6359],[134.3611,-2.6431],[134.367,-2.6485],[134.3755,-2.6475],[134.3744,-2.6544],[134.3674,-2.661],[134.3677,-2.6697],[134.3709,-2.6729],[134.3724,-2.6772],[134.3797,-2.6764],[134.3884,-2.6964],[134.3809,-2.6963],[134.3954,-2.7113],[134.4,-2.7237],[134.4063,-2.7201],[134.4084,-2.723],[134.4045,-2.7327],[134.4043,-2.7377],[134.4108,-2.7496],[134.4119,-2.7548],[134.4074,-2.7704],[134.4085,-2.7726],[134.4153,-2.7736],[134.4229,-2.779],[134.4248,-2.7837],[134.4246,-2.7942],[134.4265,-2.8],[134.4291,-2.7952],[134.4344,-2.7987],[134.4407,-2.8091],[134.4521,-2.811],[134.4565,-2.8146],[134.4564,-2.8168],[134.4539,-2.8168],[134.4504,-2.8135],[134.4484,-2.8141],[134.4486,-2.8164],[134.4467,-2.8179],[134.4493,-2.8231],[134.4476,-2.8335],[134.4492,-2.8377],[134.4488,-2.843],[134.4469,-2.8472],[134.4439,-2.8496],[134.4523,-2.8576],[134.4556,-2.8671],[134.4637,-2.8686],[134.4741,-2.8676]]]}}]}