{"type":"FeatureCollection","metadata":{"parent_osm_id":"4521144","parent_name":"Papua","parent_name_1":"Papua","parent_gid":"IDN.23_1","parent_level":"4","child_level":"5","count":29,"source":"GADM 4.1","generated":"2026-05-09"},"features":[{"type":"Feature","properties":{"name":"Asmat","name_en":"Asmat","admin_level":"5","osm_id":""},"geometry":{"type":"Polygon","coordinates":[[[138.7196,-6.5111],[138.6999,-6.508],[138.6822,-6.5143],[138.672,-6.5207],[138.6644,-6.546],[138.6511,-6.553],[138.6414,-6.5668],[138.6292,-6.555],[138.6113,-6.5308],[138.612,-6.5298],[138.6059,-6.5238],[138.6063,-6.5219],[138.5797,-6.4943],[138.5759,-6.4884],[138.5681,-6.484],[138.5311,-6.4494],[138.5061,-6.4305],[138.4983,-6.4221],[138.4925,-6.4196],[138.486,-6.4096],[138.4833,-6.4098],[138.4823,-6.4076],[138.4753,-6.4042],[138.4689,-6.3986],[138.4319,-6.3623],[138.4282,-6.3572],[138.4217,-6.3462],[138.4205,-6.3398],[138.4314,-6.3226],[138.4107,-6.2937],[138.4024,-6.2662],[138.4017,-6.2558],[138.3971,-6.2495],[138.3923,-6.2365],[138.3833,-6.1989],[138.3842,-6.1822],[138.3876,-6.176],[138.3951,-6.1706],[138.3931,-6.163],[138.3881,-6.1576],[138.3836,-6.149],[138.3842,-6.1468],[138.3828,-6.1468],[138.3724,-6.1281],[138.366,-6.1205],[138.3521,-6.0955],[138.3482,-6.082],[138.3489,-6.0708],[138.3426,-6.0646],[138.3331,-6.0459],[138.333,-6.0434],[138.3303,-6.0413],[138.3264,-6.0337],[138.327,-6.0319],[138.3107,-5.9975],[138.3106,-5.9931],[138.3076,-5.9905],[138.2948,-5.9696],[138.292,-5.9674],[138.2854,-5.954],[138.2812,-5.9496],[138.2795,-5.9427],[138.2676,-5.9356],[138.2671,-5.9333],[138.266,-5.934],[138.2556,-5.9242],[138.2529,-5.919],[138.2531,-5.9146],[138.2515,-5.9137],[138.2506,-5.9079],[138.2503,-5.8928],[138.2521,-5.8756],[138.2585,-5.8651],[138.2766,-5.8619],[138.2791,-5.859],[138.2804,-5.8483],[138.2781,-5.8414],[138.269,-5.8356],[138.2435,-5.8275],[138.2332,-5.826],[138.2308,-5.8241],[138.1913,-5.8246],[138.1746,-5.8193],[138.1659,-5.8098],[138.1629,-5.8036],[138.1624,-5.798],[138.1637,-5.7974],[138.1619,-5.797],[138.1599,-5.7926],[138.1564,-5.7756],[138.1564,-5.7641],[138.1594,-5.7536],[138.1755,-5.7426],[138.174,-5.7286],[138.1669,-5.7214],[138.1408,-5.7187],[138.1303,-5.7197],[138.1263,-5.7237],[138.1247,-5.7227],[138.0958,-5.7331],[138.0967,-5.7342],[138.0926,-5.7367],[138.0898,-5.7414],[138.091,-5.7462],[138.073,-5.7348],[138.0727,-5.7313],[138.0682,-5.728],[138.0652,-5.7226],[138.0641,-5.709],[138.0665,-5.7034],[138.0576,-5.6962],[138.0537,-5.6868],[138.055,-5.6824],[138.053,-5.6816],[138.0498,-5.6739],[138.0493,-5.6673],[138.0507,-5.6634],[138.0494,-5.6621],[138.0497,-5.6593],[138.0508,-5.6594],[138.0499,-5.6515],[138.0487,-5.6518],[138.0491,-5.6498],[138.0468,-5.6486],[138.0481,-5.6445],[138.0452,-5.6365],[138.0466,-5.6345],[138.0432,-5.62],[138.0435,-5.6116],[138.0466,-5.5962],[138.0502,-5.5941],[138.0482,-5.5922],[138.0514,-5.5767],[138.0535,-5.578],[138.0587,-5.5642],[138.0634,-5.5576],[138.0737,-5.5529],[138.0841,-5.531],[138.0842,-5.5253],[138.0759,-5.5205],[138.0612,-5.5165],[138.0545,-5.5081],[138.0472,-5.503],[138.039,-5.5019],[138.0269,-5.5044],[138.0184,-5.5035],[138.0122,-5.5017],[138.0069,-5.4981],[137.9818,-5.4758],[137.9738,-5.4647],[137.9715,-5.4642],[137.9612,-5.4524],[137.9507,-5.4438],[137.9348,-5.4247],[137.9258,-5.4111],[137.9193,-5.4079],[137.9012,-5.3894],[137.8947,-5.381],[137.894,-5.3769],[137.8921,-5.3755],[137.8916,-5.3699],[137.8785,-5.3662],[137.8739,-5.3571],[137.8621,-5.3582],[137.8549,-5.3606],[137.8503,-5.3684],[137.8392,-5.3746],[137.8325,-5.3728],[137.8257,-5.3757],[137.817,-5.3763],[137.8098,-5.3796],[137.8027,-5.3783],[137.8007,-5.3735],[137.7985,-5.3743],[137.7961,-5.37],[137.7913,-5.3687],[137.7914,-5.3675],[137.7876,-5.3683],[137.7811,-5.3668],[137.7749,-5.3645],[137.7684,-5.3594],[137.762,-5.361],[137.7444,-5.3744],[137.7413,-5.3745],[137.7325,-5.3706],[137.7285,-5.3668],[137.7223,-5.3563],[137.7211,-5.3471],[137.7274,-5.3261],[137.7419,-5.3087],[137.7437,-5.3048],[137.7434,-5.2974],[137.741,-5.2906],[137.7323,-5.2806],[137.7227,-5.2786],[137.7164,-5.2747],[137.6892,-5.2438],[137.6814,-5.2383],[137.684,-5.2254],[137.683,-5.2199],[137.6671,-5.2149],[137.653,-5.2078],[137.6439,-5.2147],[137.6391,-5.2144],[137.6196,-5.2029],[137.6146,-5.1981],[137.6024,-5.1968],[137.5846,-5.1893],[137.5808,-5.1852],[137.5773,-5.1869],[137.5674,-5.1827],[137.5577,-5.1763],[137.5504,-5.169],[137.5561,-5.1569],[137.5549,-5.1469],[137.5597,-5.1439],[137.5768,-5.1359],[137.5869,-5.1355],[137.606,-5.139],[137.614,-5.1383],[137.6203,-5.1362],[137.6297,-5.1299],[137.6311,-5.1223],[137.6266,-5.1164],[137.6064,-5.1069],[137.6018,-5.1014],[137.6022,-5.0871],[137.6119,-5.0801],[137.6185,-5.078],[137.628,-5.0784],[137.6332,-5.0745],[137.6412,-5.062],[137.6426,-5.0543],[137.6503,-5.0488],[137.6534,-5.0408],[137.6601,-5.0373],[137.6793,-5.0329],[137.7059,-5.0225],[137.7634,-4.9901],[137.7915,-4.9709],[137.8151,-4.9443],[137.8136,-4.8941],[137.7369,-4.8336],[137.6882,-4.8189],[137.6513,-4.7908],[137.6144,-4.7303],[137.5775,-4.6521],[137.7509,-4.6276],[137.8699,-4.6063],[137.9126,-4.6063],[137.9662,-4.5984],[138.1116,-4.6282],[138.1372,-4.6307],[138.3412,-4.6781],[138.5832,-4.7262],[138.643,-4.7397],[138.718,-4.7409],[138.825,-4.7283],[138.9498,-4.7265],[139.0296,-4.7374],[139.1343,-4.8261],[139.3042,-4.9383],[139.5114,-5.0063],[139.6444,-5.0411],[139.259,-5.5474],[138.9431,-5.7228],[138.9241,-6.4202],[138.9163,-6.4187],[138.9109,-6.4296],[138.9033,-6.433],[138.887,-6.4464],[138.882,-6.4534],[138.8761,-6.4568],[138.8706,-6.4656],[138.8622,-6.4706],[138.8508,-6.4811],[138.8406,-6.4822],[138.8357,-6.4803],[138.8277,-6.4801],[138.819,-6.4815],[138.8132,-6.4863],[138.8114,-6.4859],[138.8112,-6.4829],[138.8086,-6.4802],[138.7918,-6.4782],[138.781,-6.4807],[138.7683,-6.494],[138.7607,-6.5048],[138.7525,-6.5124],[138.7455,-6.5149],[138.7196,-6.5111]]]}},{"type":"Feature","properties":{"name":"BiakNumfor","name_en":"BiakNumfor","admin_level":"5","osm_id":""},"geometry":{"type":"Polygon","coordinates":[[[136.1237,-1.1966],[136.0847,-1.1879],[136.0791,-1.185],[136.0754,-1.1861],[136.0733,-1.1841],[136.0567,-1.1779],[136.0497,-1.1713],[136.0497,-1.1572],[136.0439,-1.1552],[136.0385,-1.1488],[136.0351,-1.1472],[136.0321,-1.1483],[136.0283,-1.1463],[136.0218,-1.1472],[136.0172,-1.1445],[136.0013,-1.1423],[135.989,-1.1447],[135.9828,-1.1443],[135.9783,-1.1473],[135.9704,-1.1466],[135.9655,-1.1486],[135.9557,-1.1492],[135.9513,-1.1466],[135.9451,-1.1463],[135.944,-1.1421],[135.9416,-1.1416],[135.9404,-1.1431],[135.9429,-1.1457],[135.9426,-1.1475],[135.9354,-1.1492],[135.9318,-1.1547],[135.9224,-1.1583],[135.9135,-1.1597],[135.9123,-1.1633],[135.9075,-1.1676],[135.906,-1.178],[135.8983,-1.1777],[135.8905,-1.1741],[135.8732,-1.1729],[135.8662,-1.1688],[135.8578,-1.1666],[135.8394,-1.1445],[135.8233,-1.1318],[135.8161,-1.115],[135.8137,-1.1136],[135.8116,-1.1149],[135.806,-1.1051],[135.8064,-1.1034],[135.802,-1.0978],[135.8036,-1.0949],[135.8023,-1.0924],[135.8181,-1.0892],[135.8205,-1.0853],[135.8211,-1.0753],[135.8233,-1.0732],[135.8227,-1.066],[135.8202,-1.0595],[135.823,-1.0453],[135.8226,-1.0387],[135.8255,-1.0318],[135.8235,-1.0254],[135.8143,-1.0087],[135.8108,-1.0087],[135.8035,-1.0026],[135.801,-0.9985],[135.7986,-0.9881],[135.7953,-0.9854],[135.7927,-0.9783],[135.7933,-0.9715],[135.7919,-0.968],[135.7876,-0.9655],[135.7895,-0.9564],[135.7876,-0.9456],[135.7889,-0.9362],[135.7862,-0.9377],[135.7828,-0.9361],[135.7822,-0.9297],[135.7763,-0.9226],[135.7773,-0.9113],[135.7752,-0.904],[135.77,-0.9014],[135.7695,-0.8955],[135.767,-0.8933],[135.7675,-0.888],[135.7659,-0.8853],[135.7682,-0.8788],[135.7725,-0.8782],[135.7748,-0.876],[135.7678,-0.8741],[135.7658,-0.8686],[135.7668,-0.864],[135.7609,-0.8563],[135.7605,-0.8506],[135.7543,-0.8434],[135.7554,-0.8374],[135.7527,-0.8363],[135.7503,-0.8287],[135.7456,-0.8241],[135.7418,-0.8158],[135.7413,-0.8101],[135.7365,-0.8077],[135.7362,-0.806],[135.7323,-0.8062],[135.7298,-0.8043],[135.7308,-0.8028],[135.7275,-0.8014],[135.7142,-0.8064],[135.7111,-0.8058],[135.7087,-0.8032],[135.7388,-0.7945],[135.8035,-0.7408],[135.8036,-0.6868],[135.8117,-0.6854],[135.8468,-0.6989],[135.854,-0.7002],[135.8656,-0.7067],[135.8777,-0.7238],[135.8795,-0.724],[135.8814,-0.7277],[135.8834,-0.7277],[135.8909,-0.7355],[135.8904,-0.7368],[135.8947,-0.7442],[135.9062,-0.7562],[135.9091,-0.7575],[135.9113,-0.768],[135.9177,-0.7755],[135.9198,-0.7836],[135.9248,-0.7902],[135.9305,-0.7901],[135.9368,-0.786],[135.9418,-0.7875],[135.9475,-0.7956],[135.9597,-0.7993],[135.9629,-0.8041],[135.9733,-0.8123],[135.9818,-0.8144],[135.9819,-0.8156],[135.9836,-0.8146],[135.9934,-0.8208],[136.0008,-0.8231],[136.0099,-0.8315],[136.0293,-0.8371],[136.0367,-0.843],[136.0387,-0.8469],[136.0356,-0.8592],[136.0387,-0.8594],[136.0433,-0.8548],[136.0509,-0.8563],[136.0516,-0.8592],[136.0468,-0.8709],[136.0449,-0.8819],[136.0462,-0.8841],[136.0398,-0.8937],[136.04,-0.8957],[136.0439,-0.8992],[136.0475,-0.9002],[136.0504,-0.8921],[136.0532,-0.8895],[136.0604,-0.8871],[136.0703,-0.8964],[136.0709,-0.9039],[136.0765,-0.9122],[136.0851,-0.9152],[136.0877,-0.9146],[136.0915,-0.9172],[136.0981,-0.9321],[136.0943,-0.9475],[136.0991,-0.9606],[136.1105,-0.9713],[136.1192,-0.9756],[136.1319,-0.9856],[136.1356,-0.9902],[136.146,-0.992],[136.1522,-0.9963],[136.1587,-1.0073],[136.1578,-1.0167],[136.1608,-1.0346],[136.1725,-1.0442],[136.1785,-1.0459],[136.1854,-1.0441],[136.1898,-1.0449],[136.2081,-1.0315],[136.2241,-1.0289],[136.237,-1.0295],[136.2482,-1.0259],[136.2538,-1.0184],[136.2574,-1.0175],[136.2684,-1.0219],[136.2758,-1.0215],[136.2798,-1.0229],[136.2845,-1.0277],[136.2899,-1.0299],[136.292,-1.0347],[136.2924,-1.046],[136.2963,-1.055],[136.3028,-1.06],[136.3112,-1.0606],[136.3237,-1.0741],[136.3316,-1.0761],[136.3451,-1.0662],[136.3543,-1.0666],[136.3604,-1.0634],[136.3835,-1.071],[136.3863,-1.0733],[136.3872,-1.0793],[136.3814,-1.089],[136.3789,-1.0903],[136.3706,-1.0895],[136.3655,-1.0916],[136.3586,-1.0974],[136.3546,-1.1111],[136.3334,-1.1265],[136.3264,-1.1335],[136.3141,-1.1408],[136.3028,-1.1425],[136.2939,-1.1474],[136.2823,-1.1503],[136.2747,-1.1585],[136.2601,-1.1613],[136.2426,-1.1705],[136.2127,-1.1724],[136.2074,-1.1733],[136.2085,-1.1739],[136.2076,-1.1757],[136.2062,-1.1736],[136.2034,-1.1738],[136.2031,-1.1758],[136.1997,-1.1768],[136.1907,-1.1776],[136.1788,-1.1822],[136.1726,-1.1817],[136.1626,-1.1854],[136.1553,-1.1947],[136.1488,-1.1999],[136.1479,-1.1986],[136.1423,-1.2002],[136.1357,-1.1998],[136.1237,-1.1966]]]}},{"type":"Feature","properties":{"name":"BovenDigoel","name_en":"BovenDigoel","admin_level":"5","osm_id":""},"geometry":{"type":"Polygon","coordinates":[[[140.0578,-7.2661],[140.0724,-6.4331],[139.7881,-6.4176],[139.8005,-6.3893],[139.8365,-6.354],[139.8482,-6.3402],[139.8544,-6.3243],[139.8537,-6.3063],[139.8586,-6.2869],[139.8565,-6.2814],[139.833,-6.2697],[139.8247,-6.2579],[139.8226,-6.222],[139.8254,-6.2067],[139.8351,-6.195],[139.8691,-6.1915],[139.7274,-5.7165],[139.7266,-5.4384],[139.705,-5.2354],[139.6444,-5.0411],[140.0981,-5.1604],[140.2307,-5.1836],[140.7644,-5.2583],[141.0,-5.2947],[141.0,-6.3133],[140.9897,-6.3142],[140.9763,-6.3186],[140.968,-6.3236],[140.9607,-6.3225],[140.9582,-6.3258],[140.9582,-6.3308],[140.9602,-6.335],[140.9568,-6.3431],[140.9627,-6.3483],[140.9601,-6.3483],[140.9584,-6.3517],[140.9611,-6.3566],[140.9663,-6.3595],[140.9565,-6.3637],[140.9576,-6.3717],[140.9482,-6.3712],[140.9454,-6.3695],[140.9405,-6.3781],[140.9411,-6.3848],[140.9467,-6.3904],[140.9512,-6.3907],[140.9579,-6.3867],[140.9521,-6.4066],[140.9413,-6.4113],[140.9409,-6.4134],[140.9419,-6.4171],[140.9446,-6.4186],[140.9552,-6.4188],[140.956,-6.4204],[140.9553,-6.4267],[140.9514,-6.4345],[140.9467,-6.4365],[140.9367,-6.4281],[140.9309,-6.4196],[140.9265,-6.4162],[140.9193,-6.4182],[140.9168,-6.4213],[140.9151,-6.4308],[140.9193,-6.4385],[140.9242,-6.4415],[140.9382,-6.4451],[140.9384,-6.4473],[140.9344,-6.4529],[140.923,-6.4563],[140.9216,-6.4608],[140.9238,-6.4673],[140.9302,-6.471],[140.9374,-6.4711],[140.9446,-6.4681],[140.9465,-6.4688],[140.9452,-6.4743],[140.9485,-6.4809],[140.9277,-6.4855],[140.922,-6.4887],[140.923,-6.4961],[140.9191,-6.5048],[140.9191,-6.5155],[140.9246,-6.5246],[140.9223,-6.5433],[140.9255,-6.5445],[140.9208,-6.5502],[140.922,-6.553],[140.9187,-6.5512],[140.9155,-6.5558],[140.9123,-6.5552],[140.9072,-6.5582],[140.8962,-6.5584],[140.8894,-6.5606],[140.8866,-6.5654],[140.8859,-6.5715],[140.8896,-6.5756],[140.8926,-6.5756],[140.9021,-6.5693],[140.9071,-6.5687],[140.901,-6.5815],[140.8943,-6.5883],[140.8942,-6.5977],[140.8902,-6.6043],[140.8873,-6.604],[140.8884,-6.5947],[140.8837,-6.5918],[140.8791,-6.5934],[140.869,-6.6044],[140.8609,-6.6072],[140.8447,-6.6086],[140.8406,-6.6103],[140.843,-6.6153],[140.8483,-6.6182],[140.0578,-7.2661]]]}},{"type":"Feature","properties":{"name":"Deiyai","name_en":"Deiyai","admin_level":"5","osm_id":""},"geometry":{"type":"Polygon","coordinates":[[[136.271,-4.2594],[136.2666,-4.2598],[136.2654,-4.262],[136.2655,-4.2744],[136.2637,-4.2844],[136.2538,-4.2941],[136.2491,-4.2958],[136.2418,-4.2909],[136.2294,-4.274],[136.2169,-4.2634],[136.2063,-4.2585],[136.1861,-4.2429],[136.1744,-4.2388],[136.1561,-4.2377],[136.1494,-4.2387],[136.1398,-4.2424],[136.1259,-4.2546],[136.1189,-4.2575],[136.0946,-4.2543],[136.0901,-4.2434],[136.0857,-4.2248],[136.0905,-4.176],[136.0876,-4.1383],[136.0906,-4.0879],[136.0941,-4.0654],[136.1008,-4.0589],[136.1029,-4.0513],[136.122,-4.0317],[136.1514,-4.0184],[136.1608,-4.0175],[136.1799,-4.0196],[136.1926,-4.0278],[136.2132,-4.0052],[136.2273,-3.9922],[136.2767,-3.9937],[136.4013,-4.0081],[136.4804,-4.0123],[136.4939,-4.0156],[136.5326,-4.0156],[136.647,-4.0257],[136.6607,-4.0351],[136.6785,-4.0414],[136.6862,-4.0555],[136.6887,-4.0861],[136.6938,-4.1078],[136.7307,-4.1265],[136.7263,-4.1464],[136.703,-4.1894],[136.6706,-4.2176],[136.6218,-4.2176],[136.5822,-4.2126],[136.5452,-4.2134],[136.5014,-4.2117],[136.489,-4.2128],[136.4899,-4.2174],[136.5,-4.2246],[136.506,-4.2331],[136.508,-4.2549],[136.5179,-4.2678],[136.524,-4.2713],[136.524,-4.2781],[136.5263,-4.2832],[136.5254,-4.2878],[136.5306,-4.2923],[136.5365,-4.2927],[136.5359,-4.296],[136.5304,-4.2986],[136.5304,-4.3044],[136.5262,-4.3059],[136.523,-4.3099],[136.5178,-4.3065],[136.5156,-4.3106],[136.5097,-4.3098],[136.5045,-4.3136],[136.4895,-4.3127],[136.4859,-4.3169],[136.4749,-4.3152],[136.4703,-4.3162],[136.465,-4.3138],[136.4644,-4.3103],[136.4628,-4.3095],[136.4588,-4.3154],[136.453,-4.3113],[136.4462,-4.3089],[136.4433,-4.3141],[136.4276,-4.3192],[136.4252,-4.3153],[136.4264,-4.3083],[136.4255,-4.3019],[136.4275,-4.2982],[136.425,-4.2937],[136.3922,-4.2997],[136.3842,-4.2951],[136.3799,-4.2893],[136.3657,-4.2962],[136.3422,-4.2964],[136.3379,-4.2915],[136.3312,-4.2736],[136.3286,-4.2721],[136.308,-4.2718],[136.294,-4.2643],[136.2782,-4.2635],[136.271,-4.2594]]]}},{"type":"Feature","properties":{"name":"Dogiyai","name_en":"Dogiyai","admin_level":"5","osm_id":""},"geometry":{"type":"Polygon","coordinates":[[[136.0886,-4.1916],[136.0857,-4.2248],[136.0901,-4.2434],[136.0946,-4.2543],[136.0817,-4.2628],[136.0732,-4.2635],[136.0692,-4.2717],[136.0708,-4.2761],[136.0527,-4.2651],[136.0535,-4.2607],[136.0502,-4.2589],[136.0447,-4.2605],[136.0363,-4.259],[136.0352,-4.2621],[136.0321,-4.263],[136.0155,-4.2591],[136.011,-4.262],[136.0065,-4.257],[135.9899,-4.2524],[135.9867,-4.256],[135.9845,-4.256],[135.9718,-4.2429],[135.9632,-4.2312],[135.9572,-4.2279],[135.9321,-4.2268],[135.9174,-4.2278],[135.9046,-4.2314],[135.8889,-4.2269],[135.8605,-4.2288],[135.8135,-4.2256],[135.7993,-4.2229],[135.7957,-4.2209],[135.7861,-4.2089],[135.7825,-4.2076],[135.7751,-4.2081],[135.7521,-4.2142],[135.746,-4.2135],[135.7392,-4.2102],[135.7066,-4.2031],[135.6918,-4.1914],[135.6869,-4.1905],[135.6772,-4.1925],[135.6712,-4.203],[135.6488,-4.2161],[135.6178,-4.2189],[135.6112,-4.2164],[135.5963,-4.2064],[135.5865,-4.2079],[135.5597,-4.2078],[135.5249,-4.203],[135.4959,-4.2015],[135.4513,-4.1917],[135.4413,-4.1925],[135.4224,-4.1765],[135.3982,-4.1608],[135.3645,-4.1578],[135.3564,-4.1692],[135.3455,-4.1755],[135.3355,-4.1779],[135.3257,-4.1702],[135.2985,-4.1602],[135.2985,-4.156],[135.0659,-4.1491],[135.0631,-4.1445],[135.0473,-4.0453],[135.1388,-3.9055],[135.1771,-3.8515],[135.2029,-3.8199],[135.282,-3.8398],[135.3773,-3.8663],[135.3988,-3.8671],[135.4067,-3.862],[135.439,-3.8678],[135.4476,-3.8656],[135.4619,-3.8671],[135.4877,-3.8821],[135.5114,-3.9],[135.5243,-3.9079],[135.5479,-3.9323],[135.5594,-3.9351],[135.5794,-3.9344],[135.5988,-3.9165],[135.6002,-3.9072],[135.6225,-3.9036],[135.631,-3.8979],[135.6626,-3.885],[135.6834,-3.8699],[135.692,-3.8656],[135.6991,-3.8685],[135.7079,-3.8668],[135.7165,-3.8686],[135.7234,-3.8646],[135.736,-3.8651],[135.7469,-3.86],[135.7543,-3.8628],[135.7629,-3.8605],[135.7904,-3.8588],[135.7939,-3.8531],[135.7996,-3.8508],[135.8019,-3.8473],[135.8076,-3.8433],[135.8134,-3.8422],[135.818,-3.8393],[135.8277,-3.8399],[135.8386,-3.8382],[135.8661,-3.8405],[135.8667,-3.8382],[135.8644,-3.8319],[135.8719,-3.8301],[135.8816,-3.8164],[135.885,-3.794],[135.885,-3.7831],[135.8954,-3.7854],[135.904,-3.7837],[135.9091,-3.7797],[135.9412,-3.7768],[135.9487,-3.7751],[135.9538,-3.7694],[135.9665,-3.7665],[135.9848,-3.7699],[135.9923,-3.7677],[136.0009,-3.7625],[136.0209,-3.735],[136.0284,-3.7304],[136.0444,-3.7247],[136.0565,-3.7227],[136.0694,-3.7272],[136.0819,-3.7353],[136.0922,-3.7515],[136.1194,-3.808],[136.1326,-3.8263],[136.1495,-3.855],[136.1906,-3.9291],[136.2045,-3.935],[136.2273,-3.9519],[136.2273,-3.9922],[136.2132,-4.0052],[136.1926,-4.0278],[136.1799,-4.0196],[136.1696,-4.0178],[136.1514,-4.0184],[136.122,-4.0317],[136.1029,-4.0513],[136.1008,-4.0589],[136.0941,-4.0654],[136.0906,-4.0879],[136.0876,-4.1383],[136.0905,-4.176],[136.0886,-4.1916]]]}},{"type":"Feature","properties":{"name":"IntanJaya","name_en":"IntanJaya","admin_level":"5","osm_id":""},"geometry":{"type":"Polygon","coordinates":[[[137.1068,-3.7406],[137.1057,-3.7514],[137.1148,-3.7888],[137.1264,-3.8179],[137.1439,-3.8436],[137.1721,-3.8768],[137.189,-3.909],[137.0998,-3.9066],[136.7267,-3.905],[136.7267,-3.8431],[136.706,-3.824],[136.6298,-3.7447],[136.5377,-3.6605],[136.5139,-3.6319],[136.4425,-3.5256],[136.3901,-3.4414],[136.3444,-3.3774],[136.392,-3.3522],[136.3944,-3.3132],[136.3911,-3.3078],[136.3939,-3.3003],[136.3938,-3.2923],[136.3912,-3.2792],[136.3849,-3.2717],[136.384,-3.2674],[136.3809,-3.2657],[136.3801,-3.2571],[136.3775,-3.2504],[136.3791,-3.2356],[136.3746,-3.2247],[136.3643,-3.2071],[136.3562,-3.2008],[136.3576,-3.1941],[136.356,-3.1865],[136.352,-3.1835],[136.3509,-3.1807],[136.3479,-3.1805],[136.3447,-3.1774],[136.3306,-3.1736],[136.3239,-3.1689],[136.3208,-3.1642],[136.3203,-3.1578],[136.3235,-3.1509],[136.3202,-3.1432],[136.3159,-3.1385],[136.3144,-3.1327],[136.319,-3.1325],[136.3208,-3.1297],[136.3203,-3.1238],[136.3354,-3.1],[136.3365,-3.088],[136.3303,-3.0797],[136.3331,-3.0757],[136.3294,-3.0668],[136.3355,-3.0527],[136.3338,-3.0515],[136.3254,-3.0548],[136.3251,-3.0532],[136.3312,-3.0482],[136.3273,-3.0442],[136.3279,-3.0388],[136.3259,-3.0353],[136.3291,-3.0344],[136.3296,-3.0323],[136.3287,-3.0307],[136.3257,-3.0325],[136.3238,-3.0319],[136.3226,-3.0189],[136.3182,-3.0128],[136.3128,-3.0114],[136.3065,-3.0037],[136.3108,-3.0027],[136.311,-3.0011],[136.3069,-2.999],[136.306,-2.9884],[136.3032,-2.9906],[136.2975,-2.9851],[136.2994,-2.9815],[136.2971,-2.9739],[136.3003,-2.9696],[136.3055,-2.9524],[136.3092,-2.9531],[136.308,-2.9492],[136.3143,-2.9468],[136.3128,-2.9431],[136.3164,-2.9433],[136.3188,-2.9407],[136.3221,-2.9415],[136.3198,-2.9362],[136.3174,-2.9364],[136.3141,-2.9338],[136.3119,-2.9338],[136.3091,-2.9365],[136.3083,-2.9339],[136.312,-2.9306],[136.3096,-2.9318],[136.305,-2.9301],[136.3059,-2.9353],[136.3036,-2.9351],[136.3009,-2.9296],[136.3052,-2.9284],[136.3063,-2.9271],[136.3046,-2.9231],[136.3089,-2.9231],[136.3101,-2.9206],[136.3042,-2.9185],[136.3027,-2.9228],[136.3005,-2.9218],[136.2999,-2.9185],[136.2971,-2.9205],[136.2961,-2.9198],[136.2967,-2.9162],[136.2999,-2.9142],[136.3008,-2.911],[136.3057,-2.9107],[136.3059,-2.9082],[136.3128,-2.9142],[136.315,-2.9124],[136.3167,-2.9141],[136.3174,-2.9106],[136.3226,-2.9145],[136.3253,-2.9131],[136.326,-2.9185],[136.3298,-2.9186],[136.3286,-2.9207],[136.3258,-2.9204],[136.3275,-2.9264],[136.3288,-2.9258],[136.3282,-2.924],[136.3314,-2.9223],[136.3346,-2.9313],[136.3339,-2.9357],[136.3362,-2.9396],[136.3415,-2.9419],[136.345,-2.9398],[136.3516,-2.9419],[136.3497,-2.9446],[136.3531,-2.9463],[136.3533,-2.9534],[136.3514,-2.9567],[136.3466,-2.9589],[136.3445,-2.9634],[136.3445,-2.9701],[136.3463,-2.9713],[136.3445,-2.973],[136.3431,-2.9801],[136.3466,-2.9825],[136.3413,-2.9885],[136.3445,-2.9877],[136.347,-2.984],[136.348,-2.9903],[136.341,-2.9952],[136.3395,-3.0057],[136.3485,-3.0087],[136.3483,-3.0114],[136.3459,-3.0125],[136.3463,-3.0184],[136.3489,-3.0185],[136.3491,-3.0201],[136.3513,-3.0206],[136.3521,-3.024],[136.3534,-3.0236],[136.3545,-3.0258],[136.3548,-3.0318],[136.3575,-3.0344],[136.3608,-3.0345],[136.365,-3.0421],[136.3676,-3.0421],[136.3713,-3.0468],[136.3848,-3.0496],[136.3981,-3.0603],[136.4034,-3.0692],[136.4082,-3.0725],[136.4246,-3.0759],[136.4349,-3.0853],[136.4318,-3.0969],[136.4324,-3.1001],[136.4339,-3.1038],[136.4372,-3.1063],[136.4379,-3.1094],[136.4417,-3.1125],[136.4439,-3.1197],[136.4406,-3.1263],[136.4401,-3.1357],[136.4418,-3.1414],[136.4407,-3.1584],[136.4491,-3.1717],[136.4453,-3.1746],[136.4455,-3.1776],[136.4507,-3.1775],[136.4559,-3.1892],[136.4655,-3.1939],[136.4685,-3.197],[136.4691,-3.2043],[136.482,-3.2181],[136.4835,-3.224],[136.4869,-3.2268],[136.4984,-3.228],[136.5095,-3.2325],[136.5315,-3.2305],[136.5345,-3.2274],[136.5372,-3.2269],[136.5463,-3.2304],[136.5547,-3.2381],[136.5619,-3.2406],[136.5649,-3.2494],[136.5687,-3.2506],[136.5811,-3.2483],[136.5845,-3.2459],[136.5885,-3.2472],[136.5975,-3.2464],[136.609,-3.2367],[136.6255,-3.2372],[136.6431,-3.2487],[136.6445,-3.2561],[136.6465,-3.2578],[136.6702,-3.2581],[136.6816,-3.2621],[136.6849,-3.266],[136.6909,-3.2683],[136.6975,-3.2636],[136.7067,-3.2683],[136.7138,-3.2693],[136.7201,-3.2745],[136.7205,-3.2776],[136.7233,-3.2799],[136.7315,-3.2823],[136.7513,-3.2813],[136.7714,-3.2732],[136.7773,-3.2785],[136.782,-3.2764],[136.7817,-3.2731],[136.7884,-3.2657],[136.7949,-3.2676],[136.8011,-3.2657],[136.8029,-3.2694],[136.8053,-3.27],[136.8121,-3.2772],[136.8165,-3.2794],[136.8197,-3.2791],[136.8207,-3.2813],[136.8275,-3.2817],[136.8297,-3.281],[136.8327,-3.2751],[136.8345,-3.2748],[136.8338,-3.27],[136.8349,-3.269],[136.8391,-3.2688],[136.8419,-3.2652],[136.8501,-3.2616],[136.8544,-3.2553],[136.8599,-3.2546],[136.8644,-3.251],[136.869,-3.2524],[136.8741,-3.2422],[136.8816,-3.2414],[136.9156,-3.3087],[136.9497,-3.3363],[136.9529,-3.3996],[136.9562,-3.4126],[136.9789,-3.4174],[136.9789,-3.4499],[136.9838,-3.4856],[137.0033,-3.4921],[137.0244,-3.5018],[137.026,-3.5164],[137.0244,-3.5521],[137.0795,-3.5911],[137.1055,-3.5862],[137.1444,-3.5976],[137.1272,-3.6733],[137.109,-3.7206],[137.1068,-3.7406]]]}},{"type":"Feature","properties":{"name":"Jayapura","name_en":"Jayapura","admin_level":"5","osm_id":""},"geometry":{"type":"Polygon","coordinates":[[[140.3467,-3.692],[140.3488,-3.6936],[140.3548,-3.6896],[140.3562,-3.684],[140.3654,-3.6833],[140.3656,-3.6927],[140.3604,-3.6949],[140.3589,-3.6977],[140.3636,-3.704],[140.3579,-3.7108],[140.3619,-3.7086],[140.3704,-3.7106],[140.3724,-3.7087],[140.3759,-3.7128],[140.3742,-3.716],[140.3858,-3.7204],[140.3871,-3.7305],[140.3849,-3.7324],[140.3846,-3.7361],[140.3744,-3.744],[140.3697,-3.7429],[140.3641,-3.7444],[140.3521,-3.7383],[140.3477,-3.7414],[140.3461,-3.7454],[140.3412,-3.7451],[140.3334,-3.7473],[140.3312,-3.746],[140.3292,-3.7468],[140.3289,-3.7499],[140.3264,-3.7525],[140.3207,-3.7535],[140.3188,-3.7505],[140.3223,-3.7497],[140.3241,-3.7475],[140.3233,-3.745],[140.315,-3.7394],[140.2469,-3.7213],[140.2071,-3.7125],[140.1633,-3.707],[140.1607,-3.7057],[140.1583,-3.6986],[140.1543,-3.6959],[140.1272,-3.6954],[140.1182,-3.6873],[140.1175,-3.6831],[140.1025,-3.6806],[140.0977,-3.6765],[140.0956,-3.6768],[140.0955,-3.6791],[140.09,-3.6831],[140.0856,-3.6801],[140.0826,-3.6747],[140.0762,-3.6705],[140.0749,-3.6645],[140.0757,-3.6577],[140.0726,-3.6574],[140.0655,-3.6483],[140.0567,-3.6552],[140.0496,-3.6659],[140.0444,-3.668],[140.0434,-3.6717],[140.0411,-3.6708],[140.0329,-3.6596],[140.0315,-3.6537],[140.034,-3.6477],[140.0256,-3.6395],[140.0192,-3.6361],[140.0164,-3.6384],[140.009,-3.6399],[140.0059,-3.6496],[140.0038,-3.6517],[139.9906,-3.6573],[139.983,-3.6561],[139.9781,-3.6518],[139.9709,-3.6412],[139.9666,-3.6402],[139.9611,-3.6417],[139.9581,-3.639],[139.9592,-3.6316],[139.9641,-3.6247],[139.9713,-3.6206],[139.9704,-3.6133],[139.9651,-3.61],[139.9611,-3.6092],[139.9568,-3.6114],[139.9452,-3.6129],[139.9388,-3.6158],[139.9386,-3.6199],[139.925,-3.6244],[139.9173,-3.624],[139.9077,-3.6165],[139.9043,-3.616],[139.8907,-3.6213],[139.8823,-3.6061],[139.8728,-3.5954],[139.8697,-3.5893],[139.8623,-3.5831],[139.8553,-3.583],[139.8448,-3.5888],[139.8359,-3.5848],[139.8304,-3.5783],[139.8224,-3.5758],[139.8149,-3.5785],[139.809,-3.5845],[139.8015,-3.5844],[139.8003,-3.5803],[139.8058,-3.5754],[139.8073,-3.5674],[139.804,-3.5645],[139.7847,-3.5666],[139.7657,-3.5582],[139.7602,-3.5605],[139.7523,-3.5673],[139.7537,-3.5566],[139.7504,-3.5537],[139.7389,-3.5505],[139.7455,-3.5457],[139.742,-3.5401],[139.7316,-3.5453],[139.7259,-3.5393],[139.7231,-3.525],[139.7177,-3.5206],[139.713,-3.5223],[139.7089,-3.5283],[139.7071,-3.5358],[139.7032,-3.5411],[139.6979,-3.5404],[139.6876,-3.5289],[139.6825,-3.5267],[139.6761,-3.5291],[139.6747,-3.5353],[139.6819,-3.5494],[139.6738,-3.5542],[139.6665,-3.5471],[139.6656,-3.5353],[139.6605,-3.5276],[139.6527,-3.5287],[139.6448,-3.5369],[139.6391,-3.5479],[139.6317,-3.5538],[139.6252,-3.5549],[139.6167,-3.5514],[139.6107,-3.545],[139.5958,-3.5501],[139.5906,-3.5457],[139.5866,-3.5386],[139.5855,-3.5325],[139.5883,-3.5271],[139.594,-3.5235],[139.6089,-3.518],[139.6132,-3.514],[139.6151,-3.5084],[139.6085,-3.498],[139.602,-3.4964],[139.5968,-3.4974],[139.5836,-3.5043],[139.5775,-3.51],[139.5612,-3.5326],[139.5511,-3.5369],[139.5448,-3.537],[139.5365,-3.5333],[139.5301,-3.5276],[139.5059,-3.5189],[139.5031,-3.5156],[139.5026,-3.5117],[139.5056,-3.5008],[139.5047,-3.4939],[139.5014,-3.4897],[139.4954,-3.4875],[139.4869,-3.4911],[139.4826,-3.497],[139.4813,-3.5016],[139.4841,-3.5149],[139.477,-3.5196],[139.4725,-3.517],[139.467,-3.4949],[139.4714,-3.4891],[139.4816,-3.4857],[139.4849,-3.4826],[139.4871,-3.4795],[139.4857,-3.4717],[139.4763,-3.4583],[139.4702,-3.4564],[139.4613,-3.4584],[139.4599,-3.4549],[139.4626,-3.453],[139.4594,-3.4485],[139.4561,-3.4544],[139.4538,-3.4549],[139.4531,-3.4519],[139.4567,-3.4507],[139.4543,-3.4464],[139.4502,-3.448],[139.448,-3.4459],[139.4494,-3.4438],[139.4518,-3.4455],[139.4523,-3.4431],[139.4464,-3.4417],[139.4458,-3.4388],[139.4407,-3.437],[139.444,-3.4344],[139.4434,-3.4289],[139.4478,-3.4261],[139.4488,-3.4216],[139.4506,-3.4219],[139.451,-3.4241],[139.4564,-3.4225],[139.4541,-3.4202],[139.4547,-3.4191],[139.4677,-3.4211],[139.4665,-3.4177],[139.462,-3.4196],[139.4628,-3.4159],[139.4666,-3.4136],[139.4737,-3.4146],[139.4762,-3.4113],[139.4704,-3.4067],[139.4761,-3.407],[139.4768,-3.4055],[139.4719,-3.4046],[139.4697,-3.3988],[139.4722,-3.3967],[139.4751,-3.3992],[139.4772,-3.3987],[139.4753,-3.3925],[139.4772,-3.3913],[139.4788,-3.3867],[139.4824,-3.3876],[139.4823,-3.3797],[139.4847,-3.3786],[139.4863,-3.3755],[139.4903,-3.3777],[139.4857,-3.3709],[139.4953,-3.3684],[139.4958,-3.3666],[139.4905,-3.3673],[139.4922,-3.3622],[139.4953,-3.3621],[139.4937,-3.3603],[139.4961,-3.3581],[139.4939,-3.353],[139.4961,-3.3509],[139.4931,-3.3483],[139.4971,-3.3461],[139.4966,-3.3423],[139.4942,-3.3409],[139.4959,-3.34],[139.4959,-3.3361],[139.4989,-3.3347],[139.4961,-3.3307],[139.5005,-3.3302],[139.5023,-3.3261],[139.5015,-3.3226],[139.5052,-3.3238],[139.5042,-3.3189],[139.5083,-3.3191],[139.5059,-3.315],[139.5109,-3.3123],[139.507,-3.3072],[139.5125,-3.3078],[139.5122,-3.3025],[139.5102,-3.3004],[139.5056,-3.3029],[139.5037,-3.3012],[139.5081,-3.2979],[139.5092,-3.2925],[139.508,-3.2919],[139.5058,-3.2964],[139.5041,-3.2905],[139.4991,-3.2901],[139.5015,-3.2861],[139.499,-3.2872],[139.4968,-3.2844],[139.4995,-3.2789],[139.4964,-3.2793],[139.4966,-3.2727],[139.5007,-3.2696],[139.4955,-3.2685],[139.4963,-3.2652],[139.4993,-3.2645],[139.4955,-3.2599],[139.4963,-3.2566],[139.4927,-3.2578],[139.4916,-3.2549],[139.4931,-3.2528],[139.4914,-3.2481],[139.4885,-3.2494],[139.4862,-3.2478],[139.4868,-3.2464],[139.4898,-3.2469],[139.4874,-3.243],[139.4922,-3.2375],[139.4894,-3.2359],[139.4884,-3.2332],[139.485,-3.2344],[139.4869,-3.2321],[139.4847,-3.2249],[139.4871,-3.2249],[139.4885,-3.2278],[139.4914,-3.2224],[139.4898,-3.2204],[139.489,-3.2239],[139.4872,-3.224],[139.4857,-3.2182],[139.4872,-3.2179],[139.4886,-3.22],[139.4905,-3.2176],[139.4879,-3.2126],[139.4908,-3.2105],[139.4899,-3.2078],[139.4925,-3.2079],[139.4931,-3.2039],[139.4901,-3.2057],[139.4884,-3.2024],[139.4865,-3.2024],[139.486,-3.2046],[139.484,-3.204],[139.4855,-3.1995],[139.4824,-3.2],[139.4803,-3.1979],[139.4846,-3.1945],[139.4798,-3.1886],[139.4756,-3.1878],[139.476,-3.1864],[139.4833,-3.1872],[139.4814,-3.1843],[139.4824,-3.1825],[139.4815,-3.1794],[139.4828,-3.178],[139.4813,-3.1769],[139.4818,-3.175],[139.4758,-3.1756],[139.4786,-3.173],[139.4771,-3.1683],[139.479,-3.1666],[139.4801,-3.1688],[139.4832,-3.1676],[139.4869,-3.1695],[139.4865,-3.1652],[139.4913,-3.1651],[139.4906,-3.1611],[139.4942,-3.1638],[139.4961,-3.1632],[139.4961,-3.1612],[139.4921,-3.1586],[139.4952,-3.158],[139.4987,-3.1604],[139.4999,-3.1565],[139.497,-3.1529],[139.4984,-3.1522],[139.5001,-3.1539],[139.501,-3.1508],[139.5073,-3.1467],[139.5023,-3.1457],[139.5031,-3.1413],[139.5068,-3.1418],[139.5083,-3.1397],[139.5069,-3.1365],[139.5094,-3.1366],[139.5107,-3.1343],[139.5144,-3.1351],[139.5158,-3.1328],[139.5058,-3.1309],[139.5011,-3.1276],[139.497,-3.1201],[139.4926,-3.096],[139.486,-3.03],[139.4799,-2.9869],[139.4772,-2.9484],[139.4736,-2.9314],[139.4645,-2.844],[139.4431,-2.6793],[139.4393,-2.6358],[139.4373,-2.6301],[139.4348,-2.5931],[139.4332,-2.5913],[139.4323,-2.5632],[139.4307,-2.5568],[139.4314,-2.5362],[139.4268,-2.5112],[139.4227,-2.4706],[139.4409,-2.4656],[139.4475,-2.4656],[139.455,-2.4629],[139.5203,-2.4504],[139.5373,-2.4454],[139.5452,-2.4457],[139.5924,-2.4341],[139.5983,-2.4345],[139.6083,-2.4316],[139.616,-2.4311],[139.6916,-2.4144],[139.7433,-2.4048],[139.7467,-2.4023],[139.9836,-2.4299],[139.9887,-2.4212],[139.9852,-2.4134],[139.9866,-2.4107],[139.9847,-2.4098],[139.9832,-2.4041],[139.9849,-2.3958],[139.9841,-2.3918],[139.9866,-2.3915],[139.9892,-2.3848],[139.9928,-2.3815],[139.994,-2.3827],[139.994,-2.3802],[139.9957,-2.38],[139.9963,-2.3758],[139.9937,-2.3729],[139.9985,-2.3735],[140.0006,-2.3757],[140.0008,-2.3714],[140.0038,-2.3692],[139.9999,-2.3646],[140.001,-2.3605],[140.0283,-2.3588],[140.0353,-2.3602],[140.0583,-2.3597],[140.0698,-2.3563],[140.08,-2.3491],[140.0797,-2.3385],[140.0831,-2.33],[140.1112,-2.3192],[140.1158,-2.3207],[140.1144,-2.3247],[140.111,-2.3271],[140.1151,-2.3365],[140.1206,-2.336],[140.1224,-2.3393],[140.1341,-2.3473],[140.1377,-2.348],[140.1395,-2.347],[140.1438,-2.3483],[140.1443,-2.3455],[140.1429,-2.3441],[140.1449,-2.3425],[140.1438,-2.3414],[140.1465,-2.341],[140.146,-2.3392],[140.148,-2.3374],[140.1436,-2.331],[140.1406,-2.3295],[140.1398,-2.3237],[140.143,-2.3225],[140.144,-2.3255],[140.1514,-2.3234],[140.1545,-2.3266],[140.1552,-2.339],[140.154,-2.3429],[140.1505,-2.3459],[140.1497,-2.3517],[140.1458,-2.356],[140.1465,-2.3574],[140.1482,-2.3559],[140.1478,-2.358],[140.1504,-2.3567],[140.1504,-2.3583],[140.152,-2.3549],[140.155,-2.355],[140.1566,-2.3534],[140.1575,-2.3578],[140.1551,-2.3613],[140.1557,-2.3637],[140.152,-2.3656],[140.1525,-2.37],[140.1585,-2.3722],[140.1598,-2.3678],[140.1618,-2.3674],[140.1618,-2.3712],[140.1664,-2.3732],[140.1665,-2.3751],[140.1786,-2.3749],[140.1809,-2.3773],[140.1893,-2.3803],[140.191,-2.3869],[140.1976,-2.3906],[140.2004,-2.3977],[140.2026,-2.3987],[140.2029,-2.4019],[140.209,-2.4085],[140.2206,-2.4123],[140.2277,-2.4113],[140.224,-2.4132],[140.2248,-2.4155],[140.2236,-2.4166],[140.2297,-2.4181],[140.2324,-2.4218],[140.2328,-2.4202],[140.2307,-2.4189],[140.2327,-2.417],[140.2278,-2.4153],[140.2296,-2.4112],[140.2271,-2.4088],[140.229,-2.4052],[140.2325,-2.4023],[140.2437,-2.4048],[140.2459,-2.4032],[140.2451,-2.4],[140.2491,-2.3991],[140.2516,-2.4011],[140.2535,-2.4007],[140.2532,-2.4046],[140.2579,-2.4108],[140.2614,-2.4196],[140.2648,-2.4231],[140.2661,-2.4236],[140.2693,-2.42],[140.2689,-2.4168],[140.272,-2.4234],[140.276,-2.4218],[140.2773,-2.4237],[140.28,-2.4234],[140.2802,-2.4262],[140.2828,-2.4268],[140.2851,-2.4255],[140.2856,-2.4282],[140.2896,-2.4251],[140.2927,-2.429],[140.2956,-2.4258],[140.2963,-2.4292],[140.2949,-2.4306],[140.2961,-2.4324],[140.2939,-2.4356],[140.2939,-2.4392],[140.298,-2.4407],[140.3,-2.4435],[140.3051,-2.4454],[140.3078,-2.4397],[140.309,-2.441],[140.3151,-2.4402],[140.3162,-2.4409],[140.3147,-2.4451],[140.3178,-2.4481],[140.3218,-2.4466],[140.3236,-2.448],[140.3264,-2.4427],[140.3278,-2.4509],[140.3352,-2.4483],[140.3369,-2.4489],[140.3394,-2.4553],[140.3342,-2.4586],[140.3333,-2.4626],[140.3356,-2.4649],[140.3398,-2.4625],[140.3458,-2.463],[140.3487,-2.4611],[140.3531,-2.455],[140.3524,-2.4521],[140.3545,-2.4508],[140.3528,-2.4487],[140.3544,-2.4459],[140.3557,-2.4456],[140.3564,-2.4488],[140.3612,-2.4513],[140.3575,-2.4522],[140.3597,-2.4562],[140.3623,-2.4576],[140.3643,-2.4553],[140.3674,-2.4612],[140.3695,-2.4603],[140.3732,-2.4497],[140.368,-2.4443],[140.3757,-2.4325],[140.3758,-2.4301],[140.3726,-2.4282],[140.3663,-2.42],[140.3624,-2.4178],[140.363,-2.4147],[140.3602,-2.4145],[140.3609,-2.4095],[140.36,-2.4086],[140.3575,-2.4098],[140.3587,-2.4061],[140.3564,-2.403],[140.354,-2.4024],[140.3524,-2.4051],[140.3503,-2.4053],[140.3489,-2.4105],[140.3456,-2.4081],[140.3457,-2.405],[140.3432,-2.4032],[140.3427,-2.4003],[140.3445,-2.3968],[140.3483,-2.3953],[140.3571,-2.4023],[140.3673,-2.4037],[140.3693,-2.4033],[140.3718,-2.3978],[140.3728,-2.399],[140.386,-2.3997],[140.3914,-2.4021],[140.3946,-2.4069],[140.4052,-2.4069],[140.4123,-2.4111],[140.4135,-2.4142],[140.423,-2.4144],[140.4273,-2.4163],[140.4333,-2.412],[140.436,-2.4179],[140.4409,-2.4189],[140.4419,-2.4178],[140.4527,-2.4274],[140.4613,-2.4319],[140.466,-2.4322],[140.4674,-2.4297],[140.4724,-2.4288],[140.4746,-2.43],[140.4793,-2.4288],[140.4851,-2.4312],[140.4877,-2.4282],[140.4881,-2.4314],[140.4855,-2.4332],[140.4869,-2.4356],[140.4863,-2.4384],[140.4949,-2.4412],[140.4974,-2.4439],[140.5022,-2.4429],[140.5028,-2.4391],[140.5126,-2.4295],[140.5188,-2.4315],[140.5249,-2.4279],[140.5286,-2.43],[140.5298,-2.4381],[140.5336,-2.4395],[140.5392,-2.4388],[140.5377,-2.4449],[140.5395,-2.4471],[140.5437,-2.4486],[140.5469,-2.4446],[140.5515,-2.4454],[140.5546,-2.4398],[140.5592,-2.4398],[140.5599,-2.4501],[140.5703,-2.451],[140.579,-2.4461],[140.584,-2.453],[140.597,-2.4551],[140.6008,-2.4532],[140.6,-2.4506],[140.6049,-2.4467],[140.6042,-2.4443],[140.609,-2.4403],[140.6132,-2.4396],[140.6117,-2.4422],[140.6155,-2.4448],[140.617,-2.4491],[140.6221,-2.4511],[140.6266,-2.4557],[140.6302,-2.4528],[140.633,-2.4549],[140.6337,-2.4572],[140.631,-2.4638],[140.6342,-2.4683],[140.6412,-2.4668],[140.6447,-2.4633],[140.6499,-2.4669],[140.6483,-2.4705],[140.6528,-2.4762],[140.6249,-2.5316],[140.622,-2.5668],[140.6255,-2.5668],[140.6263,-2.5833],[140.6236,-2.5853],[140.6226,-2.594],[140.6173,-2.5998],[140.6141,-2.6125],[140.6211,-2.6149],[140.6266,-2.7042],[140.6313,-2.7114],[140.6322,-2.7161],[140.628,-2.7167],[140.6269,-2.7152],[140.6241,-2.7169],[140.6236,-2.7206],[140.6273,-2.7211],[140.6296,-2.7245],[140.6295,-2.7277],[140.6287,-2.7302],[140.6257,-2.7287],[140.6233,-2.7305],[140.6231,-2.737],[140.6206,-2.7383],[140.6203,-2.7442],[140.6229,-2.744],[140.6217,-2.7467],[140.6228,-2.7512],[140.6269,-2.7505],[140.6327,-2.7592],[140.6294,-2.7593],[140.6278,-2.7572],[140.6279,-2.7588],[140.6254,-2.7579],[140.6231,-2.7611],[140.621,-2.7613],[140.6191,-2.7644],[140.6212,-2.7684],[140.6249,-2.7695],[140.6196,-2.7738],[140.6154,-2.7728],[140.6163,-2.775],[140.6146,-2.7743],[140.6129,-2.7759],[140.6095,-2.7738],[140.6064,-2.7739],[140.6063,-2.7723],[140.6018,-2.7701],[140.5945,-2.7706],[140.5942,-2.7653],[140.5913,-2.7635],[140.5933,-2.7614],[140.5913,-2.7611],[140.5907,-2.7639],[140.5887,-2.7649],[140.5883,-2.7632],[140.5867,-2.7636],[140.5864,-2.7602],[140.5834,-2.7585],[140.5794,-2.7621],[140.5764,-2.7603],[140.5754,-2.7614],[140.5766,-2.7627],[140.575,-2.7638],[140.5741,-2.7586],[140.5726,-2.7616],[140.5711,-2.7604],[140.5685,-2.7619],[140.5712,-2.7639],[140.5685,-2.7633],[140.5669,-2.7606],[140.5653,-2.7626],[140.5669,-2.7631],[140.5659,-2.7649],[140.5637,-2.7625],[140.5625,-2.763],[140.5617,-2.7669],[140.5651,-2.7662],[140.5653,-2.7673],[140.5627,-2.7677],[140.5634,-2.7698],[140.5616,-2.7714],[140.561,-2.7689],[140.5587,-2.7688],[140.5587,-2.766],[140.5563,-2.7656],[140.5551,-2.768],[140.5507,-2.7673],[140.5497,-2.7685],[140.5528,-2.7698],[140.5488,-2.77],[140.551,-2.7714],[140.5506,-2.7745],[140.5487,-2.7722],[140.5465,-2.7732],[140.5453,-2.7712],[140.5417,-2.7736],[140.5392,-2.7737],[140.5391,-2.7717],[140.5376,-2.773],[140.5357,-2.7719],[140.5364,-2.7743],[140.5348,-2.7754],[140.5363,-2.7773],[140.5339,-2.7779],[140.5341,-2.7763],[140.5323,-2.776],[140.5309,-2.7791],[140.5285,-2.7762],[140.5269,-2.7777],[140.5275,-2.7796],[140.5245,-2.7797],[140.5249,-2.7766],[140.5265,-2.7769],[140.5274,-2.7738],[140.5241,-2.7756],[140.5241,-2.7738],[140.5221,-2.7727],[140.5199,-2.7743],[140.5203,-2.7722],[140.5187,-2.7714],[140.5136,-2.7756],[140.5133,-2.773],[140.5117,-2.7727],[140.5108,-2.7759],[140.5092,-2.7749],[140.507,-2.7762],[140.5057,-2.7715],[140.5022,-2.7733],[140.4983,-2.7678],[140.5014,-2.7668],[140.5011,-2.7651],[140.4977,-2.7645],[140.4979,-2.7619],[140.4944,-2.7619],[140.4973,-2.7573],[140.4928,-2.7584],[140.4929,-2.7555],[140.4903,-2.7548],[140.4886,-2.7522],[140.4766,-2.7509],[140.4762,-2.754],[140.4687,-2.7521],[140.4665,-2.7543],[140.4693,-2.7553],[140.4686,-2.759],[140.4633,-2.7572],[140.4627,-2.7587],[140.4649,-2.7592],[140.4649,-2.7609],[140.4607,-2.7613],[140.4512,-2.7698],[140.4465,-2.77],[140.4448,-2.7746],[140.4482,-2.7748],[140.4467,-2.7796],[140.4378,-2.7759],[140.3879,-2.7703],[140.3603,-2.8049],[140.3638,-3.0],[140.3568,-3.1257],[140.36,-3.1316],[140.3615,-3.1427],[140.3675,-3.1512],[140.3663,-3.1537],[140.3678,-3.157],[140.3631,-3.163],[140.3571,-3.1665],[140.3547,-3.1663],[140.342,-3.1767],[140.3378,-3.1779],[140.3359,-3.1746],[140.3312,-3.1771],[140.3257,-3.177],[140.3229,-3.1846],[140.3235,-3.1866],[140.3204,-3.1882],[140.3185,-3.1937],[140.3219,-3.1952],[140.3252,-3.2026],[140.3296,-3.2042],[140.3336,-3.2021],[140.3375,-3.2091],[140.3351,-3.2129],[140.3358,-3.217],[140.3329,-3.2213],[140.3339,-3.2344],[140.3318,-3.2435],[140.3281,-3.2496],[140.3223,-3.2539],[140.3203,-3.2603],[140.3242,-3.2742],[140.3166,-3.2926],[140.317,-3.2989],[140.3134,-3.3032],[140.3074,-3.3046],[140.306,-3.3084],[140.309,-3.3142],[140.3143,-3.3168],[140.3101,-3.3226],[140.3189,-3.3236],[140.3249,-3.3202],[140.3234,-3.3243],[140.3243,-3.3287],[140.328,-3.3307],[140.3315,-3.3362],[140.3388,-3.3363],[140.3441,-3.3309],[140.3461,-3.3362],[140.3426,-3.3378],[140.3418,-3.3421],[140.3463,-3.3427],[140.3488,-3.3383],[140.351,-3.3379],[140.352,-3.3436],[140.3507,-3.3482],[140.3424,-3.3509],[140.3469,-3.3552],[140.3438,-3.3596],[140.3554,-3.3584],[140.3581,-3.3606],[140.3593,-3.3549],[140.3643,-3.3528],[140.3647,-3.3592],[140.3677,-3.362],[140.3616,-3.3626],[140.3613,-3.3662],[140.3636,-3.3706],[140.3678,-3.3674],[140.3707,-3.3683],[140.3706,-3.3741],[140.3631,-3.385],[140.3616,-3.3846],[140.36,-3.3806],[140.3543,-3.3786],[140.3503,-3.3813],[140.3535,-3.3883],[140.359,-3.3848],[140.3601,-3.3921],[140.3528,-3.3959],[140.3526,-3.3977],[140.3566,-3.3983],[140.3565,-3.4009],[140.3494,-3.4005],[140.3484,-3.4017],[140.3557,-3.4065],[140.357,-3.4101],[140.3562,-3.4165],[140.3504,-3.4147],[140.3494,-3.4186],[140.3544,-3.4208],[140.359,-3.4168],[140.3616,-3.418],[140.3623,-3.4323],[140.3676,-3.4432],[140.3664,-3.4535],[140.3632,-3.4559],[140.3614,-3.4652],[140.3547,-3.468],[140.3547,-3.4734],[140.3464,-3.4779],[140.3442,-3.4827],[140.3385,-3.4821],[140.3372,-3.4868],[140.3452,-3.4905],[140.3436,-3.4933],[140.3444,-3.4945],[140.3471,-3.4947],[140.351,-3.4911],[140.3534,-3.4911],[140.3507,-3.5012],[140.3554,-3.4971],[140.3662,-3.4939],[140.3672,-3.4978],[140.3708,-3.5024],[140.3713,-3.5096],[140.3698,-3.5109],[140.3657,-3.5074],[140.3633,-3.5075],[140.3641,-3.5155],[140.3711,-3.5144],[140.3743,-3.5212],[140.376,-3.5198],[140.3748,-3.5123],[140.3773,-3.5123],[140.3793,-3.5144],[140.3754,-3.5234],[140.3724,-3.5222],[140.3689,-3.5231],[140.3745,-3.5333],[140.369,-3.5327],[140.3646,-3.5245],[140.3622,-3.5289],[140.365,-3.5324],[140.3681,-3.5412],[140.3694,-3.5418],[140.3721,-3.5394],[140.374,-3.5434],[140.3721,-3.5455],[140.3726,-3.5475],[140.38,-3.5449],[140.3788,-3.5525],[140.3859,-3.5545],[140.3855,-3.558],[140.3776,-3.5641],[140.3802,-3.5684],[140.3741,-3.5696],[140.3762,-3.5729],[140.38,-3.5712],[140.3823,-3.572],[140.381,-3.5818],[140.379,-3.5821],[140.3771,-3.5784],[140.3759,-3.5819],[140.3775,-3.5859],[140.3847,-3.5911],[140.3894,-3.5989],[140.3842,-3.6009],[140.3813,-3.6054],[140.3867,-3.614],[140.389,-3.621],[140.3945,-3.6239],[140.397,-3.631],[140.3902,-3.6309],[140.3882,-3.6399],[140.3782,-3.646],[140.3752,-3.6495],[140.3743,-3.6554],[140.3775,-3.6599],[140.3724,-3.6636],[140.3695,-3.663],[140.3675,-3.6598],[140.3644,-3.6603],[140.3636,-3.662],[140.366,-3.6669],[140.3605,-3.6682],[140.3562,-3.6716],[140.3469,-3.6697],[140.347,-3.6729],[140.351,-3.6789],[140.3517,-3.6842],[140.3497,-3.6862],[140.3422,-3.688],[140.3467,-3.692]]]}},{"type":"Feature","properties":{"name":"Jayawijaya","name_en":"Jayawijaya","admin_level":"5","osm_id":""},"geometry":{"type":"Polygon","coordinates":[[[138.6007,-4.4367],[138.5927,-4.4016],[138.5939,-4.3789],[138.6086,-4.3517],[138.61,-4.3287],[138.6286,-4.2878],[138.6603,-4.2444],[138.7047,-4.1928],[138.7263,-4.1733],[138.6804,-4.149],[138.64,-4.1382],[138.5995,-4.1409],[138.6042,-4.1195],[138.6147,-4.0963],[138.6337,-4.0774],[138.648,-4.0274],[138.661,-4.0058],[138.6773,-3.9687],[138.6898,-3.9598],[138.7043,-3.9459],[138.728,-3.9118],[138.726,-3.8989],[138.7084,-3.8876],[138.7178,-3.8547],[138.7178,-3.8489],[138.6957,-3.8482],[138.6804,-3.8432],[138.6582,-3.8426],[138.6096,-3.848],[138.6018,-3.8456],[138.6076,-3.7952],[138.6113,-3.7843],[138.6241,-3.7812],[138.6422,-3.781],[138.6797,-3.7856],[138.7137,-3.7877],[138.7377,-3.7971],[138.757,-3.8106],[138.7843,-3.8232],[138.8049,-3.7596],[138.8334,-3.7702],[138.8603,-3.7841],[138.8713,-3.7865],[138.8905,-3.7949],[138.9068,-3.7976],[138.9017,-3.8035],[138.8999,-3.8107],[138.8981,-3.8228],[138.8999,-3.8427],[138.8945,-3.8596],[138.919,-3.8998],[138.9429,-3.9036],[138.9639,-3.9119],[138.9778,-3.9225],[138.9801,-3.9406],[139.0049,-3.9944],[139.0251,-4.0434],[139.1471,-4.0184],[139.2052,-4.0098],[139.2473,-4.0124],[139.2908,-4.048],[139.3489,-4.0889],[139.3624,-4.1139],[139.3511,-4.1187],[139.2826,-4.1324],[139.1616,-4.1623],[139.0479,-4.1929],[139.0142,-4.2048],[138.8985,-4.2525],[138.8391,-4.2666],[138.7092,-4.3285],[138.7147,-4.4422],[138.7202,-4.4716],[138.6234,-4.4855],[138.6166,-4.4674],[138.6007,-4.4367]]]}},{"type":"Feature","properties":{"name":"Keerom","name_en":"Keerom","admin_level":"5","osm_id":""},"geometry":{"type":"Polygon","coordinates":[[[141.0,-3.1256],[141.0,-3.9314],[140.9964,-3.9292],[140.9979,-3.9247],[140.9962,-3.9217],[140.9894,-3.9258],[140.9861,-3.9228],[140.9829,-3.9153],[140.9801,-3.9154],[140.9755,-3.9194],[140.973,-3.9189],[140.9712,-3.9232],[140.9671,-3.9244],[140.9634,-3.9196],[140.9639,-3.9171],[140.9617,-3.9139],[140.9579,-3.9141],[140.958,-3.9154],[140.9523,-3.9176],[140.943,-3.914],[140.9361,-3.917],[140.9381,-3.9223],[140.936,-3.9203],[140.9319,-3.9277],[140.928,-3.9282],[140.925,-3.925],[140.9174,-3.9221],[140.9158,-3.927],[140.9169,-3.9335],[140.9141,-3.9366],[140.9177,-3.9387],[140.9195,-3.9444],[140.9163,-3.9464],[140.9119,-3.9463],[140.9087,-3.9381],[140.9058,-3.9383],[140.9036,-3.9359],[140.8986,-3.9403],[140.8994,-3.9366],[140.8972,-3.9353],[140.8957,-3.9388],[140.8868,-3.9412],[140.8851,-3.9387],[140.8861,-3.9305],[140.8812,-3.9319],[140.8801,-3.938],[140.8759,-3.9385],[140.8731,-3.9353],[140.8681,-3.9362],[140.8649,-3.9334],[140.8346,-3.9404],[140.7887,-3.9404],[140.7788,-3.9384],[140.7753,-3.9337],[140.7733,-3.9345],[140.7685,-3.9315],[140.7704,-3.9286],[140.7689,-3.9258],[140.7639,-3.9256],[140.7653,-3.9275],[140.7606,-3.927],[140.7591,-3.9327],[140.7557,-3.936],[140.7516,-3.9314],[140.7524,-3.9284],[140.7486,-3.9285],[140.7395,-3.9245],[140.7425,-3.9205],[140.7414,-3.9178],[140.7331,-3.9163],[140.7306,-3.912],[140.7152,-3.9163],[140.7022,-3.9101],[140.7006,-3.9126],[140.6969,-3.9124],[140.6942,-3.91],[140.6788,-3.9068],[140.6512,-3.9156],[140.6458,-3.9212],[140.6399,-3.9236],[140.6398,-3.9315],[140.6369,-3.9335],[140.6288,-3.9334],[140.6203,-3.9359],[140.6178,-3.9384],[140.6151,-3.9377],[140.6128,-3.9407],[140.6135,-3.9447],[140.6109,-3.9473],[140.6089,-3.9447],[140.5965,-3.9419],[140.5946,-3.9389],[140.5872,-3.9373],[140.5853,-3.9331],[140.5902,-3.933],[140.5899,-3.9302],[140.5951,-3.9306],[140.5962,-3.9278],[140.5935,-3.9256],[140.581,-3.9291],[140.57,-3.9247],[140.568,-3.9262],[140.5603,-3.9214],[140.5578,-3.9169],[140.5522,-3.9169],[140.5516,-3.9144],[140.5467,-3.9217],[140.5445,-3.9197],[140.5442,-3.9146],[140.542,-3.9127],[140.5349,-3.9177],[140.5254,-3.918],[140.526,-3.9158],[140.5239,-3.9138],[140.5169,-3.9149],[140.5147,-3.9127],[140.5194,-3.9066],[140.517,-3.905],[140.5144,-3.9072],[140.5089,-3.9077],[140.5063,-3.9047],[140.5034,-3.9076],[140.4976,-3.9049],[140.4975,-3.9084],[140.4949,-3.9097],[140.4941,-3.912],[140.4961,-3.9139],[140.4986,-3.9121],[140.5003,-3.914],[140.5001,-3.9192],[140.5068,-3.925],[140.508,-3.9281],[140.5022,-3.9258],[140.5,-3.9224],[140.4946,-3.9256],[140.494,-3.9287],[140.49,-3.9272],[140.4884,-3.9294],[140.4856,-3.9282],[140.4879,-3.9214],[140.4844,-3.9187],[140.479,-3.9178],[140.4786,-3.9106],[140.4646,-3.9105],[140.4589,-3.9071],[140.4661,-3.9054],[140.4695,-3.9025],[140.4596,-3.9026],[140.4555,-3.9049],[140.4553,-3.893],[140.4483,-3.9032],[140.4466,-3.9103],[140.4425,-3.9078],[140.4418,-3.912],[140.4382,-3.9091],[140.4353,-3.9102],[140.4254,-3.9071],[140.4198,-3.9097],[140.417,-3.9176],[140.411,-3.9179],[140.4057,-3.9158],[140.4057,-3.9117],[140.4116,-3.9137],[140.4138,-3.9109],[140.4045,-3.9032],[140.4047,-3.8962],[140.4064,-3.893],[140.4133,-3.9004],[140.4181,-3.899],[140.4178,-3.893],[140.414,-3.8859],[140.4143,-3.8816],[140.4209,-3.8719],[140.421,-3.8682],[140.4237,-3.8638],[140.4277,-3.8618],[140.431,-3.856],[140.4308,-3.8505],[140.4265,-3.851],[140.4167,-3.8467],[140.4157,-3.8404],[140.4202,-3.8354],[140.4191,-3.8215],[140.4222,-3.8216],[140.4205,-3.8181],[140.4133,-3.8165],[140.4139,-3.8194],[140.4107,-3.8223],[140.405,-3.8148],[140.3996,-3.8146],[140.3999,-3.8111],[140.4113,-3.8071],[140.4133,-3.8042],[140.4176,-3.8027],[140.4174,-3.7988],[140.4033,-3.7884],[140.405,-3.784],[140.4089,-3.7849],[140.4124,-3.7807],[140.4078,-3.7747],[140.3978,-3.7703],[140.3987,-3.7665],[140.4021,-3.7662],[140.4086,-3.7564],[140.4017,-3.7497],[140.3985,-3.7489],[140.3975,-3.7463],[140.4034,-3.7435],[140.4042,-3.7387],[140.3998,-3.7347],[140.3984,-3.739],[140.3943,-3.7394],[140.3837,-3.7362],[140.3875,-3.7296],[140.3866,-3.7221],[140.385,-3.7198],[140.3742,-3.716],[140.3759,-3.7128],[140.3724,-3.7087],[140.3704,-3.7106],[140.3619,-3.7086],[140.3582,-3.7113],[140.3612,-3.7055],[140.3636,-3.704],[140.3589,-3.6977],[140.3604,-3.6949],[140.3656,-3.6927],[140.3654,-3.6833],[140.3562,-3.684],[140.3548,-3.6896],[140.3488,-3.6936],[140.3421,-3.6886],[140.3517,-3.6842],[140.351,-3.6789],[140.347,-3.6729],[140.3469,-3.6697],[140.3562,-3.6716],[140.3605,-3.6682],[140.366,-3.6669],[140.3636,-3.662],[140.3644,-3.6603],[140.3675,-3.6598],[140.3695,-3.663],[140.3724,-3.6636],[140.3775,-3.6599],[140.3743,-3.6554],[140.3752,-3.6495],[140.3782,-3.646],[140.3882,-3.6399],[140.3902,-3.6309],[140.397,-3.631],[140.3945,-3.6239],[140.389,-3.621],[140.3867,-3.614],[140.3813,-3.6054],[140.3842,-3.6009],[140.3894,-3.5989],[140.3847,-3.5911],[140.3775,-3.5859],[140.3759,-3.5819],[140.3771,-3.5784],[140.379,-3.5821],[140.381,-3.5818],[140.3823,-3.572],[140.38,-3.5712],[140.3762,-3.5729],[140.3741,-3.5696],[140.3802,-3.5684],[140.3776,-3.5641],[140.3855,-3.558],[140.3859,-3.5545],[140.3788,-3.5525],[140.38,-3.5449],[140.3726,-3.5475],[140.3721,-3.5455],[140.374,-3.5434],[140.3721,-3.5394],[140.3694,-3.5418],[140.3681,-3.5412],[140.365,-3.5324],[140.3622,-3.5289],[140.3646,-3.5245],[140.369,-3.5327],[140.3745,-3.5333],[140.3689,-3.5231],[140.3724,-3.5222],[140.3754,-3.5234],[140.3793,-3.5144],[140.3773,-3.5123],[140.3748,-3.5123],[140.376,-3.5198],[140.3743,-3.5212],[140.3711,-3.5144],[140.3641,-3.5155],[140.3633,-3.5075],[140.3657,-3.5074],[140.3698,-3.5109],[140.3713,-3.5096],[140.3708,-3.5024],[140.3672,-3.4978],[140.3662,-3.4939],[140.3554,-3.4971],[140.3507,-3.5012],[140.3534,-3.4911],[140.351,-3.4911],[140.3471,-3.4947],[140.3444,-3.4945],[140.3436,-3.4933],[140.3452,-3.4905],[140.3372,-3.4868],[140.3385,-3.4821],[140.3442,-3.4827],[140.3464,-3.4779],[140.3547,-3.4734],[140.3547,-3.468],[140.3614,-3.4652],[140.3632,-3.4559],[140.3664,-3.4535],[140.3676,-3.4432],[140.3623,-3.4323],[140.3616,-3.418],[140.359,-3.4168],[140.3544,-3.4208],[140.3494,-3.4186],[140.3504,-3.4147],[140.3562,-3.4165],[140.357,-3.4101],[140.3557,-3.4065],[140.3484,-3.4017],[140.3494,-3.4005],[140.3565,-3.4009],[140.3566,-3.3983],[140.3526,-3.3977],[140.3528,-3.3959],[140.3601,-3.3921],[140.359,-3.3848],[140.3535,-3.3883],[140.3503,-3.3813],[140.3543,-3.3786],[140.36,-3.3806],[140.3616,-3.3846],[140.3631,-3.385],[140.3706,-3.3741],[140.3707,-3.3683],[140.3678,-3.3674],[140.3636,-3.3706],[140.3613,-3.3662],[140.3616,-3.3626],[140.3677,-3.362],[140.3647,-3.3592],[140.3643,-3.3528],[140.3593,-3.3549],[140.3581,-3.3606],[140.3554,-3.3584],[140.3438,-3.3596],[140.3469,-3.3552],[140.3424,-3.3509],[140.3507,-3.3482],[140.352,-3.3436],[140.351,-3.3379],[140.3488,-3.3383],[140.3463,-3.3427],[140.3418,-3.3421],[140.3426,-3.3378],[140.3461,-3.3362],[140.3441,-3.3309],[140.3388,-3.3363],[140.3315,-3.3362],[140.328,-3.3307],[140.3243,-3.3287],[140.3234,-3.3243],[140.3249,-3.3202],[140.3189,-3.3236],[140.3101,-3.3226],[140.3143,-3.3168],[140.309,-3.3142],[140.306,-3.3081],[140.3074,-3.3046],[140.3134,-3.3032],[140.317,-3.2989],[140.3166,-3.2926],[140.3242,-3.2742],[140.3203,-3.2603],[140.3223,-3.2539],[140.3281,-3.2496],[140.3318,-3.2435],[140.3339,-3.2344],[140.3329,-3.2213],[140.3358,-3.217],[140.3351,-3.2129],[140.3375,-3.2091],[140.3336,-3.2021],[140.3296,-3.2042],[140.3252,-3.2026],[140.3219,-3.1952],[140.3185,-3.1937],[140.3204,-3.1882],[140.3235,-3.1866],[140.3229,-3.1846],[140.3257,-3.177],[140.3312,-3.1771],[140.3359,-3.1746],[140.3378,-3.1779],[140.342,-3.1767],[140.3547,-3.1663],[140.3571,-3.1665],[140.3631,-3.163],[140.3678,-3.157],[140.3663,-3.1537],[140.3675,-3.1512],[140.3615,-3.1427],[140.36,-3.1316],[140.3568,-3.1257],[140.3638,-3.0],[140.3603,-2.8049],[140.3879,-2.7703],[140.4378,-2.7759],[140.4467,-2.7796],[140.4482,-2.7748],[140.4448,-2.7746],[140.4465,-2.77],[140.4512,-2.7698],[140.4607,-2.7613],[140.4649,-2.7609],[140.4649,-2.7592],[140.4627,-2.7587],[140.4633,-2.7572],[140.4686,-2.759],[140.4693,-2.7553],[140.4665,-2.7543],[140.4687,-2.7521],[140.4762,-2.754],[140.4766,-2.7509],[140.4886,-2.7522],[140.4903,-2.7548],[140.4929,-2.7555],[140.4928,-2.7584],[140.4973,-2.7573],[140.4944,-2.7619],[140.4979,-2.7619],[140.4977,-2.7645],[140.5011,-2.7651],[140.5014,-2.7668],[140.4983,-2.7678],[140.5022,-2.7733],[140.5057,-2.7715],[140.507,-2.7762],[140.5092,-2.7749],[140.5108,-2.7759],[140.5117,-2.7727],[140.5133,-2.773],[140.5136,-2.7756],[140.5187,-2.7714],[140.5203,-2.7722],[140.5199,-2.7743],[140.5221,-2.7727],[140.5241,-2.7738],[140.5241,-2.7756],[140.5274,-2.7738],[140.5265,-2.7769],[140.5249,-2.7766],[140.5245,-2.7797],[140.5275,-2.7796],[140.5269,-2.7777],[140.5285,-2.7762],[140.5309,-2.7791],[140.5323,-2.776],[140.5341,-2.7763],[140.5339,-2.7779],[140.5363,-2.7773],[140.5348,-2.7754],[140.5364,-2.7743],[140.5357,-2.7719],[140.5376,-2.773],[140.5391,-2.7717],[140.5392,-2.7737],[140.5417,-2.7736],[140.5453,-2.7712],[140.5465,-2.7732],[140.5487,-2.7722],[140.5506,-2.7745],[140.551,-2.7714],[140.5488,-2.77],[140.5528,-2.7698],[140.5497,-2.7685],[140.5507,-2.7673],[140.5551,-2.768],[140.5563,-2.7656],[140.5587,-2.766],[140.5587,-2.7688],[140.561,-2.7689],[140.5616,-2.7714],[140.5634,-2.7698],[140.5627,-2.7677],[140.5653,-2.7673],[140.5651,-2.7662],[140.5617,-2.7669],[140.5625,-2.763],[140.5637,-2.7625],[140.5659,-2.7649],[140.5669,-2.7631],[140.5653,-2.7626],[140.5669,-2.7606],[140.5685,-2.7633],[140.5712,-2.7639],[140.5685,-2.7619],[140.5711,-2.7604],[140.5726,-2.7616],[140.5741,-2.7586],[140.575,-2.7638],[140.5766,-2.7627],[140.5754,-2.7614],[140.5764,-2.7603],[140.5794,-2.7621],[140.5834,-2.7585],[140.5864,-2.7602],[140.5867,-2.7636],[140.5883,-2.7632],[140.5887,-2.7649],[140.5907,-2.7639],[140.5913,-2.7611],[140.5933,-2.7614],[140.5913,-2.7635],[140.5942,-2.7653],[140.5945,-2.7706],[140.6018,-2.7701],[140.6063,-2.7723],[140.6064,-2.7739],[140.6095,-2.7738],[140.6133,-2.776],[140.6143,-2.7744],[140.6163,-2.775],[140.6154,-2.7728],[140.6196,-2.7738],[140.6249,-2.7695],[140.6212,-2.7684],[140.6191,-2.7644],[140.6213,-2.7611],[140.6231,-2.7611],[140.6254,-2.7579],[140.6279,-2.7588],[140.6278,-2.7572],[140.6294,-2.7593],[140.6327,-2.7592],[140.6269,-2.7505],[140.6228,-2.7512],[140.6217,-2.7467],[140.6229,-2.744],[140.6203,-2.7442],[140.6206,-2.7383],[140.6231,-2.737],[140.6228,-2.7311],[140.6257,-2.7287],[140.6287,-2.7302],[140.6295,-2.7277],[140.6296,-2.7245],[140.6273,-2.7211],[140.6236,-2.7206],[140.6246,-2.7163],[140.6269,-2.7152],[140.628,-2.7167],[140.6322,-2.7161],[140.6334,-2.7225],[140.664,-2.7256],[140.6895,-2.7205],[140.7073,-2.707],[140.7169,-2.7061],[140.7299,-2.7072],[140.7584,-2.7189],[140.8245,-2.7342],[140.8809,-2.7669],[140.9379,-2.7907],[141.0,-2.8289],[141.0,-3.1256]]]}},{"type":"Feature","properties":{"name":"KepulauanYapen","name_en":"KepulauanYapen","admin_level":"5","osm_id":""},"geometry":{"type":"Polygon","coordinates":[[[136.2289,-1.9024],[136.2311,-1.9061],[136.2305,-1.9095],[136.2274,-1.9051],[136.2254,-1.9054],[136.2233,-1.9083],[136.222,-1.8977],[136.2244,-1.8946],[136.2265,-1.8844],[136.2176,-1.8747],[136.2124,-1.8756],[136.2124,-1.8777],[136.2094,-1.8798],[136.2073,-1.8789],[136.2043,-1.8753],[136.2051,-1.8669],[136.2029,-1.8662],[136.202,-1.8702],[136.1987,-1.8697],[136.1977,-1.865],[136.2017,-1.866],[136.2009,-1.8637],[136.2057,-1.8639],[136.2033,-1.8625],[136.204,-1.8614],[136.2012,-1.8617],[136.2007,-1.8603],[136.1979,-1.8616],[136.1975,-1.8593],[136.2003,-1.8571],[136.1979,-1.855],[136.1958,-1.8569],[136.1971,-1.8603],[136.1953,-1.8668],[136.1927,-1.8696],[136.1929,-1.8724],[136.1898,-1.8751],[136.1849,-1.8723],[136.1881,-1.8706],[136.1891,-1.8668],[136.1911,-1.8675],[136.1898,-1.8659],[136.1917,-1.8659],[136.1945,-1.8626],[136.1942,-1.8598],[136.1924,-1.8606],[136.1936,-1.8623],[136.1926,-1.864],[136.1887,-1.8622],[136.1895,-1.8648],[136.1877,-1.865],[136.1872,-1.8691],[136.1821,-1.8702],[136.1827,-1.8664],[136.1813,-1.8669],[136.1771,-1.8731],[136.1724,-1.8745],[136.1726,-1.8716],[136.1682,-1.8674],[136.159,-1.8623],[136.1546,-1.8577],[136.1454,-1.8532],[136.1183,-1.8534],[136.1089,-1.8463],[136.0999,-1.8434],[136.0889,-1.8447],[136.0755,-1.8498],[136.0716,-1.8498],[136.0659,-1.8467],[136.0604,-1.8398],[136.0532,-1.8369],[136.0494,-1.8314],[136.0395,-1.8307],[136.0352,-1.8242],[136.0252,-1.8192],[136.0224,-1.8192],[136.0212,-1.8218],[136.0177,-1.8237],[136.0097,-1.8206],[135.9933,-1.8207],[135.9783,-1.8169],[135.971,-1.8022],[135.9637,-1.7968],[135.9548,-1.7972],[135.9539,-1.7956],[135.9567,-1.7939],[135.9535,-1.7919],[135.9529,-1.7895],[135.95,-1.7906],[135.9483,-1.7862],[135.9458,-1.7861],[135.9417,-1.7911],[135.9394,-1.7918],[135.9394,-1.7865],[135.9367,-1.7808],[135.9359,-1.7817],[135.9239,-1.7655],[135.9201,-1.7685],[135.9165,-1.7681],[135.916,-1.7603],[135.9115,-1.7547],[135.9041,-1.757],[135.9006,-1.7589],[135.9,-1.7608],[135.9053,-1.7661],[135.9066,-1.771],[135.9118,-1.7739],[135.9134,-1.7777],[135.9089,-1.7803],[135.9054,-1.7863],[135.8994,-1.7881],[135.8974,-1.777],[135.8949,-1.7753],[135.8955,-1.772],[135.8908,-1.7684],[135.8922,-1.7627],[135.8911,-1.7615],[135.8868,-1.7633],[135.8853,-1.7607],[135.8852,-1.7537],[135.8827,-1.7528],[135.8829,-1.7493],[135.8807,-1.7504],[135.8791,-1.748],[135.8719,-1.7447],[135.8692,-1.7404],[135.8577,-1.7389],[135.8515,-1.7425],[135.8525,-1.7457],[135.8577,-1.7497],[135.8595,-1.7532],[135.8618,-1.754],[135.8653,-1.7523],[135.8723,-1.7573],[135.8694,-1.7606],[135.8657,-1.7603],[135.8668,-1.7636],[135.8648,-1.7681],[135.8636,-1.7653],[135.8581,-1.7674],[135.8577,-1.7597],[135.856,-1.758],[135.8536,-1.758],[135.853,-1.7533],[135.8499,-1.7524],[135.8459,-1.7463],[135.8407,-1.7486],[135.8363,-1.7569],[135.8356,-1.7548],[135.8344,-1.7557],[135.8367,-1.759],[135.8356,-1.7618],[135.8317,-1.7617],[135.8327,-1.7578],[135.8316,-1.7544],[135.8259,-1.7518],[135.8266,-1.7499],[135.8285,-1.7504],[135.8296,-1.7474],[135.8244,-1.7485],[135.8235,-1.75],[135.8192,-1.745],[135.8224,-1.7433],[135.8231,-1.7379],[135.8213,-1.7349],[135.8164,-1.7341],[135.8129,-1.7354],[135.8064,-1.7331],[135.8011,-1.7365],[135.7993,-1.7404],[135.7944,-1.7389],[135.7941,-1.7374],[135.7903,-1.7385],[135.7872,-1.7375],[135.7836,-1.7432],[135.7852,-1.7445],[135.7836,-1.7473],[135.7807,-1.7434],[135.778,-1.7447],[135.7763,-1.7419],[135.7732,-1.7417],[135.7713,-1.7433],[135.7688,-1.7411],[135.7673,-1.745],[135.7625,-1.7487],[135.7619,-1.7441],[135.767,-1.739],[135.7675,-1.7311],[135.7716,-1.7319],[135.7738,-1.7373],[135.7767,-1.7379],[135.7772,-1.7352],[135.7799,-1.734],[135.7778,-1.7298],[135.7756,-1.7287],[135.7775,-1.7259],[135.7769,-1.7238],[135.7793,-1.7233],[135.7832,-1.73],[135.7852,-1.7278],[135.7915,-1.7292],[135.7917,-1.7273],[135.7869,-1.7241],[135.7897,-1.7197],[135.7849,-1.7198],[135.7853,-1.7158],[135.7759,-1.7173],[135.7734,-1.7162],[135.7717,-1.7177],[135.7729,-1.7148],[135.7719,-1.7138],[135.7664,-1.7115],[135.7611,-1.7067],[135.7601,-1.7117],[135.7615,-1.7147],[135.758,-1.7185],[135.7577,-1.7232],[135.752,-1.7215],[135.7511,-1.7175],[135.7465,-1.7174],[135.7398,-1.7104],[135.7384,-1.7118],[135.7357,-1.709],[135.7361,-1.7011],[135.7329,-1.6974],[135.7343,-1.6954],[135.7323,-1.688],[135.7257,-1.691],[135.7221,-1.6961],[135.7154,-1.6943],[135.7135,-1.6898],[135.7098,-1.6898],[135.7012,-1.6964],[135.6978,-1.6955],[135.6951,-1.6994],[135.6978,-1.7035],[135.6949,-1.7066],[135.6896,-1.7019],[135.6896,-1.6993],[135.6834,-1.7018],[135.6828,-1.7039],[135.6813,-1.7032],[135.6818,-1.7015],[135.6794,-1.7019],[135.6775,-1.7051],[135.673,-1.7066],[135.6708,-1.7048],[135.6708,-1.7026],[135.6682,-1.7021],[135.6686,-1.6976],[135.6666,-1.6957],[135.6664,-1.6922],[135.6639,-1.6938],[135.6642,-1.6956],[135.6617,-1.6988],[135.6596,-1.6962],[135.6499,-1.6971],[135.6499,-1.6939],[135.6463,-1.6942],[135.647,-1.6922],[135.6522,-1.6901],[135.6561,-1.6864],[135.6513,-1.684],[135.6444,-1.6854],[135.6408,-1.6841],[135.6375,-1.6876],[135.632,-1.69],[135.6314,-1.6923],[135.6294,-1.6924],[135.6287,-1.6944],[135.63,-1.6957],[135.6285,-1.6967],[135.6126,-1.6967],[135.616,-1.6948],[135.6136,-1.6918],[135.6148,-1.6903],[135.6264,-1.6871],[135.6182,-1.684],[135.6102,-1.6845],[135.6077,-1.6811],[135.6037,-1.6825],[135.5969,-1.6807],[135.5928,-1.6839],[135.5848,-1.6834],[135.5855,-1.681],[135.5821,-1.6798],[135.5798,-1.6868],[135.5783,-1.6873],[135.5754,-1.6806],[135.5775,-1.6796],[135.5755,-1.6742],[135.5701,-1.6766],[135.5665,-1.6718],[135.5641,-1.6726],[135.5616,-1.6712],[135.5617,-1.6679],[135.5547,-1.6666],[135.5551,-1.6629],[135.5535,-1.6625],[135.5444,-1.6705],[135.5465,-1.673],[135.546,-1.6755],[135.5441,-1.6756],[135.5449,-1.6767],[135.5423,-1.6766],[135.5422,-1.6753],[135.5414,-1.6768],[135.5356,-1.6778],[135.5346,-1.6795],[135.5325,-1.6774],[135.5324,-1.679],[135.5267,-1.6809],[135.5245,-1.6849],[135.5187,-1.6866],[135.5198,-1.6776],[135.523,-1.6755],[135.5236,-1.6726],[135.5284,-1.6676],[135.5223,-1.6632],[135.5219,-1.6605],[135.5165,-1.6643],[135.5129,-1.6698],[135.5091,-1.6701],[135.51,-1.6722],[135.5131,-1.6736],[135.5123,-1.6753],[135.5075,-1.675],[135.5078,-1.6795],[135.5143,-1.6837],[135.5136,-1.6866],[135.5093,-1.686],[135.5004,-1.6796],[135.4942,-1.6794],[135.4928,-1.6745],[135.4903,-1.6748],[135.4862,-1.6796],[135.4771,-1.6813],[135.4742,-1.6803],[135.4737,-1.6691],[135.4715,-1.6683],[135.4701,-1.6655],[135.4769,-1.6601],[135.4736,-1.6596],[135.4731,-1.6577],[135.4702,-1.6573],[135.4695,-1.655],[135.4665,-1.6533],[135.4699,-1.6465],[135.4677,-1.6389],[135.4596,-1.6331],[135.4489,-1.6429],[135.4443,-1.6368],[135.4427,-1.6316],[135.4423,-1.6248],[135.4441,-1.6225],[135.4419,-1.6208],[135.4439,-1.6196],[135.4437,-1.6128],[135.442,-1.6115],[135.4331,-1.6119],[135.4204,-1.6078],[135.4158,-1.6079],[135.4111,-1.6047],[135.4104,-1.6018],[135.4188,-1.6008],[135.435,-1.6033],[135.4363,-1.6031],[135.4363,-1.6013],[135.4416,-1.6028],[135.4543,-1.5994],[135.4559,-1.601],[135.4658,-1.6013],[135.474,-1.5986],[135.4791,-1.5996],[135.495,-1.6085],[135.4998,-1.609],[135.5026,-1.6072],[135.519,-1.6082],[135.5246,-1.6114],[135.5285,-1.6071],[135.533,-1.6111],[135.541,-1.6116],[135.5457,-1.6143],[135.5506,-1.6117],[135.5578,-1.6147],[135.5614,-1.6117],[135.5664,-1.6111],[135.5719,-1.6151],[135.5806,-1.6106],[135.5814,-1.6136],[135.5871,-1.6128],[135.5874,-1.6141],[135.5938,-1.6163],[135.5978,-1.6213],[135.6167,-1.6208],[135.6215,-1.625],[135.6258,-1.626],[135.6299,-1.6249],[135.6415,-1.6265],[135.6543,-1.6191],[135.6571,-1.6223],[135.6634,-1.6236],[135.6709,-1.6232],[135.6781,-1.6195],[135.6888,-1.62],[135.6921,-1.6239],[135.6928,-1.628],[135.689,-1.6316],[135.6926,-1.6346],[135.6996,-1.6293],[135.7005,-1.6316],[135.7032,-1.6325],[135.7024,-1.6271],[135.7005,-1.6265],[135.7002,-1.6251],[135.7141,-1.6271],[135.7204,-1.6265],[135.7269,-1.6311],[135.7265,-1.6342],[135.7285,-1.6358],[135.7338,-1.6335],[135.7375,-1.6341],[135.7378,-1.6296],[135.7408,-1.6263],[135.752,-1.6295],[135.7633,-1.628],[135.7662,-1.6254],[135.7802,-1.6276],[135.786,-1.6264],[135.7914,-1.6312],[135.8024,-1.6328],[135.8048,-1.6351],[135.8075,-1.634],[135.8082,-1.6364],[135.8114,-1.6382],[135.8201,-1.6382],[135.8285,-1.643],[135.8322,-1.6425],[135.8351,-1.6393],[135.8379,-1.6404],[135.843,-1.6379],[135.8473,-1.6387],[135.8364,-1.645],[135.8381,-1.6502],[135.8413,-1.654],[135.8378,-1.6539],[135.8358,-1.6556],[135.8358,-1.6582],[135.8442,-1.658],[135.8485,-1.6529],[135.8476,-1.6564],[135.8506,-1.6628],[135.8557,-1.6546],[135.8645,-1.6597],[135.8664,-1.6629],[135.8674,-1.6602],[135.8702,-1.6611],[135.8711,-1.6587],[135.8691,-1.655],[135.8717,-1.6527],[135.8726,-1.6488],[135.8724,-1.646],[135.8706,-1.6443],[135.8784,-1.645],[135.8792,-1.6398],[135.8815,-1.638],[135.8844,-1.6414],[135.889,-1.6421],[135.8911,-1.6399],[135.8905,-1.6379],[135.8961,-1.6373],[135.899,-1.6352],[135.9048,-1.6366],[135.9144,-1.6353],[135.9238,-1.6412],[135.9325,-1.6401],[135.938,-1.6429],[135.9422,-1.6415],[135.9477,-1.6452],[135.9506,-1.6435],[135.9511,-1.6411],[135.9542,-1.6413],[135.9617,-1.6438],[135.9613,-1.6513],[135.9691,-1.6547],[135.9736,-1.6539],[135.9818,-1.6459],[135.9847,-1.6481],[135.9894,-1.6469],[135.9911,-1.6526],[135.9962,-1.654],[136.0034,-1.6512],[136.0064,-1.6467],[136.0107,-1.6494],[136.0145,-1.6472],[136.0274,-1.6506],[136.0298,-1.6535],[136.0454,-1.6551],[136.0468,-1.6575],[136.0523,-1.6596],[136.0637,-1.6579],[136.0778,-1.6495],[136.0881,-1.6505],[136.0925,-1.6493],[136.0993,-1.6527],[136.1084,-1.6511],[136.1286,-1.6536],[136.142,-1.649],[136.1497,-1.6526],[136.1586,-1.6543],[136.1723,-1.6533],[136.1829,-1.6556],[136.2033,-1.6484],[136.2109,-1.6521],[136.2225,-1.6649],[136.2304,-1.6691],[136.2371,-1.6707],[136.2391,-1.6691],[136.2409,-1.6713],[136.2545,-1.6725],[136.2654,-1.6752],[136.27,-1.6787],[136.2801,-1.6784],[136.29,-1.6871],[136.2969,-1.6856],[136.3057,-1.6877],[136.3107,-1.691],[136.3114,-1.6932],[136.3157,-1.6946],[136.3181,-1.6994],[136.3248,-1.7038],[136.3428,-1.7066],[136.3511,-1.7054],[136.3557,-1.7112],[136.3686,-1.7171],[136.379,-1.7163],[136.3891,-1.7197],[136.3933,-1.7182],[136.4013,-1.7205],[136.4098,-1.7201],[136.4189,-1.7147],[136.4289,-1.7143],[136.439,-1.7106],[136.4464,-1.7053],[136.4473,-1.7015],[136.4451,-1.6988],[136.4462,-1.6982],[136.4538,-1.6995],[136.462,-1.7045],[136.4718,-1.7059],[136.4925,-1.7075],[136.4967,-1.7051],[136.5073,-1.7116],[136.5276,-1.7151],[136.5451,-1.7215],[136.5532,-1.7227],[136.5576,-1.7216],[136.5851,-1.7292],[136.5882,-1.729],[136.5906,-1.7254],[136.603,-1.7279],[136.6263,-1.7249],[136.6335,-1.7265],[136.6365,-1.7251],[136.6398,-1.7275],[136.644,-1.7266],[136.651,-1.7294],[136.6672,-1.7286],[136.6695,-1.7263],[136.6741,-1.7284],[136.6821,-1.7285],[136.6936,-1.7318],[136.7046,-1.7309],[136.7115,-1.7335],[136.7154,-1.732],[136.7475,-1.7435],[136.7684,-1.7474],[136.7726,-1.7475],[136.7776,-1.742],[136.7871,-1.7426],[136.7888,-1.7401],[136.7946,-1.7423],[136.8019,-1.7479],[136.8481,-1.7701],[136.8645,-1.7765],[136.8745,-1.779],[136.8806,-1.7782],[136.8851,-1.782],[136.8869,-1.7807],[136.8916,-1.7846],[136.8989,-1.7871],[136.9038,-1.7922],[136.9031,-1.7943],[136.8953,-1.7977],[136.8825,-1.7974],[136.8738,-1.801],[136.8715,-1.8115],[136.8693,-1.8144],[136.8557,-1.8174],[136.8492,-1.8274],[136.8331,-1.8221],[136.8287,-1.8242],[136.8248,-1.822],[136.8237,-1.823],[136.8148,-1.8214],[136.8101,-1.8196],[136.8014,-1.8128],[136.7935,-1.8134],[136.7922,-1.812],[136.7889,-1.8142],[136.7863,-1.813],[136.7822,-1.816],[136.7795,-1.8149],[136.7782,-1.8171],[136.7732,-1.8174],[136.7688,-1.8209],[136.7651,-1.8212],[136.7627,-1.8244],[136.7606,-1.8247],[136.7616,-1.8256],[136.7605,-1.8263],[136.7422,-1.8228],[136.7337,-1.8187],[136.73,-1.8191],[136.729,-1.8169],[136.7241,-1.8152],[136.7182,-1.816],[136.7088,-1.8199],[136.7063,-1.8225],[136.7036,-1.8217],[136.7032,-1.8244],[136.6971,-1.8238],[136.7007,-1.8263],[136.6995,-1.8279],[136.701,-1.8312],[136.703,-1.8266],[136.7121,-1.834],[136.7068,-1.8434],[136.699,-1.8452],[136.6935,-1.8419],[136.6889,-1.8419],[136.6877,-1.8412],[136.6897,-1.8341],[136.6877,-1.8339],[136.6829,-1.8367],[136.6832,-1.8384],[136.6755,-1.8421],[136.6686,-1.8521],[136.6556,-1.8551],[136.6542,-1.8591],[136.6564,-1.8609],[136.6517,-1.8619],[136.6506,-1.8675],[136.6436,-1.8703],[136.6387,-1.8688],[136.6365,-1.8695],[136.636,-1.8714],[136.6282,-1.8731],[136.6273,-1.8684],[136.6186,-1.8624],[136.6161,-1.8644],[136.6118,-1.864],[136.6075,-1.8659],[136.597,-1.8631],[136.5951,-1.865],[136.5865,-1.8635],[136.5755,-1.8649],[136.5698,-1.8629],[136.5623,-1.8681],[136.5515,-1.8704],[136.5492,-1.8672],[136.5449,-1.8655],[136.5357,-1.8695],[136.5302,-1.8674],[136.5282,-1.8637],[136.5143,-1.8565],[136.5153,-1.8552],[136.5109,-1.8517],[136.5105,-1.849],[136.5029,-1.8495],[136.5028,-1.858],[136.509,-1.8595],[136.5161,-1.8692],[136.5202,-1.871],[136.5237,-1.8773],[136.5269,-1.8778],[136.5309,-1.8822],[136.5348,-1.8818],[136.531,-1.8853],[136.5357,-1.8877],[136.537,-1.8902],[136.5384,-1.8892],[136.5385,-1.8924],[136.5438,-1.8929],[136.5444,-1.889],[136.5483,-1.8896],[136.5468,-1.8965],[136.5371,-1.8976],[136.5367,-1.8993],[136.5323,-1.8981],[136.531,-1.895],[136.5294,-1.8955],[136.5269,-1.8933],[136.5238,-1.8943],[136.5191,-1.8924],[136.5167,-1.8955],[136.5124,-1.8931],[136.5096,-1.8882],[136.5042,-1.8851],[136.5027,-1.881],[136.4987,-1.8796],[136.4949,-1.8823],[136.4973,-1.8837],[136.4958,-1.8857],[136.4873,-1.8792],[136.4849,-1.8793],[136.4806,-1.8843],[136.4705,-1.8843],[136.4699,-1.8904],[136.4679,-1.8926],[136.4689,-1.8946],[136.4672,-1.8952],[136.4649,-1.8932],[136.4586,-1.8919],[136.4496,-1.8832],[136.4419,-1.8891],[136.4359,-1.8891],[136.4253,-1.8844],[136.4227,-1.8806],[136.4233,-1.8775],[136.4118,-1.8733],[136.4099,-1.8744],[136.4118,-1.8787],[136.4075,-1.8806],[136.4076,-1.8833],[136.3995,-1.8804],[136.4003,-1.8878],[136.3983,-1.8882],[136.3978,-1.886],[136.393,-1.8824],[136.3944,-1.8811],[136.3902,-1.8773],[136.3884,-1.8727],[136.3843,-1.8749],[136.3801,-1.875],[136.3804,-1.8812],[136.3711,-1.8822],[136.3665,-1.8802],[136.3666,-1.8765],[136.3622,-1.8721],[136.3613,-1.8686],[136.3446,-1.8659],[136.3429,-1.8643],[136.3441,-1.8632],[136.3429,-1.8604],[136.3362,-1.8623],[136.3318,-1.8655],[136.3246,-1.8661],[136.3212,-1.8692],[136.3201,-1.8661],[136.313,-1.8628],[136.3044,-1.8691],[136.2986,-1.8691],[136.2968,-1.8734],[136.2918,-1.8764],[136.2912,-1.8821],[136.2861,-1.8829],[136.284,-1.881],[136.2813,-1.884],[136.2756,-1.8828],[136.2718,-1.8893],[136.2717,-1.8923],[136.268,-1.891],[136.2648,-1.8931],[136.2656,-1.8949],[136.2641,-1.8979],[136.2659,-1.9028],[136.2622,-1.9034],[136.2618,-1.9101],[136.2633,-1.9127],[136.2585,-1.9133],[136.2587,-1.9076],[136.2523,-1.8962],[136.2543,-1.8898],[136.2495,-1.8859],[136.2429,-1.8868],[136.241,-1.8902],[136.2323,-1.8961],[136.234,-1.8984],[136.2326,-1.9014],[136.2311,-1.9003],[136.2321,-1.8975],[136.2289,-1.9024]]]}},{"type":"Feature","properties":{"name":"KotaJayapura","name_en":"KotaJayapura","admin_level":"5","osm_id":""},"geometry":{"type":"Polygon","coordinates":[[[140.9138,-2.7808],[140.8809,-2.7669],[140.8245,-2.7342],[140.7584,-2.7189],[140.7299,-2.7072],[140.7169,-2.7061],[140.7073,-2.707],[140.6895,-2.7205],[140.6701,-2.7247],[140.664,-2.7256],[140.6334,-2.7225],[140.6313,-2.7114],[140.6266,-2.7042],[140.6211,-2.6149],[140.6141,-2.6125],[140.6173,-2.5998],[140.6226,-2.594],[140.6236,-2.5853],[140.6263,-2.5833],[140.6255,-2.5668],[140.622,-2.5668],[140.6249,-2.5316],[140.6528,-2.4762],[140.6577,-2.4771],[140.6632,-2.474],[140.6707,-2.4748],[140.6725,-2.476],[140.6733,-2.48],[140.6775,-2.4816],[140.6848,-2.4775],[140.6867,-2.4778],[140.6877,-2.4803],[140.694,-2.4782],[140.7001,-2.484],[140.7041,-2.4836],[140.7088,-2.4867],[140.7127,-2.4866],[140.7116,-2.4881],[140.7167,-2.4925],[140.721,-2.491],[140.7205,-2.4957],[140.73,-2.5007],[140.7327,-2.509],[140.7382,-2.5134],[140.7422,-2.5221],[140.7423,-2.5293],[140.7483,-2.5343],[140.7463,-2.538],[140.7378,-2.5352],[140.7385,-2.5311],[140.7325,-2.5249],[140.7309,-2.5182],[140.7269,-2.5264],[140.7236,-2.5273],[140.7252,-2.5289],[140.7252,-2.535],[140.72,-2.5341],[140.7116,-2.5391],[140.7087,-2.5374],[140.7067,-2.5387],[140.7077,-2.544],[140.7121,-2.5453],[140.7133,-2.5442],[140.715,-2.5472],[140.7184,-2.5476],[140.7155,-2.5529],[140.7182,-2.5535],[140.72,-2.5569],[140.7181,-2.5585],[140.717,-2.5632],[140.7151,-2.5632],[140.7103,-2.5691],[140.709,-2.5733],[140.7106,-2.5824],[140.7171,-2.5917],[140.7153,-2.5938],[140.7128,-2.5928],[140.7138,-2.591],[140.7113,-2.5911],[140.7132,-2.5882],[140.7111,-2.5899],[140.7106,-2.5887],[140.7102,-2.5898],[140.7085,-2.5893],[140.709,-2.5881],[140.7076,-2.5884],[140.7082,-2.5897],[140.7104,-2.5907],[140.7092,-2.5915],[140.7051,-2.5888],[140.7073,-2.5878],[140.7069,-2.5867],[140.7017,-2.5867],[140.7057,-2.5819],[140.7017,-2.5758],[140.7032,-2.574],[140.7035,-2.5711],[140.7031,-2.5707],[140.7024,-2.5732],[140.7,-2.5745],[140.6972,-2.5726],[140.6953,-2.5733],[140.694,-2.5746],[140.7003,-2.5782],[140.7014,-2.5832],[140.6985,-2.5848],[140.7009,-2.5868],[140.6965,-2.588],[140.6972,-2.5893],[140.6937,-2.5906],[140.6937,-2.5925],[140.6914,-2.5923],[140.6897,-2.5948],[140.6913,-2.5954],[140.691,-2.5987],[140.694,-2.6002],[140.6944,-2.603],[140.6893,-2.6062],[140.6901,-2.6087],[140.6863,-2.6134],[140.69,-2.6167],[140.6991,-2.6188],[140.7036,-2.6165],[140.7076,-2.618],[140.6972,-2.6218],[140.7,-2.6257],[140.7061,-2.6285],[140.7089,-2.6273],[140.714,-2.63],[140.7194,-2.6285],[140.7225,-2.6317],[140.7253,-2.6333],[140.729,-2.6336],[140.7341,-2.6331],[140.7378,-2.6273],[140.7328,-2.6188],[140.7279,-2.6137],[140.7241,-2.6128],[140.7203,-2.6065],[140.7118,-2.6033],[140.7115,-2.5972],[140.7109,-2.5992],[140.7093,-2.6013],[140.71015289256198,-2.598457024793361],[140.7102,-2.5984],[140.71017364864863,-2.598387837837844],[140.7111,-2.5953],[140.724,-2.6094],[140.7354,-2.618],[140.7481,-2.6244],[140.763,-2.6285],[140.7724,-2.6286],[140.7802,-2.6265],[140.7865,-2.6211],[140.7881,-2.6111],[140.7847,-2.6078],[140.7807,-2.6098],[140.779,-2.6082],[140.7829,-2.6058],[140.782,-2.6045],[140.7832,-2.6014],[140.7867,-2.6012],[140.7883,-2.5984],[140.7874,-2.5963],[140.789,-2.5955],[140.7964,-2.5983],[140.8024,-2.6041],[140.8087,-2.6059],[140.8871,-2.6152],[140.9084,-2.6202],[140.9159,-2.6236],[140.9225,-2.6219],[140.9218,-2.6157],[140.9259,-2.6108],[140.9352,-2.6152],[140.9512,-2.6126],[140.9592,-2.6097],[140.9616,-2.6067],[140.9724,-2.6077],[141.0,-2.6043],[141.0,-2.8289],[140.9379,-2.7907],[140.9138,-2.7808]]]}},{"type":"Feature","properties":{"name":"LannyJaya","name_en":"LannyJaya","admin_level":"5","osm_id":""},"geometry":{"type":"Polygon","coordinates":[[[138.4361,-4.1856],[138.4146,-4.1814],[138.3774,-4.1831],[138.3295,-4.192],[138.2941,-4.1884],[138.2374,-4.1548],[138.1612,-4.1371],[138.1249,-4.1341],[138.0699,-4.1341],[138.0045,-4.1367],[137.9338,-4.1445],[137.8945,-4.1472],[137.8657,-4.155],[137.8422,-4.1498],[137.816,-4.1315],[137.7924,-4.1341],[137.7584,-4.1419],[137.7401,-4.1445],[137.7008,-4.1603],[137.6784,-4.1723],[137.6958,-4.119],[137.7047,-4.0852],[137.715,-4.0573],[137.7356,-4.0352],[137.7576,-4.0131],[137.7841,-3.9955],[137.8135,-3.9793],[137.84,-3.9749],[137.8709,-3.9764],[137.8988,-3.969],[137.9371,-3.9617],[137.9488,-3.944],[137.9488,-3.8852],[137.952,-3.8668],[137.9782,-3.8514],[138.0091,-3.8396],[138.0503,-3.8337],[138.1253,-3.8322],[138.1856,-3.8381],[138.2253,-3.8278],[138.2695,-3.8131],[138.3046,-3.7729],[138.334,-3.7736],[138.3933,-3.7831],[138.4064,-3.7534],[138.4283,-3.7554],[138.4522,-3.7474],[138.4731,-3.7434],[138.505,-3.7255],[138.5339,-3.7235],[138.5658,-3.7255],[138.6094,-3.7226],[138.6078,-3.7264],[138.6079,-3.7526],[138.6113,-3.7843],[138.6076,-3.7952],[138.6018,-3.8456],[138.6096,-3.848],[138.6582,-3.8426],[138.6804,-3.8432],[138.6957,-3.8482],[138.7178,-3.8489],[138.7178,-3.8547],[138.7084,-3.8876],[138.726,-3.8989],[138.728,-3.9118],[138.7043,-3.9459],[138.6898,-3.9598],[138.6773,-3.9687],[138.661,-4.0058],[138.648,-4.0274],[138.6337,-4.0774],[138.6147,-4.0963],[138.6042,-4.1195],[138.5954,-4.1601],[138.5812,-4.1831],[138.5546,-4.192],[138.505,-4.1884],[138.4589,-4.1902],[138.4361,-4.1856]]]}},{"type":"Feature","properties":{"name":"MamberamoRaya","name_en":"MamberamoRaya","admin_level":"5","osm_id":""},"geometry":{"type":"Polygon","coordinates":[[[139.0484,-3.2923],[139.0515,-3.2836],[139.0588,-3.2765],[139.0721,-3.2749],[139.0888,-3.2806],[139.0983,-3.2955],[139.0975,-3.308],[139.0836,-3.311],[139.0826,-3.3005],[139.0836,-3.2877],[139.0743,-3.2873],[139.0674,-3.2965],[139.069,-3.3094],[139.0757,-3.3253],[139.0762,-3.336],[139.0648,-3.3634],[139.048,-3.3929],[139.0053,-3.3817],[138.9899,-3.3901],[138.9661,-3.3999],[138.9304,-3.4195],[138.9164,-3.4209],[138.8841,-3.4293],[138.8549,-3.4179],[138.7925,-3.3471],[138.7301,-3.2858],[138.6879,-3.2889],[138.6466,-3.309],[138.5627,-3.3375],[138.4977,-3.3316],[138.4696,-3.325],[138.4069,-3.3299],[138.3805,-3.3184],[138.3656,-3.2903],[138.3573,-3.2622],[138.3392,-3.216],[138.3272,-3.1944],[138.2748,-3.1978],[138.2153,-3.2077],[138.1773,-3.2308],[138.1723,-3.2364],[138.1677,-3.2661],[138.1617,-3.2781],[138.1557,-3.2824],[138.1458,-3.2863],[138.1335,-3.2836],[138.1279,-3.2724],[138.1104,-3.2626],[138.0873,-3.264],[138.0761,-3.2626],[138.0684,-3.2549],[138.0663,-3.2451],[138.0579,-3.2416],[138.0481,-3.2416],[138.0412,-3.2464],[138.0154,-3.2352],[138.0098,-3.2245],[138.0132,-3.22],[138.0193,-3.2172],[138.0193,-3.1993],[138.0137,-3.1904],[138.007,-3.1848],[138.0067,-3.1651],[138.0096,-3.1605],[138.0099,-3.1554],[138.007,-3.1533],[137.9967,-3.154],[137.9949,-3.1508],[137.9952,-3.1465],[137.9909,-3.1454],[137.9873,-3.1483],[137.9841,-3.1458],[137.9848,-3.1411],[137.9743,-3.1345],[137.9531,-3.1274],[137.8825,-3.1168],[137.8248,-3.1203],[137.7342,-3.118],[137.6659,-3.1133],[137.6177,-3.1121],[137.5953,-3.0886],[137.5815,-3.0656],[137.5766,-3.0673],[137.5718,-3.0665],[137.5688,-3.0642],[137.5628,-3.0539],[137.5581,-3.0515],[137.5394,-3.0517],[137.5312,-3.0539],[137.5248,-3.0585],[137.5124,-3.0574],[137.5068,-3.0531],[137.503,-3.0537],[137.5008,-3.0507],[137.4939,-3.055],[137.4923,-3.046],[137.4874,-3.0505],[137.4855,-3.0505],[137.4839,-3.0499],[137.4854,-3.0474],[137.4833,-3.0442],[137.4753,-3.0462],[137.4754,-3.0486],[137.4729,-3.0502],[137.4681,-3.0452],[137.4655,-3.0482],[137.4656,-3.0506],[137.4623,-3.0521],[137.4601,-3.0513],[137.4617,-3.0475],[137.4594,-3.047],[137.4582,-3.0501],[137.4561,-3.0499],[137.4492,-3.04],[137.4448,-3.0415],[137.4369,-3.0402],[137.4361,-3.0379],[137.4373,-3.0369],[137.44,-3.038],[137.4413,-3.0366],[137.4388,-3.0322],[137.4357,-3.0303],[137.4392,-3.0288],[137.4394,-3.0252],[137.4339,-3.021],[137.4319,-3.0158],[137.4262,-3.0168],[137.4208,-3.0137],[137.4328,-3.008],[137.4317,-3.0064],[137.4247,-3.0051],[137.4203,-3.0077],[137.419,-2.9973],[137.423,-2.9941],[137.4186,-2.9933],[137.4164,-2.9895],[137.4079,-2.9885],[137.4054,-2.9861],[137.3954,-2.983],[137.3935,-2.9802],[137.3903,-2.9791],[137.3891,-2.9741],[137.3861,-2.9712],[137.3857,-2.9649],[137.3833,-2.9639],[137.3804,-2.9658],[137.3789,-2.9637],[137.3774,-2.9569],[137.3825,-2.956],[137.3821,-2.954],[137.3771,-2.9513],[137.3705,-2.951],[137.37,-2.9479],[137.3751,-2.9497],[137.3817,-2.9478],[137.3843,-2.9453],[137.3829,-2.9435],[137.3779,-2.9439],[137.3776,-2.9421],[137.3803,-2.9397],[137.3793,-2.9328],[137.372,-2.9377],[137.3689,-2.938],[137.3673,-2.9372],[137.3681,-2.9347],[137.3641,-2.932],[137.3647,-2.9305],[137.3704,-2.9302],[137.3657,-2.925],[137.3662,-2.9229],[137.3708,-2.9234],[137.3726,-2.9218],[137.3685,-2.9188],[137.3639,-2.9189],[137.3634,-2.917],[137.3693,-2.9135],[137.3695,-2.9115],[137.3602,-2.9109],[137.3563,-2.9095],[137.3543,-2.9061],[137.3548,-2.9038],[137.3633,-2.9013],[137.3588,-2.8937],[137.3599,-2.8789],[137.3578,-2.8773],[137.3519,-2.8796],[137.3511,-2.8755],[137.3535,-2.87],[137.3499,-2.8647],[137.3457,-2.8691],[137.3447,-2.8681],[137.3443,-2.8567],[137.3413,-2.86],[137.3369,-2.8581],[137.3359,-2.8553],[137.3331,-2.8557],[137.3306,-2.8508],[137.3269,-2.8517],[137.3233,-2.8492],[137.3247,-2.8527],[137.3231,-2.8531],[137.319,-2.8478],[137.2849,-2.8431],[137.2755,-2.8366],[137.2691,-2.8241],[137.2668,-2.7963],[137.2704,-2.7945],[137.2725,-2.7911],[137.2721,-2.7772],[137.2492,-2.7611],[137.2763,-2.7291],[137.2792,-2.724],[137.2792,-2.7204],[137.283,-2.7231],[137.2836,-2.721],[137.2873,-2.7191],[137.2861,-2.7146],[137.2664,-2.6975],[137.2634,-2.6929],[137.2631,-2.6881],[137.2608,-2.6857],[137.2601,-2.6816],[137.263,-2.6706],[137.2613,-2.6655],[137.263,-2.6634],[137.2646,-2.653],[137.2606,-2.6381],[137.2634,-2.6372],[137.2677,-2.631],[137.2652,-2.6276],[137.2636,-2.6305],[137.2634,-2.627],[137.2617,-2.626],[137.261,-2.6223],[137.2644,-2.6254],[137.2654,-2.6244],[137.2618,-2.6192],[137.2635,-2.6165],[137.2607,-2.6164],[137.2628,-2.6144],[137.2609,-2.6124],[137.2622,-2.6107],[137.2578,-2.6084],[137.2608,-2.6061],[137.2564,-2.6026],[137.2553,-2.6041],[137.2536,-2.6035],[137.255,-2.6031],[137.2533,-2.6021],[137.255,-2.5995],[137.2518,-2.5958],[137.2537,-2.5911],[137.2518,-2.5911],[137.2505,-2.5889],[137.2489,-2.5896],[137.2484,-2.5875],[137.2465,-2.5876],[137.2451,-2.5847],[137.2423,-2.585],[137.2407,-2.581],[137.2369,-2.5794],[137.2377,-2.5775],[137.2403,-2.5767],[137.2398,-2.5754],[137.237,-2.5743],[137.2369,-2.5761],[137.2306,-2.5759],[137.2316,-2.5778],[137.23,-2.5783],[137.2276,-2.5749],[137.2266,-2.5769],[137.2236,-2.5776],[137.2219,-2.5767],[137.2225,-2.573],[137.2134,-2.5724],[137.1931,-2.5637],[137.1907,-2.5555],[137.1834,-2.5504],[137.1778,-2.5498],[137.1714,-2.5457],[137.1677,-2.5393],[137.1612,-2.5376],[137.1586,-2.5393],[137.1568,-2.5368],[137.155,-2.5363],[137.1546,-2.5378],[137.1517,-2.5349],[137.149,-2.5353],[137.1474,-2.5325],[137.1488,-2.5298],[137.1456,-2.5263],[137.1429,-2.5271],[137.1432,-2.523],[137.1408,-2.5219],[137.1392,-2.523],[137.1371,-2.5178],[137.131,-2.5205],[137.1285,-2.5185],[137.1279,-2.521],[137.1257,-2.5184],[137.1249,-2.5207],[137.123,-2.5154],[137.1207,-2.5175],[137.1195,-2.5153],[137.1159,-2.5147],[137.1148,-2.5123],[137.1134,-2.512],[137.1122,-2.5139],[137.11,-2.511],[137.1137,-2.5048],[137.1111,-2.4996],[137.1072,-2.5015],[137.1058,-2.4994],[137.1061,-2.4957],[137.0932,-2.4879],[137.0897,-2.489],[137.0885,-2.4861],[137.0871,-2.4862],[137.0867,-2.4832],[137.0798,-2.4821],[137.0773,-2.48],[137.0765,-2.4852],[137.075,-2.4856],[137.0694,-2.4801],[137.0644,-2.4799],[137.0635,-2.477],[137.0616,-2.4778],[137.0593,-2.4757],[137.0583,-2.4701],[137.0548,-2.4697],[137.0563,-2.4674],[137.0555,-2.4648],[137.0494,-2.4622],[137.0486,-2.4577],[137.0435,-2.4616],[137.0406,-2.4559],[137.0363,-2.4601],[137.0349,-2.458],[137.037,-2.4553],[137.0346,-2.453],[137.0363,-2.4498],[137.034,-2.4482],[137.0391,-2.4481],[137.0404,-2.4418],[137.0348,-2.4403],[137.0362,-2.4294],[137.0351,-2.4278],[137.0307,-2.4302],[137.0316,-2.4246],[137.0308,-2.4183],[137.0293,-2.4167],[137.0258,-2.418],[137.0199,-2.4239],[137.013,-2.4199],[137.0066,-2.4204],[137.0023,-2.4256],[136.9975,-2.4229],[136.995,-2.4189],[136.9878,-2.4222],[136.9843,-2.418],[136.9743,-2.4261],[136.9708,-2.4256],[136.9692,-2.4233],[136.9643,-2.4252],[136.9635,-2.4205],[136.967,-2.4158],[136.966,-2.414],[136.9577,-2.4116],[136.9538,-2.4035],[136.9497,-2.4018],[136.9497,-2.3986],[136.9481,-2.3968],[136.9444,-2.3948],[136.9407,-2.3979],[136.9341,-2.3929],[136.9132,-2.3854],[136.9079,-2.3795],[136.9079,-2.3772],[136.9121,-2.3718],[136.9094,-2.3644],[136.91,-2.3614],[136.9154,-2.3594],[136.9157,-2.3564],[136.9205,-2.3582],[136.9249,-2.3624],[136.9311,-2.362],[136.9325,-2.3612],[136.9317,-2.359],[136.9278,-2.3562],[136.9267,-2.3502],[136.9311,-2.3474],[136.9336,-2.347],[136.9374,-2.3495],[136.938,-2.3477],[136.9381,-2.34],[136.9369,-2.3391],[136.9248,-2.3349],[136.9213,-2.3389],[136.9192,-2.334],[136.9151,-2.3319],[136.9158,-2.3288],[136.9185,-2.328],[136.9143,-2.3192],[136.9207,-2.3098],[136.9214,-2.3044],[136.9263,-2.3021],[136.9265,-2.3006],[136.9205,-2.2996],[136.9164,-2.2937],[136.9094,-2.2982],[136.9029,-2.2942],[136.9059,-2.2896],[136.9038,-2.2853],[136.9047,-2.2834],[136.9137,-2.2866],[136.9139,-2.2854],[136.91,-2.2827],[136.9112,-2.2781],[136.9066,-2.2765],[136.9023,-2.2648],[136.8995,-2.2694],[136.8938,-2.2651],[136.8962,-2.2705],[136.8943,-2.2724],[136.8916,-2.2713],[136.8918,-2.2653],[136.8886,-2.2603],[136.8895,-2.2548],[136.8837,-2.2522],[136.8855,-2.2498],[136.885,-2.2476],[136.8782,-2.2481],[136.8779,-2.2434],[136.8745,-2.2416],[136.8733,-2.2389],[136.8738,-2.2314],[136.8716,-2.2317],[136.8697,-2.2356],[136.8674,-2.2346],[136.867,-2.2285],[136.864,-2.2218],[136.8604,-2.2244],[136.8572,-2.2198],[136.8557,-2.2228],[136.8535,-2.2234],[136.8506,-2.2202],[136.846,-2.2209],[136.844,-2.2176],[136.8412,-2.2197],[136.8387,-2.2194],[136.8394,-2.2134],[136.8349,-2.2132],[136.8257,-2.2036],[136.8251,-2.2002],[136.8272,-2.1945],[136.8226,-2.1904],[136.8226,-2.1864],[136.807,-2.1763],[136.808,-2.1746],[136.8116,-2.1744],[136.8259,-2.1768],[136.8367,-2.1728],[136.8375,-2.1747],[136.8348,-2.1826],[136.8361,-2.1948],[136.8377,-2.1964],[136.8391,-2.195],[136.8418,-2.1956],[136.8456,-2.1904],[136.8469,-2.192],[136.8494,-2.1905],[136.8498,-2.1921],[136.857,-2.1831],[136.8627,-2.1817],[136.8648,-2.1839],[136.8745,-2.1756],[136.8826,-2.1776],[136.8903,-2.1735],[136.8938,-2.1779],[136.8931,-2.1763],[136.8961,-2.1762],[136.9017,-2.1782],[136.9041,-2.1773],[136.9086,-2.1797],[136.9119,-2.1786],[136.9119,-2.1741],[136.9153,-2.1704],[136.9156,-2.1652],[136.9183,-2.1648],[136.9249,-2.1506],[136.9324,-2.1511],[136.9351,-2.148],[136.9388,-2.1467],[136.9424,-2.1406],[136.9444,-2.1402],[136.9409,-2.1342],[136.9411,-2.1321],[136.9379,-2.1288],[136.9423,-2.1217],[136.9514,-2.127],[136.9548,-2.1267],[136.9556,-2.1251],[136.9587,-2.1255],[136.9624,-2.1286],[136.9704,-2.1315],[136.9757,-2.1312],[136.9769,-2.1327],[136.9871,-2.1286],[137.0001,-2.1291],[137.0147,-2.1183],[137.0205,-2.1183],[137.0248,-2.1148],[137.0288,-2.1168],[137.0311,-2.1143],[137.039,-2.1135],[137.0421,-2.1054],[137.0436,-2.1055],[137.0428,-2.1047],[137.0472,-2.1044],[137.0506,-2.1019],[137.0558,-2.1025],[137.058,-2.0984],[137.0615,-2.1001],[137.0667,-2.0999],[137.0722,-2.1032],[137.0769,-2.1035],[137.0856,-2.1006],[137.0901,-2.1016],[137.092,-2.1032],[137.092,-2.1077],[137.1023,-2.111],[137.1069,-2.1087],[137.1073,-2.1109],[137.1087,-2.111],[137.114,-2.1083],[137.115,-2.1058],[137.1198,-2.108],[137.1234,-2.1001],[137.1333,-2.101],[137.1419,-2.0981],[137.1494,-2.1022],[137.1545,-2.1031],[137.1589,-2.0951],[137.1656,-2.0919],[137.1672,-2.0893],[137.1665,-2.0873],[137.1683,-2.0862],[137.1698,-2.0883],[137.1752,-2.0838],[137.1732,-2.0816],[137.1752,-2.0781],[137.1801,-2.0812],[137.1814,-2.0806],[137.1812,-2.0773],[137.1841,-2.0795],[137.1871,-2.0791],[137.1957,-2.0665],[137.1999,-2.0702],[137.2045,-2.0692],[137.2057,-2.0641],[137.2164,-2.0601],[137.2214,-2.06],[137.2222,-2.058],[137.2267,-2.0557],[137.2276,-2.0531],[137.2305,-2.0519],[137.2319,-2.0466],[137.2305,-2.0419],[137.2267,-2.0424],[137.2152,-2.0382],[137.2145,-2.0346],[137.2119,-2.0324],[137.2133,-2.0303],[137.2117,-2.0298],[137.2116,-2.0248],[137.2057,-2.0209],[137.2036,-2.0134],[137.1997,-2.0087],[137.1928,-2.0036],[137.1929,-2.0011],[137.1897,-2.0005],[137.1927,-1.9926],[137.1892,-1.991],[137.1898,-1.989],[137.1947,-1.9874],[137.2029,-1.988],[137.2082,-1.9902],[137.2157,-1.9837],[137.2155,-1.9788],[137.2086,-1.9777],[137.2017,-1.9702],[137.2044,-1.9706],[137.2033,-1.9663],[137.1971,-1.9628],[137.1966,-1.9607],[137.1932,-1.9598],[137.1945,-1.9565],[137.1928,-1.9542],[137.192,-1.9458],[137.1831,-1.9371],[137.1804,-1.9364],[137.1776,-1.9396],[137.175,-1.9395],[137.1687,-1.9327],[137.1667,-1.9335],[137.1591,-1.9303],[137.1561,-1.9318],[137.1436,-1.8983],[137.1372,-1.8939],[137.1335,-1.8974],[137.1288,-1.8966],[137.1251,-1.8921],[137.1229,-1.8934],[137.1212,-1.8909],[137.1239,-1.888],[137.1221,-1.8802],[137.1072,-1.8705],[137.1065,-1.8659],[137.1039,-1.8656],[137.1036,-1.8632],[137.0989,-1.859],[137.0912,-1.8553],[137.0892,-1.8516],[137.0943,-1.8094],[137.0975,-1.8002],[137.1023,-1.7931],[137.1133,-1.7866],[137.1245,-1.7757],[137.138,-1.7716],[137.1415,-1.7728],[137.1439,-1.7762],[137.1511,-1.7759],[137.1542,-1.773],[137.1545,-1.7699],[137.1651,-1.7633],[137.2036,-1.7468],[137.2168,-1.7462],[137.2287,-1.7491],[137.2285,-1.7508],[137.2416,-1.7514],[137.2444,-1.7499],[137.2463,-1.7465],[137.2457,-1.7434],[137.2426,-1.7414],[137.2467,-1.7358],[137.2772,-1.7211],[137.3017,-1.7062],[137.3102,-1.698],[137.314,-1.6977],[137.3157,-1.7008],[137.3228,-1.702],[137.329,-1.6976],[137.33,-1.6917],[137.3346,-1.6874],[137.3636,-1.6756],[137.3732,-1.6686],[137.4018,-1.6556],[137.403,-1.6515],[137.4084,-1.6476],[137.4296,-1.634],[137.4446,-1.6281],[137.4496,-1.6213],[137.4743,-1.6053],[137.4764,-1.6022],[137.4767,-1.5976],[137.5311,-1.5783],[137.5389,-1.5721],[137.569,-1.5617],[137.5813,-1.5548],[137.5878,-1.5561],[137.5941,-1.5511],[137.6104,-1.5454],[137.6369,-1.5293],[137.6406,-1.5295],[137.645,-1.5257],[137.6462,-1.5215],[137.6576,-1.515],[137.6649,-1.5135],[137.6814,-1.5049],[137.7242,-1.4943],[137.7341,-1.4945],[137.7379,-1.4978],[137.7399,-1.4974],[137.743,-1.4935],[137.7407,-1.4792],[137.7436,-1.4769],[137.7645,-1.4774],[137.7724,-1.4821],[137.7769,-1.482],[137.7795,-1.4791],[137.7904,-1.4764],[137.7986,-1.4695],[137.811,-1.4667],[137.8159,-1.4672],[137.8222,-1.465],[137.8237,-1.4658],[137.838,-1.4619],[137.8484,-1.4643],[137.8903,-1.4641],[137.8928,-1.4653],[137.8938,-1.469],[137.8964,-1.4709],[137.9018,-1.4719],[137.9091,-1.4693],[137.9211,-1.4609],[137.9319,-1.458],[137.9375,-1.47],[137.95,-1.4893],[137.9545,-1.5011],[137.9528,-1.5042],[137.9539,-1.5078],[137.966,-1.5155],[137.9691,-1.5307],[137.9765,-1.5323],[137.9803,-1.5291],[137.9826,-1.5291],[137.9905,-1.5319],[138.0119,-1.5606],[138.033,-1.5782],[138.0676,-1.601],[138.0992,-1.6154],[138.1334,-1.6256],[138.1704,-1.6309],[138.1681,-1.6346],[138.1685,-1.6511],[138.1749,-1.6738],[138.1794,-1.6807],[138.1785,-1.6819],[138.1733,-1.6788],[138.1713,-1.6839],[138.1671,-1.6811],[138.1636,-1.6819],[138.1646,-1.6857],[138.1701,-1.6898],[138.1705,-1.6926],[138.168,-1.6935],[138.1649,-1.6899],[138.1616,-1.6904],[138.1624,-1.6953],[138.1609,-1.6978],[138.1642,-1.6999],[138.1603,-1.7019],[138.1666,-1.7107],[138.1747,-1.7145],[138.1733,-1.7175],[138.165,-1.7214],[138.1692,-1.7245],[138.1657,-1.7311],[138.171,-1.733],[138.1714,-1.739],[138.1742,-1.7416],[138.1744,-1.7445],[138.1696,-1.748],[138.1681,-1.7575],[138.1656,-1.7621],[138.1585,-1.7645],[138.1582,-1.7694],[138.1551,-1.7727],[138.1588,-1.7756],[138.1562,-1.7808],[138.1568,-1.7829],[138.1651,-1.7837],[138.1662,-1.7856],[138.1647,-1.7889],[138.1581,-1.787],[138.1561,-1.7893],[138.1592,-1.7935],[138.1604,-1.8015],[138.1589,-1.8065],[138.1572,-1.809],[138.1512,-1.8046],[138.1476,-1.8065],[138.1508,-1.8127],[138.1452,-1.8139],[138.1442,-1.8157],[138.1444,-1.8268],[138.1311,-1.8537],[138.1286,-1.8881],[138.1353,-1.9074],[138.137,-1.9401],[138.1504,-1.9543],[138.1797,-1.9652],[138.2322,-1.9799],[138.2361,-1.9823],[138.238,-1.9905],[138.2396,-1.9919],[138.2421,-1.9914],[138.2464,-1.9842],[138.2509,-1.9835],[138.2527,-1.9849],[138.2531,-1.9883],[138.2473,-1.9882],[138.2448,-1.9919],[138.2453,-1.9954],[138.2509,-1.9991],[138.2542,-1.9972],[138.2519,-1.993],[138.253,-1.9901],[138.2597,-1.989],[138.2601,-1.9904],[138.2557,-1.9971],[138.2612,-1.9985],[138.2625,-2.0005],[138.2606,-2.0047],[138.2613,-2.0102],[138.2571,-2.0163],[138.2573,-2.0186],[138.2618,-2.0219],[138.2622,-2.0257],[138.2607,-2.0268],[138.2537,-2.0235],[138.2523,-2.0317],[138.2491,-2.0331],[138.2482,-2.0354],[138.2551,-2.0336],[138.2603,-2.0343],[138.2605,-2.0372],[138.2543,-2.04],[138.2534,-2.0436],[138.2555,-2.0448],[138.2598,-2.0419],[138.2618,-2.0423],[138.263,-2.0495],[138.2657,-2.0513],[138.2806,-2.0495],[138.2881,-2.0444],[138.2894,-2.049],[138.2822,-2.0529],[138.2868,-2.0639],[138.2897,-2.0653],[138.2908,-2.0641],[138.2896,-2.0576],[138.2929,-2.0551],[138.3015,-2.0618],[138.3054,-2.067],[138.3107,-2.0688],[138.3066,-2.0772],[138.3015,-2.076],[138.2941,-2.0779],[138.2924,-2.0814],[138.2957,-2.0859],[138.2981,-2.0856],[138.3027,-2.0815],[138.3058,-2.0823],[138.3056,-2.0856],[138.3027,-2.0884],[138.3027,-2.0911],[138.3051,-2.0927],[138.3107,-2.0869],[138.3155,-2.0868],[138.3183,-2.0884],[138.3145,-2.0933],[138.3144,-2.098],[138.3205,-2.0957],[138.3253,-2.0987],[138.3245,-2.1],[138.317,-2.0999],[138.3162,-2.104],[138.3256,-2.1087],[138.3268,-2.1112],[138.3257,-2.1124],[138.3188,-2.1123],[138.3125,-2.1165],[138.3122,-2.1195],[138.316,-2.1205],[138.3262,-2.1176],[138.3281,-2.1212],[138.3221,-2.1254],[138.3228,-2.1288],[138.3306,-2.1256],[138.3334,-2.1259],[138.3449,-2.1344],[138.3422,-2.136],[138.3357,-2.1307],[138.3327,-2.1312],[138.3326,-2.1331],[138.3374,-2.14],[138.3405,-2.1412],[138.3472,-2.1375],[138.352,-2.1424],[138.3507,-2.1446],[138.3441,-2.1443],[138.344,-2.1538],[138.345,-2.1553],[138.3588,-2.158],[138.3595,-2.1625],[138.3579,-2.1647],[138.3565,-2.164],[138.3536,-2.1584],[138.3501,-2.1578],[138.3494,-2.1603],[138.3521,-2.1634],[138.3519,-2.1669],[138.345,-2.164],[138.3424,-2.165],[138.3432,-2.1673],[138.3484,-2.1702],[138.3484,-2.1776],[138.3523,-2.1769],[138.3538,-2.1697],[138.3569,-2.1693],[138.3585,-2.1719],[138.3568,-2.1794],[138.3601,-2.1803],[138.3614,-2.1759],[138.3641,-2.1746],[138.3688,-2.1852],[138.3726,-2.1897],[138.3739,-2.1892],[138.375,-2.1841],[138.3796,-2.1845],[138.3796,-2.1772],[138.3817,-2.1768],[138.3836,-2.1779],[138.3845,-2.1839],[138.3903,-2.1846],[138.3923,-2.1901],[138.3946,-2.1915],[138.3986,-2.1903],[138.3966,-2.1836],[138.3978,-2.1797],[138.4007,-2.179],[138.4034,-2.1848],[138.4036,-2.1916],[138.4063,-2.192],[138.4112,-2.1878],[138.4147,-2.1895],[138.4094,-2.1937],[138.4076,-2.1999],[138.4092,-2.2018],[138.4128,-2.2014],[138.4174,-2.2038],[138.4176,-2.2081],[138.4201,-2.2079],[138.4216,-2.2022],[138.4195,-2.1986],[138.4207,-2.1974],[138.425,-2.2],[138.4301,-2.1978],[138.431,-2.1997],[138.4251,-2.2025],[138.4247,-2.207],[138.431,-2.2033],[138.4339,-2.207],[138.4399,-2.2102],[138.4441,-2.2042],[138.4467,-2.2085],[138.4406,-2.2116],[138.4408,-2.2148],[138.4456,-2.2139],[138.4499,-2.2148],[138.4522,-2.217],[138.4572,-2.2167],[138.458,-2.219],[138.4546,-2.221],[138.455,-2.2222],[138.4609,-2.2199],[138.463,-2.2172],[138.4656,-2.2211],[138.4674,-2.2195],[138.473,-2.221],[138.4776,-2.2277],[138.4715,-2.2242],[138.4691,-2.2266],[138.4702,-2.2303],[138.4828,-2.2305],[138.4906,-2.2356],[138.4921,-2.2403],[138.4962,-2.2382],[138.5051,-2.2452],[138.5115,-2.245],[138.5173,-2.2467],[138.5185,-2.2477],[138.5183,-2.2534],[138.5162,-2.2599],[138.5285,-2.2613],[138.5309,-2.2662],[138.5332,-2.2675],[138.536,-2.2676],[138.5397,-2.264],[138.5443,-2.2638],[138.5479,-2.2657],[138.5511,-2.2703],[138.5572,-2.2661],[138.5606,-2.271],[138.5619,-2.2659],[138.5653,-2.2675],[138.5695,-2.2667],[138.5695,-2.2652],[138.5766,-2.2706],[138.5779,-2.2734],[138.5792,-2.2682],[138.5829,-2.2671],[138.5853,-2.2688],[138.5904,-2.2657],[138.594,-2.2667],[138.5988,-2.2619],[138.6017,-2.2648],[138.6033,-2.2639],[138.6039,-2.2662],[138.6079,-2.265],[138.6088,-2.2692],[138.6214,-2.2773],[138.6204,-2.2793],[138.6222,-2.2893],[138.6299,-2.3011],[138.6668,-2.3511],[138.7145,-2.4124],[138.7242,-2.4225],[138.7214,-2.4283],[138.7215,-2.4386],[138.7268,-2.4499],[138.7273,-2.4571],[138.7247,-2.4616],[138.7209,-2.4624],[138.7199,-2.4654],[138.7222,-2.47],[138.7204,-2.4748],[138.7214,-2.4777],[138.6357,-2.6197],[138.6212,-2.6459],[138.6705,-2.6738],[138.7665,-2.7208],[139.1115,-2.9028],[139.1139,-2.9067],[139.1176,-2.9088],[139.1136,-2.9085],[139.1119,-2.915],[139.1089,-2.915],[139.1103,-2.9176],[139.1096,-2.9204],[139.1032,-2.9224],[139.1026,-2.9245],[139.1107,-2.9258],[139.1142,-2.9249],[139.1152,-2.9271],[139.114,-2.9326],[139.1161,-2.9329],[139.12,-2.9323],[139.1256,-2.9263],[139.1268,-2.9289],[139.1262,-2.9333],[139.138,-2.9415],[139.1398,-2.9499],[139.1454,-2.9563],[139.1396,-2.9593],[139.1409,-2.9685],[139.1354,-2.9673],[139.133,-2.9702],[139.138,-2.9696],[139.1421,-2.9735],[139.136,-2.9733],[139.1342,-2.9756],[139.1403,-2.9763],[139.139,-2.9831],[139.1326,-2.9837],[139.1325,-2.9857],[139.1367,-2.9892],[139.1364,-2.9916],[139.1328,-2.9946],[139.1302,-2.9876],[139.1236,-2.9889],[139.1207,-2.9845],[139.1194,-2.9848],[139.1192,-2.9893],[139.1171,-2.9906],[139.1227,-2.9954],[139.1269,-2.9959],[139.1236,-2.9984],[139.1268,-3.0057],[139.1259,-3.0187],[139.1231,-3.0308],[139.0925,-3.0738],[139.0876,-3.073],[139.0843,-3.0766],[139.0824,-3.0754],[139.074,-3.0768],[139.0736,-3.0784],[139.0767,-3.0831],[139.0749,-3.085],[139.0734,-3.0826],[139.0693,-3.0822],[139.0718,-3.0904],[139.0711,-3.0928],[139.0682,-3.0906],[139.0666,-3.0857],[139.0605,-3.0888],[139.0604,-3.0932],[139.0573,-3.0941],[139.0568,-3.0984],[139.0531,-3.098],[139.0498,-3.1085],[139.0453,-3.1084],[139.0476,-3.1135],[139.045,-3.1156],[139.0443,-3.1202],[139.0387,-3.123],[139.0374,-3.1276],[139.0393,-3.1299],[139.0355,-3.1293],[139.0307,-3.1241],[139.0291,-3.1253],[139.0295,-3.127],[139.0329,-3.1316],[139.0325,-3.1335],[139.0301,-3.1334],[139.028,-3.1273],[139.0261,-3.1265],[139.0259,-3.1311],[139.0285,-3.1335],[139.0308,-3.1401],[139.0335,-3.1412],[139.0252,-3.1438],[139.022,-3.1429],[139.0212,-3.1456],[139.0225,-3.1489],[139.0169,-3.1468],[139.0168,-3.149],[139.0231,-3.1527],[139.0221,-3.1624],[139.0183,-3.1631],[139.0222,-3.1644],[139.0226,-3.1659],[139.0182,-3.1659],[139.0153,-3.1697],[139.0158,-3.1714],[139.0209,-3.1707],[139.0219,-3.1725],[139.0206,-3.1748],[139.0154,-3.1726],[139.0147,-3.1748],[139.0228,-3.1771],[139.0218,-3.1795],[139.0162,-3.1827],[139.0214,-3.1861],[139.0145,-3.1894],[139.0125,-3.1884],[139.0031,-3.1906],[139.0011,-3.1935],[139.0022,-3.197],[139.0069,-3.1973],[139.0063,-3.2003],[139.0028,-3.2009],[139.0032,-3.2036],[139.0069,-3.2059],[139.0026,-3.2093],[139.005,-3.2174],[139.0067,-3.2173],[139.007,-3.2145],[139.0086,-3.2152],[139.0069,-3.2188],[139.0089,-3.22],[139.0025,-3.224],[139.0068,-3.2268],[139.0035,-3.2313],[139.0071,-3.234],[139.0078,-3.2287],[139.0107,-3.2297],[139.0113,-3.2329],[139.014,-3.23],[139.0146,-3.2313],[139.0123,-3.2339],[139.0119,-3.2372],[139.0145,-3.237],[139.0146,-3.2385],[139.0123,-3.2389],[139.0122,-3.2419],[139.0098,-3.2407],[139.0086,-3.2424],[139.0107,-3.2459],[139.0125,-3.2431],[139.0134,-3.2436],[139.0115,-3.248],[139.0124,-3.2496],[139.0181,-3.2494],[139.0173,-3.2525],[139.0209,-3.2535],[139.0157,-3.2564],[139.0161,-3.2575],[139.0202,-3.2556],[139.0218,-3.2574],[139.0209,-3.2611],[139.0175,-3.2624],[139.0189,-3.2669],[139.0172,-3.2673],[139.0156,-3.2734],[139.0174,-3.2806],[139.0196,-3.2842],[139.0205,-3.2822],[139.0336,-3.2824],[139.0382,-3.2937],[139.0484,-3.2923]]]}},{"type":"Feature","properties":{"name":"MamberamoTengah","name_en":"MamberamoTengah","admin_level":"5","osm_id":""},"geometry":{"type":"Polygon","coordinates":[[[138.9133,-3.8897],[138.8945,-3.8596],[138.8999,-3.8427],[138.8981,-3.8228],[138.8999,-3.8107],[138.9017,-3.8035],[138.9068,-3.7976],[138.8905,-3.7949],[138.8713,-3.7865],[138.8603,-3.7841],[138.8334,-3.7702],[138.8122,-3.7621],[138.8049,-3.7596],[138.7843,-3.8232],[138.757,-3.8106],[138.7377,-3.7971],[138.7137,-3.7877],[138.6797,-3.7856],[138.6422,-3.781],[138.6241,-3.7812],[138.6113,-3.7843],[138.6079,-3.7526],[138.6078,-3.7264],[138.6094,-3.7226],[138.6522,-3.7225],[138.6594,-3.708],[138.696,-3.7032],[138.7401,-3.6558],[138.7501,-3.6466],[138.7593,-3.6424],[138.7554,-3.5634],[138.757,-3.5047],[138.7663,-3.4522],[138.7863,-3.4059],[138.7802,-3.3673],[138.7925,-3.3471],[138.8549,-3.4179],[138.8841,-3.4293],[138.9164,-3.4209],[138.9304,-3.4195],[138.9661,-3.3999],[138.9899,-3.3901],[139.0053,-3.3817],[139.048,-3.3929],[139.0648,-3.3634],[139.0762,-3.336],[139.0891,-3.3341],[139.1001,-3.3287],[139.1046,-3.3382],[139.1044,-3.355],[139.1072,-3.3719],[139.1062,-3.3799],[139.1121,-3.3885],[139.1252,-3.3838],[139.1269,-3.3699],[139.1214,-3.3639],[139.1276,-3.3554],[139.1404,-3.3617],[139.1479,-3.3691],[139.1454,-3.3779],[139.1483,-3.3898],[139.1472,-3.4004],[139.1404,-3.4093],[139.1382,-3.4192],[139.1462,-3.4268],[139.1675,-3.4311],[139.1818,-3.4233],[139.1877,-3.4266],[139.1946,-3.4478],[139.2036,-3.4469],[139.2134,-3.4399],[139.2321,-3.4329],[139.251,-3.4168],[139.2658,-3.4164],[139.2729,-3.4206],[139.2716,-3.4277],[139.258,-3.4278],[139.2509,-3.4338],[139.2503,-3.4451],[139.2554,-3.4547],[139.2709,-3.4397],[139.2793,-3.4676],[139.3068,-3.4708],[139.3179,-3.451],[139.3284,-3.446],[139.3375,-3.4557],[139.3335,-3.4652],[139.3323,-3.4744],[139.3379,-3.4849],[139.371,-3.4753],[139.3801,-3.4638],[139.3615,-3.4491],[139.3661,-3.4362],[139.3741,-3.4345],[139.3897,-3.4435],[139.4085,-3.4437],[139.426,-3.4463],[139.4364,-3.463],[139.4572,-3.4596],[139.4543,-3.4746],[139.4151,-3.5647],[139.4064,-3.5743],[139.3915,-3.6063],[139.3639,-3.6352],[139.3356,-3.6563],[139.3316,-3.6694],[139.3297,-3.6852],[139.3089,-3.6778],[139.3027,-3.6734],[139.2862,-3.6694],[139.2766,-3.6697],[139.283,-3.6902],[139.2793,-3.6962],[139.2761,-3.7077],[139.2793,-3.7371],[139.2761,-3.7476],[139.2664,-3.7532],[139.2609,-3.7587],[139.2444,-3.761],[139.2241,-3.7588],[139.2142,-3.7536],[139.2046,-3.7508],[139.199,-3.7464],[139.1862,-3.743],[139.1629,-3.7424],[139.1496,-3.7439],[139.1337,-3.7489],[139.121,-3.756],[139.1077,-3.7682],[139.0999,-3.7672],[139.0921,-3.7728],[139.0639,-3.7849],[139.0527,-3.7843],[139.044,-3.7784],[139.0348,-3.8158],[139.034,-3.8418],[139.0384,-3.8671],[139.0479,-3.8971],[138.9778,-3.9225],[138.9639,-3.9119],[138.9429,-3.9036],[138.919,-3.8998],[138.9133,-3.8897]]]}},{"type":"Feature","properties":{"name":"Mappi","name_en":"Mappi","admin_level":"5","osm_id":""},"geometry":{"type":"Polygon","coordinates":[[[139.4001,-7.3654],[138.6673,-7.2142],[138.6671,-7.2085],[138.6692,-7.2041],[138.6731,-7.1979],[138.6774,-7.1956],[138.7131,-7.203],[138.7623,-7.2082],[138.7629,-7.2097],[138.7635,-7.2083],[138.7903,-7.2082],[138.7917,-7.2096],[138.7928,-7.2082],[138.8325,-7.2065],[138.843,-7.2],[138.8554,-7.1805],[138.8567,-7.1721],[138.8538,-7.1583],[138.8512,-7.1556],[138.8415,-7.1524],[138.8051,-7.1352],[138.7828,-7.1272],[138.7824,-7.1259],[138.7812,-7.1269],[138.7747,-7.1247],[138.7647,-7.1194],[138.7472,-7.1077],[138.7175,-7.0819],[138.6919,-7.0653],[138.692,-7.0631],[138.6839,-7.0574],[138.6837,-7.0547],[138.6767,-7.0507],[138.6785,-7.0484],[138.673,-7.0474],[138.6646,-7.0402],[138.6653,-7.0378],[138.6616,-7.0377],[138.6548,-7.0331],[138.6546,-7.0345],[138.6472,-7.0291],[138.6471,-7.027],[138.6374,-7.0235],[138.6341,-7.0216],[138.6341,-7.0196],[138.6162,-7.0128],[138.6162,-7.0092],[138.6151,-7.0106],[138.6123,-7.0098],[138.6094,-7.0071],[138.6102,-7.0063],[138.6061,-7.0047],[138.6046,-7.0019],[138.5964,-6.9956],[138.5727,-6.9572],[138.5727,-6.9512],[138.5669,-6.9463],[138.5632,-6.9364],[138.5609,-6.9347],[138.5619,-6.9322],[138.5653,-6.9308],[138.5656,-6.9256],[138.569,-6.9236],[138.5655,-6.922],[138.5663,-6.9182],[138.5723,-6.9114],[138.5742,-6.9063],[138.5806,-6.9005],[138.5822,-6.9012],[138.5856,-6.8977],[138.5881,-6.8978],[138.6003,-6.8906],[138.6078,-6.8885],[138.6266,-6.8765],[138.6284,-6.8762],[138.6401,-6.8836],[138.6519,-6.8869],[138.6667,-6.883],[138.6709,-6.8797],[138.6766,-6.8672],[138.6741,-6.8572],[138.6675,-6.8449],[138.6728,-6.8326],[138.6616,-6.8184],[138.6478,-6.812],[138.6346,-6.7996],[138.6182,-6.7775],[138.6106,-6.7554],[138.6106,-6.7497],[138.6121,-6.7493],[138.614,-6.7426],[138.6176,-6.7381],[138.6163,-6.7361],[138.6211,-6.7366],[138.6254,-6.7319],[138.6273,-6.7327],[138.6276,-6.7313],[138.6364,-6.7297],[138.6392,-6.7325],[138.6507,-6.7352],[138.6552,-6.7347],[138.6641,-6.7314],[138.6735,-6.7243],[138.6723,-6.7195],[138.6729,-6.7047],[138.6693,-6.6894],[138.671,-6.6715],[138.6673,-6.6669],[138.6686,-6.6616],[138.6659,-6.6598],[138.666,-6.6549],[138.6697,-6.6528],[138.6703,-6.6487],[138.6727,-6.6469],[138.6727,-6.643],[138.6742,-6.6416],[138.6727,-6.6403],[138.6748,-6.6409],[138.678,-6.6374],[138.6872,-6.6334],[138.6947,-6.6263],[138.6961,-6.6231],[138.6953,-6.6128],[138.6934,-6.6095],[138.683,-6.6081],[138.6753,-6.6014],[138.6721,-6.5936],[138.6663,-6.5892],[138.666,-6.5787],[138.6629,-6.5743],[138.6503,-6.5748],[138.6414,-6.5668],[138.6511,-6.553],[138.6644,-6.546],[138.672,-6.5207],[138.6822,-6.5143],[138.6999,-6.508],[138.7455,-6.5149],[138.7525,-6.5124],[138.7607,-6.5048],[138.7683,-6.494],[138.781,-6.4807],[138.7918,-6.4782],[138.8086,-6.4802],[138.8112,-6.4829],[138.8114,-6.4859],[138.8132,-6.4863],[138.819,-6.4815],[138.8277,-6.4801],[138.8357,-6.4803],[138.8406,-6.4822],[138.8508,-6.4811],[138.8622,-6.4706],[138.8706,-6.4656],[138.8761,-6.4568],[138.882,-6.4534],[138.887,-6.4464],[138.9033,-6.433],[138.9109,-6.4296],[138.9163,-6.4187],[138.9241,-6.4202],[138.9431,-5.7228],[139.259,-5.5474],[139.6444,-5.0411],[139.705,-5.2354],[139.7266,-5.4384],[139.7274,-5.7165],[139.8691,-6.1915],[139.8351,-6.195],[139.8254,-6.2067],[139.8226,-6.222],[139.8247,-6.2579],[139.833,-6.2697],[139.8565,-6.2814],[139.8586,-6.2869],[139.8537,-6.3063],[139.8544,-6.3243],[139.8482,-6.3402],[139.8365,-6.354],[139.8005,-6.3893],[139.7881,-6.4176],[140.0724,-6.4331],[140.0578,-7.2661],[139.8287,-7.4539],[139.4001,-7.3654]]]}},{"type":"Feature","properties":{"name":"Merauke","name_en":"Merauke","admin_level":"5","osm_id":""},"geometry":{"type":"Polygon","coordinates":[[[141.0061,-9.1167],[141.0086,-9.1181],[141.0,-9.1182],[140.9965,-9.1154],[140.9775,-9.1076],[140.9669,-9.1061],[140.9624,-9.1029],[140.9394,-9.0967],[140.9358,-9.0939],[140.9196,-9.0915],[140.9105,-9.0926],[140.9107,-9.0913],[140.907,-9.0917],[140.9043,-9.0893],[140.8998,-9.0897],[140.8931,-9.0851],[140.8928,-9.082],[140.8715,-9.0598],[140.8357,-9.0322],[140.8197,-9.0158],[140.8128,-9.0045],[140.8118,-9.0043],[140.8124,-9.0064],[140.8107,-9.004],[140.8119,-9.0005],[140.8083,-9.0002],[140.7896,-8.9736],[140.7669,-8.9499],[140.7672,-8.9477],[140.7657,-8.9484],[140.7612,-8.945],[140.7476,-8.93],[140.7314,-8.9165],[140.7268,-8.9114],[140.7271,-8.9096],[140.7221,-8.9084],[140.7125,-8.898],[140.7122,-8.8956],[140.7088,-8.8949],[140.7066,-8.891],[140.6871,-8.8797],[140.6629,-8.8589],[140.6555,-8.8513],[140.657,-8.8493],[140.6541,-8.8498],[140.6518,-8.8467],[140.6499,-8.8468],[140.6487,-8.8439],[140.6159,-8.8133],[140.603,-8.798],[140.5979,-8.7906],[140.5945,-8.7804],[140.5799,-8.7542],[140.5293,-8.6876],[140.518,-8.6586],[140.519,-8.6539],[140.5144,-8.647],[140.5089,-8.627],[140.5037,-8.6197],[140.5029,-8.6152],[140.4977,-8.61],[140.4979,-8.6115],[140.496,-8.611],[140.4969,-8.6094],[140.4953,-8.6085],[140.4952,-8.6098],[140.4948,-8.6081],[140.4919,-8.6079],[140.4868,-8.6042],[140.4866,-8.6009],[140.4831,-8.602],[140.4612,-8.588],[140.4565,-8.5841],[140.4567,-8.582],[140.4554,-8.5829],[140.4423,-8.5723],[140.4307,-8.5602],[140.4294,-8.5556],[140.39,-8.5235],[140.3749,-8.508],[140.3649,-8.4938],[140.3613,-8.4832],[140.3555,-8.4748],[140.3461,-8.4701],[140.3389,-8.4712],[140.3313,-8.4675],[140.3038,-8.4472],[140.2608,-8.4097],[140.2429,-8.3913],[140.2291,-8.374],[140.2271,-8.3692],[140.2291,-8.361],[140.2273,-8.3562],[140.1949,-8.3485],[140.1699,-8.3371],[140.1309,-8.3057],[140.1116,-8.2943],[140.0556,-8.2554],[140.0167,-8.2213],[139.9938,-8.2001],[139.9725,-8.1722],[139.9597,-8.1475],[139.9568,-8.1363],[139.9571,-8.1246],[139.9551,-8.1132],[139.9416,-8.1021],[139.9398,-8.1042],[139.9331,-8.1045],[139.9268,-8.1072],[139.9231,-8.1059],[139.9209,-8.1077],[139.9118,-8.1074],[139.9108,-8.106],[139.8827,-8.1088],[139.8674,-8.107],[139.8647,-8.1054],[139.8649,-8.104],[139.8634,-8.106],[139.857,-8.1057],[139.8528,-8.1038],[139.8527,-8.1019],[139.8402,-8.1008],[139.8255,-8.1017],[139.8214,-8.1006],[139.818,-8.1008],[139.821,-8.1016],[139.8185,-8.1022],[139.779,-8.0993],[139.7187,-8.0998],[139.7136,-8.098],[139.7061,-8.1044],[139.6357,-8.117],[139.6104,-8.1256],[139.5997,-8.1277],[139.5971,-8.1268],[139.5974,-8.1289],[139.5956,-8.1292],[139.5844,-8.1299],[139.5805,-8.1358],[139.5858,-8.14],[139.5802,-8.1442],[139.5343,-8.1647],[139.5084,-8.1785],[139.5013,-8.1746],[139.496,-8.1743],[139.4844,-8.1787],[139.4566,-8.1935],[139.3804,-8.2034],[139.3468,-8.2044],[139.3398,-8.2059],[139.316,-8.1967],[139.3093,-8.1899],[139.3074,-8.184],[139.3013,-8.1796],[139.2876,-8.179],[139.2782,-8.1768],[139.271,-8.1669],[139.2514,-8.1508],[139.2511,-8.1432],[139.2423,-8.1348],[139.2397,-8.1272],[139.233,-8.1208],[139.2288,-8.1008],[139.2259,-8.0962],[139.2236,-8.0949],[139.2081,-8.0972],[139.1684,-8.1105],[139.1346,-8.1193],[139.0916,-8.1352],[139.0802,-8.1374],[139.0671,-8.1361],[139.0652,-8.1385],[139.0655,-8.1415],[139.0623,-8.1438],[139.0633,-8.145],[139.0671,-8.1433],[139.0707,-8.1466],[139.0705,-8.1507],[139.0681,-8.153],[139.0624,-8.1561],[139.0609,-8.1549],[139.0601,-8.1578],[139.0574,-8.1594],[139.0548,-8.1595],[139.0512,-8.1627],[139.0418,-8.1661],[139.0303,-8.1731],[139.0273,-8.1729],[139.014,-8.1851],[139.0092,-8.1866],[139.0062,-8.1902],[138.9995,-8.1915],[138.9916,-8.1968],[138.9886,-8.2023],[138.9765,-8.202],[138.9704,-8.2045],[138.9708,-8.2085],[138.9765,-8.214],[138.9788,-8.219],[138.9887,-8.2233],[138.9933,-8.2281],[138.9889,-8.2327],[138.9781,-8.2356],[138.9704,-8.239],[138.9669,-8.2427],[138.9658,-8.2451],[138.9643,-8.2451],[138.9631,-8.2439],[138.9624,-8.2438],[138.9639,-8.2453],[138.9661,-8.2453],[138.9634,-8.2545],[138.9495,-8.2462],[138.9433,-8.2509],[138.9464,-8.2502],[138.9493,-8.2469],[138.9516,-8.2475],[138.9629,-8.2549],[138.9612,-8.2584],[138.9457,-8.2634],[138.9517,-8.2576],[138.9504,-8.2583],[138.9405,-8.2673],[138.9339,-8.2766],[138.9226,-8.2771],[138.9148,-8.2717],[138.9073,-8.2611],[138.9043,-8.2457],[138.9,-8.2364],[138.881,-8.2181],[138.8555,-8.1847],[138.8499,-8.1669],[138.8556,-8.1669],[138.8499,-8.1663],[138.8443,-8.1533],[138.837,-8.1429],[138.8344,-8.1352],[138.8336,-8.1262],[138.836,-8.1132],[138.8432,-8.1016],[138.8621,-8.0897],[138.8765,-8.0866],[138.8836,-8.088],[138.9054,-8.0882],[138.9183,-8.0832],[138.9241,-8.0768],[138.9278,-8.0687],[138.9275,-8.0613],[138.9289,-8.0572],[138.9287,-8.0539],[138.9298,-8.0528],[138.9331,-8.0537],[138.9377,-8.0498],[138.9349,-8.0504],[138.9331,-8.053],[138.929,-8.0527],[138.9279,-8.0546],[138.9286,-8.0576],[138.9272,-8.0604],[138.9244,-8.0519],[138.9229,-8.0507],[138.9259,-8.0492],[138.9238,-8.0469],[138.9263,-8.0472],[138.9268,-8.0461],[138.9233,-8.047],[138.9256,-8.0489],[138.9224,-8.0506],[138.9235,-8.053],[138.9188,-8.0473],[138.9204,-8.0467],[138.9183,-8.0465],[138.9092,-8.0388],[138.9032,-8.0304],[138.9066,-8.0163],[138.9172,-7.9939],[138.9225,-7.9765],[138.9214,-7.9583],[138.909,-7.9317],[138.9133,-7.92],[138.9171,-7.9136],[138.9257,-7.9055],[138.935,-7.8998],[138.9612,-7.8902],[138.9884,-7.8761],[139.0101,-7.8626],[139.0179,-7.8541],[139.0262,-7.8542],[139.0288,-7.8567],[139.0251,-7.8546],[139.0234,-7.8553],[139.0234,-7.856],[139.0249,-7.8564],[139.0237,-7.8555],[139.0254,-7.8549],[139.0269,-7.8574],[139.0312,-7.856],[139.0352,-7.8575],[139.0355,-7.8594],[139.0414,-7.8598],[139.0419,-7.8614],[139.0438,-7.8621],[139.0473,-7.8607],[139.0441,-7.8616],[139.0415,-7.8592],[139.0362,-7.8592],[139.0356,-7.8558],[139.037,-7.855],[139.0366,-7.8562],[139.0376,-7.8566],[139.0374,-7.8544],[139.0363,-7.8545],[139.0346,-7.8568],[139.0323,-7.8549],[139.0293,-7.8556],[139.0259,-7.8536],[139.0185,-7.8528],[139.0239,-7.8403],[139.0251,-7.8296],[139.0224,-7.8114],[139.0154,-7.7871],[139.0146,-7.7654],[139.019,-7.7493],[139.032,-7.7293],[139.0334,-7.7304],[139.032,-7.7314],[139.0322,-7.7341],[139.0328,-7.7317],[139.0349,-7.7323],[139.0325,-7.7283],[139.048,-7.7102],[139.0546,-7.6965],[139.0562,-7.6893],[139.0579,-7.6893],[139.0578,-7.6917],[139.0641,-7.6914],[139.0658,-7.6853],[139.0682,-7.6829],[139.0713,-7.6852],[139.0753,-7.6853],[139.0746,-7.6841],[139.0716,-7.6848],[139.0685,-7.6821],[139.0654,-7.6847],[139.0634,-7.6907],[139.0589,-7.69],[139.0563,-7.6877],[139.0584,-7.6563],[139.0624,-7.6423],[139.0674,-7.6324],[139.0727,-7.6262],[139.1065,-7.601],[139.116,-7.6135],[139.1082,-7.6205],[139.1097,-7.6296],[139.1096,-7.6304],[139.1084,-7.6294],[139.1073,-7.6302],[139.1086,-7.6319],[139.1048,-7.6292],[139.104,-7.6297],[139.104,-7.6328],[139.1019,-7.6327],[139.1043,-7.6332],[139.1051,-7.6297],[139.1086,-7.6324],[139.1087,-7.6301],[139.1105,-7.6358],[139.108,-7.6362],[139.1071,-7.6376],[139.1128,-7.6372],[139.1141,-7.6467],[139.1112,-7.6481],[139.1023,-7.6468],[139.0972,-7.6482],[139.096,-7.651],[139.0907,-7.6522],[139.0923,-7.6685],[139.0892,-7.6674],[139.0874,-7.6681],[139.0855,-7.6658],[139.0872,-7.6685],[139.093,-7.6692],[139.0928,-7.6717],[139.0975,-7.6712],[139.0936,-7.6702],[139.0929,-7.6685],[139.0912,-7.6532],[139.0958,-7.6519],[139.102,-7.6477],[139.1113,-7.6491],[139.1135,-7.6523],[139.119,-7.6556],[139.1213,-7.6554],[139.1222,-7.6578],[139.1247,-7.6595],[139.1217,-7.655],[139.1144,-7.6519],[139.1124,-7.649],[139.1168,-7.648],[139.1169,-7.6433],[139.119,-7.6415],[139.1207,-7.6421],[139.1227,-7.6405],[139.1255,-7.6423],[139.1277,-7.6395],[139.1308,-7.6396],[139.1279,-7.6387],[139.1257,-7.6412],[139.1228,-7.64],[139.1186,-7.641],[139.1166,-7.6427],[139.1155,-7.6473],[139.1143,-7.6367],[139.1107,-7.6336],[139.1115,-7.6275],[139.1102,-7.6206],[139.1172,-7.6137],[139.1191,-7.6166],[139.123,-7.6196],[139.1272,-7.6173],[139.131,-7.6178],[139.1279,-7.6259],[139.1285,-7.627],[139.1314,-7.6284],[139.1284,-7.6255],[139.1324,-7.6155],[139.1337,-7.6146],[139.1356,-7.6106],[139.1383,-7.6112],[139.1401,-7.6096],[139.1354,-7.6101],[139.1312,-7.6169],[139.1268,-7.6167],[139.1236,-7.619],[139.1194,-7.616],[139.1084,-7.6],[139.1089,-7.595],[139.111,-7.5954],[139.1152,-7.5943],[139.1203,-7.5912],[139.1122,-7.5947],[139.109,-7.5941],[139.1127,-7.5933],[139.1092,-7.5921],[139.1103,-7.5719],[139.1128,-7.5766],[139.1215,-7.5802],[139.1238,-7.5846],[139.1222,-7.5803],[139.1134,-7.5757],[139.1128,-7.5698],[139.1158,-7.5665],[139.1246,-7.5654],[139.1324,-7.5586],[139.1349,-7.563],[139.1438,-7.5681],[139.1425,-7.572],[139.1369,-7.5719],[139.1337,-7.5767],[139.1332,-7.5802],[139.1366,-7.5835],[139.137,-7.5883],[139.1394,-7.5895],[139.1457,-7.5872],[139.1533,-7.5882],[139.1529,-7.5943],[139.155,-7.6006],[139.1575,-7.6045],[139.1611,-7.6055],[139.1618,-7.61],[139.1634,-7.611],[139.1617,-7.6054],[139.1574,-7.6041],[139.1554,-7.6001],[139.1535,-7.5944],[139.1541,-7.5882],[139.1454,-7.5867],[139.1391,-7.5889],[139.1375,-7.5877],[139.1369,-7.5828],[139.1344,-7.581],[139.1343,-7.5773],[139.1368,-7.5731],[139.1425,-7.5728],[139.1444,-7.5708],[139.1444,-7.5672],[139.1426,-7.5649],[139.1451,-7.5637],[139.1431,-7.5601],[139.1438,-7.5595],[139.1443,-7.5618],[139.1462,-7.5619],[139.1448,-7.5615],[139.1443,-7.5593],[139.1433,-7.5591],[139.1426,-7.5611],[139.1447,-7.5637],[139.1424,-7.5645],[139.1419,-7.5657],[139.134,-7.5609],[139.1358,-7.5511],[139.1353,-7.5387],[139.1372,-7.5354],[139.1454,-7.5352],[139.1513,-7.5303],[139.1516,-7.5262],[139.1463,-7.5183],[139.1474,-7.5138],[139.1494,-7.5133],[139.155,-7.5172],[139.1555,-7.5198],[139.1568,-7.5199],[139.1588,-7.5173],[139.1591,-7.5193],[139.1598,-7.517],[139.1583,-7.5172],[139.1567,-7.5194],[139.1553,-7.5177],[139.1593,-7.5109],[139.1738,-7.5052],[139.1743,-7.4969],[139.1797,-7.4932],[139.1779,-7.493],[139.1766,-7.4864],[139.1785,-7.4818],[139.1953,-7.4768],[139.2018,-7.48],[139.214,-7.4792],[139.2074,-7.4785],[139.2052,-7.4797],[139.1959,-7.4764],[139.1983,-7.4757],[139.1988,-7.4741],[139.2006,-7.4747],[139.2018,-7.474],[139.2021,-7.4725],[139.2036,-7.4729],[139.2051,-7.472],[139.2067,-7.469],[139.2044,-7.4722],[139.2016,-7.4723],[139.2012,-7.474],[139.1991,-7.4734],[139.1972,-7.4757],[139.1964,-7.4748],[139.1897,-7.4777],[139.1845,-7.4782],[139.1824,-7.4745],[139.1841,-7.4786],[139.1756,-7.4831],[139.1768,-7.4924],[139.1727,-7.4969],[139.1731,-7.5043],[139.1584,-7.5099],[139.1551,-7.5153],[139.1485,-7.5117],[139.1495,-7.5077],[139.1479,-7.5103],[139.1451,-7.5056],[139.1422,-7.505],[139.1439,-7.5033],[139.1442,-7.5016],[139.144,-7.501],[139.1434,-7.5034],[139.1415,-7.5043],[139.1425,-7.5057],[139.1449,-7.5062],[139.1478,-7.5111],[139.1448,-7.5152],[139.1447,-7.518],[139.1494,-7.5253],[139.1499,-7.5291],[139.1454,-7.5336],[139.1378,-7.5332],[139.1349,-7.5352],[139.1329,-7.5553],[139.1248,-7.5629],[139.1146,-7.5645],[139.1098,-7.5685],[139.1062,-7.5497],[139.0959,-7.5359],[139.086,-7.5287],[139.0511,-7.5158],[139.0347,-7.5148],[139.0335,-7.513],[139.0325,-7.5151],[139.0093,-7.5158],[138.978,-7.5222],[138.9675,-7.5208],[138.9629,-7.5177],[138.9582,-7.5115],[138.9489,-7.4906],[138.949,-7.4875],[138.9465,-7.4847],[138.9475,-7.4838],[138.9455,-7.4821],[138.9427,-7.471],[138.9433,-7.4671],[138.9417,-7.4665],[138.9371,-7.4483],[138.9222,-7.4089],[138.9206,-7.3965],[138.9164,-7.3907],[138.9156,-7.3859],[138.9125,-7.3838],[138.9123,-7.3803],[138.9051,-7.367],[138.9069,-7.3651],[138.9011,-7.3588],[138.9001,-7.3552],[138.89,-7.3412],[138.8768,-7.3278],[138.8729,-7.326],[138.87,-7.3213],[138.8553,-7.3105],[138.8407,-7.3068],[138.8323,-7.3024],[138.8359,-7.2991],[138.8415,-7.2972],[138.8427,-7.2947],[138.8424,-7.2875],[138.8454,-7.291],[138.8487,-7.2932],[138.851,-7.2985],[138.8517,-7.2987],[138.8527,-7.298],[138.8553,-7.29],[138.8515,-7.2981],[138.849,-7.2928],[138.842,-7.287],[138.8416,-7.296],[138.8341,-7.2994],[138.8307,-7.3027],[138.813,-7.2978],[138.8127,-7.2964],[138.7991,-7.2902],[138.7929,-7.2817],[138.7682,-7.2599],[138.7713,-7.2639],[138.7363,-7.2519],[138.7262,-7.2448],[138.713,-7.2391],[138.7116,-7.2371],[138.7113,-7.2382],[138.7023,-7.2366],[138.6904,-7.2327],[138.6736,-7.2228],[138.6673,-7.2142],[139.8287,-7.4539],[140.8483,-6.6182],[140.8538,-6.6194],[140.8701,-6.6184],[140.8743,-6.6202],[140.8761,-6.6223],[140.8659,-6.6219],[140.8547,-6.6332],[140.8553,-6.6369],[140.8579,-6.6382],[140.8548,-6.6441],[140.8557,-6.6467],[140.8596,-6.6493],[140.858,-6.653],[140.8614,-6.6588],[140.8593,-6.6625],[140.8598,-6.6647],[140.8629,-6.6692],[140.8688,-6.6734],[140.87,-6.6772],[140.8629,-6.6826],[140.8484,-6.68],[140.8453,-6.6813],[140.8449,-6.6836],[140.8517,-6.6961],[140.8529,-6.7068],[140.8522,-6.71],[140.8452,-6.7188],[140.8465,-6.7223],[140.8521,-6.726],[140.863,-6.7305],[140.8736,-6.7327],[140.8767,-6.7384],[140.8854,-6.7406],[140.8858,-6.7442],[140.8778,-6.7566],[140.8653,-6.7617],[140.8623,-6.775],[140.8581,-6.7806],[140.868,-6.7903],[140.8728,-6.7994],[140.8816,-6.8001],[140.8851,-6.8027],[140.8852,-6.8102],[140.8871,-6.8131],[140.8903,-6.8135],[140.9034,-6.8069],[140.9036,-6.8126],[140.895,-6.828],[140.8904,-6.832],[140.8852,-6.8323],[140.8842,-6.836],[140.8953,-6.847],[140.8978,-6.8564],[140.9084,-6.8588],[140.9102,-6.8611],[140.9145,-6.8731],[140.9175,-6.8737],[140.9224,-6.8708],[140.9291,-6.8717],[140.926,-6.8785],[140.9339,-6.8887],[140.9364,-6.8957],[140.9382,-6.8968],[140.9399,-6.8936],[140.9499,-6.9015],[140.952,-6.9096],[140.9548,-6.9119],[140.9562,-6.912],[140.9586,-6.9085],[140.9599,-6.8967],[140.9691,-6.8907],[140.9736,-6.8913],[140.9768,-6.8985],[140.9807,-6.9023],[140.9889,-6.9048],[140.9977,-6.9026],[141.0,-6.8899],[141.0194,-6.8899],[141.0193,-7.329],[140.9939,-7.3297],[141.0008,-7.5751],[141.0193,-7.5735],[141.0192,-7.7654],[141.0059,-7.7681],[141.0118,-7.9999],[141.0103,-8.2986],[141.0191,-8.2988],[141.0191,-8.5285],[141.0092,-8.5267],[141.0061,-9.1167]]]}},{"type":"Feature","properties":{"name":"Mimika","name_en":"Mimika","admin_level":"5","osm_id":""},"geometry":{"type":"Polygon","coordinates":[[[137.6561,-5.0393],[137.6534,-5.0408],[137.6503,-5.0488],[137.6426,-5.0543],[137.6412,-5.062],[137.6332,-5.0745],[137.628,-5.0784],[137.6185,-5.078],[137.6119,-5.0801],[137.6022,-5.0871],[137.6018,-5.1014],[137.6064,-5.1069],[137.6266,-5.1164],[137.6311,-5.1223],[137.6297,-5.1299],[137.6203,-5.1362],[137.606,-5.139],[137.5869,-5.1355],[137.5768,-5.1359],[137.5549,-5.1469],[137.5532,-5.1428],[137.5479,-5.1415],[137.5408,-5.1368],[137.5331,-5.1343],[137.5212,-5.1338],[137.5144,-5.1418],[137.4971,-5.1458],[137.4895,-5.136],[137.4864,-5.1348],[137.4768,-5.1238],[137.474,-5.1157],[137.4603,-5.1097],[137.4485,-5.0985],[137.444,-5.0973],[137.4388,-5.0986],[137.4326,-5.1176],[137.4198,-5.1253],[137.4176,-5.1238],[137.4126,-5.1106],[137.4086,-5.1089],[137.3954,-5.1081],[137.3843,-5.0972],[137.3652,-5.0849],[137.362,-5.0786],[137.3403,-5.0579],[137.3375,-5.0516],[137.3372,-5.0451],[137.3286,-5.0298],[137.3065,-5.0128],[137.2973,-5.0116],[137.2913,-5.0127],[137.288,-5.0171],[137.2875,-5.0236],[137.2815,-5.0238],[137.2551,-5.009],[137.2355,-4.9892],[137.2289,-4.9844],[137.2154,-4.9808],[137.2105,-4.982],[137.2035,-4.9933],[137.1997,-4.9969],[137.1849,-4.999],[137.1866,-5.0015],[137.185,-5.0032],[137.185,-5.008],[137.1798,-5.0077],[137.1742,-5.0048],[137.1706,-4.9967],[137.1558,-4.9834],[137.1509,-4.9745],[137.1276,-4.9681],[137.1228,-4.962],[137.1157,-4.9608],[137.1116,-4.9626],[137.1124,-4.9673],[137.1082,-4.9742],[137.0919,-4.9737],[137.0578,-4.9392],[137.0582,-4.9368],[137.065,-4.929],[137.0626,-4.9218],[137.0585,-4.9185],[137.0471,-4.9209],[137.0423,-4.9241],[137.034,-4.9213],[137.0249,-4.9231],[137.0136,-4.9327],[137.0046,-4.9369],[136.994,-4.9356],[136.9844,-4.9322],[136.9795,-4.9383],[136.9762,-4.939],[136.9672,-4.9289],[136.9671,-4.9232],[136.964,-4.9234],[136.9464,-4.9101],[136.9335,-4.9044],[136.9247,-4.8964],[136.924,-4.892],[136.9295,-4.8766],[136.9301,-4.8666],[136.9266,-4.8608],[136.9267,-4.8581],[136.9235,-4.856],[136.9179,-4.8593],[136.9157,-4.8701],[136.9114,-4.8738],[136.9092,-4.8729],[136.9054,-4.8742],[136.8917,-4.8868],[136.8839,-4.89],[136.8763,-4.8901],[136.868,-4.8993],[136.8627,-4.8983],[136.8611,-4.9009],[136.8522,-4.9024],[136.8443,-4.9068],[136.8381,-4.9057],[136.8388,-4.9068],[136.8372,-4.9085],[136.8342,-4.9083],[136.8358,-4.9095],[136.8342,-4.9121],[136.8303,-4.9134],[136.8274,-4.9112],[136.8282,-4.9093],[136.8202,-4.9065],[136.8057,-4.8966],[136.7977,-4.8938],[136.7933,-4.8885],[136.7902,-4.8879],[136.7896,-4.8829],[136.7932,-4.8765],[136.7919,-4.8677],[136.7884,-4.8645],[136.7852,-4.8635],[136.7782,-4.8692],[136.7724,-4.8667],[136.7692,-4.8629],[136.7624,-4.8612],[136.7543,-4.8638],[136.7538,-4.8696],[136.752,-4.8728],[136.7422,-4.8721],[136.7348,-4.8694],[136.7201,-4.856],[136.7088,-4.8513],[136.7059,-4.8479],[136.7047,-4.8495],[136.6961,-4.8408],[136.6911,-4.8423],[136.6896,-4.8451],[136.678,-4.8466],[136.6736,-4.8422],[136.6667,-4.8387],[136.6553,-4.8346],[136.6431,-4.8332],[136.633,-4.8268],[136.5981,-4.8095],[136.595,-4.8098],[136.5689,-4.7983],[136.5635,-4.7917],[136.5502,-4.7886],[136.546,-4.7904],[136.5407,-4.7879],[136.5323,-4.7823],[136.5362,-4.7767],[136.5343,-4.7727],[136.5286,-4.7705],[136.5217,-4.7718],[136.5181,-4.7709],[136.512,-4.7624],[136.4959,-4.751],[136.496,-4.7479],[136.4876,-4.7442],[136.4874,-4.7391],[136.482,-4.7427],[136.4711,-4.7416],[136.465,-4.7397],[136.4632,-4.7364],[136.4578,-4.7347],[136.4517,-4.7353],[136.4482,-4.7399],[136.444,-4.7392],[136.4443,-4.7323],[136.4397,-4.733],[136.437,-4.7316],[136.4271,-4.7216],[136.4223,-4.719],[136.4111,-4.7058],[136.4034,-4.7014],[136.3963,-4.7009],[136.3903,-4.694],[136.3544,-4.6744],[136.3379,-4.6689],[136.3236,-4.6662],[136.3215,-4.6636],[136.3111,-4.6588],[136.3049,-4.6618],[136.2949,-4.6737],[136.2854,-4.6676],[136.2762,-4.6682],[136.2702,-4.6657],[136.2603,-4.6653],[136.2576,-4.6626],[136.253,-4.6626],[136.2539,-4.6646],[136.2315,-4.6624],[136.2289,-4.6605],[136.2276,-4.6538],[136.2216,-4.6512],[136.2134,-4.6508],[136.2128,-4.653],[136.2106,-4.6528],[136.2086,-4.655],[136.2083,-4.659],[136.2006,-4.6516],[136.1909,-4.6452],[136.158,-4.6329],[136.1417,-4.6318],[136.1332,-4.6227],[136.1291,-4.6206],[136.1203,-4.619],[136.1146,-4.6215],[136.1114,-4.6213],[136.1003,-4.6121],[136.096,-4.6063],[136.0936,-4.5995],[136.0827,-4.5961],[136.0703,-4.5884],[136.0594,-4.5891],[136.0517,-4.5864],[136.0452,-4.5796],[136.0373,-4.5781],[136.0258,-4.5665],[136.0131,-4.5571],[135.9873,-4.5451],[135.9824,-4.5371],[135.9742,-4.5324],[135.9712,-4.5283],[135.9664,-4.5265],[135.9652,-4.5276],[135.9675,-4.53],[135.9615,-4.5294],[135.9588,-4.5271],[135.954,-4.5152],[135.948,-4.5059],[135.9236,-4.4914],[135.9048,-4.4869],[135.8432,-4.4837],[135.7955,-4.4852],[135.789,-4.484],[135.7814,-4.487],[135.7542,-4.4897],[135.7467,-4.4879],[135.7378,-4.4952],[135.7185,-4.4973],[135.7178,-4.4936],[135.7123,-4.4938],[135.7108,-4.4957],[135.7005,-4.4893],[135.6646,-4.4824],[135.6631,-4.4804],[135.6606,-4.4801],[135.6603,-4.4781],[135.6599,-4.4808],[135.6625,-4.4818],[135.6348,-4.4781],[135.6293,-4.4754],[135.6283,-4.4764],[135.5955,-4.4725],[135.5804,-4.4636],[135.5466,-4.4541],[135.506,-4.4452],[135.4424,-4.4369],[135.4158,-4.4362],[135.4091,-4.433],[135.4067,-4.4335],[135.4053,-4.436],[135.383,-4.4361],[135.356,-4.4394],[135.3465,-4.4372],[135.343,-4.4422],[135.3386,-4.445],[135.3262,-4.4423],[135.2902,-4.4447],[135.2356,-4.4604],[135.2075,-4.4657],[135.205,-4.4644],[135.2066,-4.4603],[135.2042,-4.4579],[135.2035,-4.4623],[135.1988,-4.4632],[135.189,-4.4535],[135.1376,-4.4252],[135.1373,-4.4231],[135.1288,-4.4213],[135.112,-4.4084],[135.097,-4.4087],[135.088,-4.4021],[135.0924,-4.4031],[135.0945,-4.4018],[135.0909,-4.4024],[135.0806,-4.3958],[135.0791,-4.3957],[135.0848,-4.4001],[135.0627,-4.3874],[135.06,-4.384],[135.0647,-4.3843],[135.068,-4.3818],[135.069,-4.3825],[135.0674,-4.385],[135.07,-4.386],[135.0715,-4.3892],[135.0728,-4.3872],[135.07,-4.3769],[135.0658,-4.3762],[135.0646,-4.3737],[135.0595,-4.3731],[135.0586,-4.3768],[135.0552,-4.3779],[135.0405,-4.3755],[135.0369,-4.3718],[135.0368,-4.3672],[135.0331,-4.3626],[135.0214,-4.3541],[135.022,-4.3447],[135.018,-4.344],[135.0147,-4.3411],[135.0184,-4.3477],[135.0117,-4.3504],[134.9818,-4.333],[134.9625,-4.327],[134.9552,-4.3231],[134.9387,-4.3116],[134.9302,-4.3032],[134.9283,-4.2984],[134.932,-4.2962],[134.9326,-4.2912],[134.9257,-4.2808],[134.9117,-4.2666],[134.9043,-4.2634],[134.8974,-4.257],[134.8857,-4.2518],[134.8699,-4.2518],[134.8748,-4.2467],[134.8899,-4.2215],[134.9232,-4.1831],[134.9794,-4.1302],[135.0021,-4.1058],[135.0263,-4.0753],[135.0473,-4.0453],[135.0631,-4.1445],[135.0659,-4.1491],[135.2985,-4.156],[135.2985,-4.1602],[135.3257,-4.1702],[135.3355,-4.1779],[135.3455,-4.1755],[135.3564,-4.1692],[135.3645,-4.1578],[135.3982,-4.1608],[135.4224,-4.1765],[135.4413,-4.1925],[135.4513,-4.1917],[135.4959,-4.2015],[135.5249,-4.203],[135.5597,-4.2078],[135.5865,-4.2079],[135.5963,-4.2064],[135.6112,-4.2164],[135.6178,-4.2189],[135.6488,-4.2161],[135.6712,-4.203],[135.6772,-4.1925],[135.6869,-4.1905],[135.6918,-4.1914],[135.7066,-4.2031],[135.7392,-4.2102],[135.746,-4.2135],[135.7521,-4.2142],[135.7751,-4.2081],[135.7825,-4.2076],[135.7861,-4.2089],[135.7957,-4.2209],[135.7993,-4.2229],[135.8135,-4.2256],[135.8605,-4.2288],[135.8889,-4.2269],[135.9046,-4.2314],[135.9174,-4.2278],[135.9321,-4.2268],[135.9572,-4.2279],[135.9632,-4.2312],[135.9718,-4.2429],[135.9845,-4.256],[135.9867,-4.256],[135.9899,-4.2524],[136.0065,-4.257],[136.011,-4.262],[136.0155,-4.2591],[136.0321,-4.263],[136.0352,-4.2621],[136.0363,-4.259],[136.0447,-4.2605],[136.0502,-4.2589],[136.0535,-4.2607],[136.0527,-4.2651],[136.0708,-4.2761],[136.0692,-4.2717],[136.0732,-4.2635],[136.0817,-4.2628],[136.0946,-4.2543],[136.1189,-4.2575],[136.1259,-4.2546],[136.1398,-4.2424],[136.1494,-4.2387],[136.1561,-4.2377],[136.1744,-4.2388],[136.1861,-4.2429],[136.2063,-4.2585],[136.2169,-4.2634],[136.2294,-4.274],[136.2418,-4.2909],[136.2491,-4.2958],[136.2538,-4.2941],[136.2637,-4.2844],[136.2655,-4.2744],[136.2654,-4.262],[136.2683,-4.2591],[136.2782,-4.2635],[136.294,-4.2643],[136.308,-4.2718],[136.3286,-4.2721],[136.3312,-4.2736],[136.3379,-4.2915],[136.3422,-4.2964],[136.3657,-4.2962],[136.3799,-4.2893],[136.3842,-4.2951],[136.3922,-4.2997],[136.425,-4.2937],[136.4275,-4.2982],[136.4255,-4.3019],[136.4264,-4.3083],[136.4252,-4.3153],[136.4276,-4.3192],[136.4433,-4.3141],[136.4462,-4.3089],[136.453,-4.3113],[136.4588,-4.3154],[136.4628,-4.3095],[136.4644,-4.3103],[136.465,-4.3138],[136.4703,-4.3162],[136.4749,-4.3152],[136.4863,-4.3169],[136.4895,-4.3127],[136.5045,-4.3136],[136.5097,-4.3098],[136.5156,-4.3106],[136.5178,-4.3065],[136.5233,-4.3097],[136.5262,-4.3059],[136.5304,-4.3044],[136.5304,-4.2986],[136.5356,-4.2962],[136.5367,-4.2937],[136.5359,-4.2918],[136.5306,-4.2923],[136.5254,-4.2878],[136.5263,-4.2832],[136.524,-4.2781],[136.524,-4.2713],[136.5179,-4.2678],[136.508,-4.2549],[136.506,-4.2331],[136.5,-4.2246],[136.4899,-4.2174],[136.489,-4.2128],[136.5014,-4.2117],[136.5452,-4.2134],[136.5822,-4.2126],[136.6218,-4.2176],[136.6706,-4.2176],[136.703,-4.1894],[136.7263,-4.1464],[136.7307,-4.1265],[136.8241,-4.1382],[136.9719,-4.1254],[137.1245,-4.0207],[137.204,-4.0237],[137.2914,-4.032],[137.3205,-4.161],[137.4502,-4.1651],[137.4867,-4.1634],[137.6784,-4.1723],[137.668,-4.4336],[137.6646,-4.4735],[137.6498,-4.4912],[137.6277,-4.5222],[137.6144,-4.5488],[137.5966,-4.5724],[137.5789,-4.5842],[137.5686,-4.6152],[137.5775,-4.6521],[137.6144,-4.7303],[137.6513,-4.7908],[137.6882,-4.8189],[137.7369,-4.8336],[137.8136,-4.8941],[137.8151,-4.9443],[137.7915,-4.9709],[137.7634,-4.9901],[137.7059,-5.0225],[137.6793,-5.0329],[137.6561,-5.0393]]]}},{"type":"Feature","properties":{"name":"Nabire","name_en":"Nabire","admin_level":"5","osm_id":""},"geometry":{"type":"Polygon","coordinates":[[[135.5393,-3.9222],[135.5243,-3.9079],[135.5114,-3.9],[135.5035,-3.8929],[135.4619,-3.8671],[135.4476,-3.8656],[135.439,-3.8678],[135.4067,-3.862],[135.3988,-3.8671],[135.3773,-3.8663],[135.282,-3.8398],[135.2028,-3.8199],[135.258,-3.7519],[135.1636,-3.7268],[135.1173,-3.7031],[135.0445,-3.6754],[134.9837,-3.6562],[134.8887,-3.631],[134.7483,-3.5797],[134.6359,-3.5426],[134.7268,-3.4086],[134.7259,-3.3638],[134.7035,-3.3455],[134.6298,-2.7416],[134.6309,-2.7416],[134.6244,-2.6997],[134.5985,-2.4864],[134.6145,-2.4891],[134.6209,-2.4878],[134.6228,-2.485],[134.6223,-2.4795],[134.6297,-2.4777],[134.6338,-2.48],[134.6352,-2.4846],[134.6301,-2.4864],[134.6301,-2.4937],[134.632,-2.4974],[134.6425,-2.5049],[134.6428,-2.5164],[134.6463,-2.5193],[134.6478,-2.5272],[134.6501,-2.5287],[134.6522,-2.534],[134.6539,-2.5742],[134.6572,-2.5777],[134.6569,-2.5871],[134.6589,-2.5889],[134.6604,-2.5956],[134.6584,-2.6053],[134.6628,-2.6132],[134.661,-2.6206],[134.6628,-2.6244],[134.6589,-2.6329],[134.6607,-2.6514],[134.6581,-2.6537],[134.6572,-2.6576],[134.6566,-2.6643],[134.6581,-2.6681],[134.6557,-2.6766],[134.6601,-2.6945],[134.6569,-2.7004],[134.6601,-2.7204],[134.6586,-2.7427],[134.6618,-2.757],[134.657,-2.7711],[134.6579,-2.775],[134.6651,-2.7841],[134.6653,-2.7913],[134.6701,-2.8068],[134.6674,-2.8129],[134.6622,-2.8155],[134.6614,-2.8248],[134.6665,-2.8556],[134.6658,-2.8583],[134.6685,-2.8659],[134.6779,-2.8783],[134.6822,-2.8874],[134.6912,-2.8962],[134.691,-2.9076],[134.6801,-2.9107],[134.6769,-2.9205],[134.6807,-2.9264],[134.6915,-2.9341],[134.6946,-2.9451],[134.694,-2.9536],[134.6887,-2.9637],[134.689,-2.9668],[134.6935,-2.9711],[134.7006,-2.9744],[134.7297,-2.9804],[134.7347,-2.9834],[134.7397,-2.9904],[134.7453,-2.9893],[134.7511,-2.9928],[134.7582,-2.9929],[134.7691,-2.9907],[134.7768,-2.986],[134.7781,-2.9825],[134.777,-2.9746],[134.7787,-2.9662],[134.7754,-2.9508],[134.7775,-2.9409],[134.7826,-2.9441],[134.7865,-2.9408],[134.7868,-2.9441],[134.7895,-2.9452],[134.7912,-2.9439],[134.7977,-2.9509],[134.8026,-2.949],[134.8065,-2.9419],[134.8106,-2.9427],[134.8186,-2.9398],[134.8208,-2.9361],[134.8198,-2.935],[134.8037,-2.9317],[134.806,-2.9275],[134.8067,-2.9218],[134.8069,-2.9148],[134.8045,-2.9113],[134.8181,-2.9142],[134.8239,-2.9179],[134.8317,-2.9131],[134.8331,-2.9104],[134.832,-2.9064],[134.8302,-2.9051],[134.8259,-2.9055],[134.8242,-2.9001],[134.8254,-2.8972],[134.8248,-2.8921],[134.8269,-2.8881],[134.8263,-2.8822],[134.8295,-2.8806],[134.8305,-2.8778],[134.8342,-2.8863],[134.8412,-2.8938],[134.8443,-2.8933],[134.8447,-2.8896],[134.8525,-2.8856],[134.8529,-2.8872],[134.8468,-2.8929],[134.8462,-2.8988],[134.8484,-2.9124],[134.8522,-2.9163],[134.8488,-2.9149],[134.8453,-2.9215],[134.8479,-2.9297],[134.8458,-2.9346],[134.8422,-2.9376],[134.8416,-2.9407],[134.8437,-2.9451],[134.8477,-2.9474],[134.8469,-2.9502],[134.8497,-2.9539],[134.8473,-2.9565],[134.8449,-2.9554],[134.8402,-2.9589],[134.8371,-2.958],[134.8332,-2.9597],[134.8315,-2.9683],[134.841,-2.9785],[134.8406,-2.9817],[134.8448,-2.9871],[134.8496,-2.9885],[134.8501,-2.9948],[134.8529,-3.0016],[134.8518,-3.0026],[134.8472,-3.0012],[134.8413,-3.0064],[134.8339,-3.0063],[134.8308,-3.0089],[134.8305,-3.0123],[134.8271,-3.0142],[134.8191,-3.012],[134.8181,-3.0152],[134.8196,-3.0178],[134.8171,-3.0179],[134.8129,-3.0222],[134.8128,-3.0362],[134.8111,-3.0384],[134.8176,-3.0508],[134.8163,-3.0539],[134.8138,-3.0529],[134.811,-3.0556],[134.8142,-3.0605],[134.8103,-3.0629],[134.8147,-3.0688],[134.8189,-3.0672],[134.8181,-3.0703],[134.8216,-3.0758],[134.8208,-3.0789],[134.8279,-3.088],[134.8287,-3.0935],[134.825,-3.086],[134.8198,-3.0812],[134.8154,-3.0803],[134.813,-3.0818],[134.8111,-3.091],[134.8134,-3.0949],[134.8122,-3.0977],[134.8143,-3.101],[134.8161,-3.1003],[134.8183,-3.1052],[134.8157,-3.1051],[134.8138,-3.103],[134.8098,-3.1038],[134.8119,-3.1075],[134.8079,-3.1189],[134.8151,-3.1194],[134.8079,-3.1243],[134.8037,-3.1237],[134.8,-3.1314],[134.8037,-3.1361],[134.8108,-3.1329],[134.8128,-3.136],[134.8171,-3.1342],[134.8238,-3.1347],[134.8282,-3.1247],[134.8316,-3.1251],[134.838,-3.1362],[134.8375,-3.1396],[134.8539,-3.1501],[134.8549,-3.1512],[134.8539,-3.1533],[134.8558,-3.1526],[134.859,-3.1556],[134.8594,-3.1596],[134.8622,-3.1588],[134.8657,-3.1672],[134.862,-3.1778],[134.865,-3.1825],[134.8633,-3.1857],[134.8571,-3.1874],[134.8553,-3.1899],[134.8487,-3.1925],[134.8508,-3.1951],[134.8545,-3.195],[134.8545,-3.1969],[134.8509,-3.2],[134.8511,-3.2065],[134.8553,-3.2079],[134.8541,-3.2093],[134.8563,-3.2142],[134.8554,-3.218],[134.8585,-3.2255],[134.8613,-3.2272],[134.8634,-3.2188],[134.8626,-3.2152],[134.8662,-3.2167],[134.867,-3.2149],[134.8653,-3.2075],[134.8665,-3.2042],[134.8679,-3.2033],[134.8725,-3.2062],[134.8748,-3.2159],[134.8703,-3.2165],[134.8696,-3.2232],[134.8709,-3.2249],[134.8751,-3.2252],[134.8705,-3.2282],[134.8689,-3.2321],[134.8635,-3.231],[134.8633,-3.2359],[134.8607,-3.2357],[134.8601,-3.2425],[134.8624,-3.2446],[134.8603,-3.2491],[134.8638,-3.252],[134.8709,-3.2516],[134.8775,-3.2466],[134.8785,-3.2503],[134.8877,-3.2588],[134.9077,-3.2588],[134.9111,-3.2608],[134.9155,-3.261],[134.9156,-3.2626],[134.9194,-3.262],[134.9247,-3.2637],[134.9286,-3.2698],[134.9345,-3.2717],[134.9386,-3.2698],[134.9297,-3.2603],[134.9274,-3.2557],[134.9172,-3.2478],[134.9168,-3.2442],[134.9235,-3.2423],[134.9261,-3.2374],[134.9342,-3.241],[134.9399,-3.2458],[134.9471,-3.2474],[134.9556,-3.2449],[134.958,-3.242],[134.9568,-3.2352],[134.9529,-3.2257],[134.9497,-3.2233],[134.9515,-3.2214],[134.9603,-3.2252],[134.9649,-3.2325],[134.963,-3.2411],[134.9634,-3.2476],[134.9569,-3.246],[134.9524,-3.248],[134.955,-3.254],[134.9517,-3.2572],[134.9496,-3.2643],[134.9532,-3.271],[134.9518,-3.2723],[134.9494,-3.2716],[134.9453,-3.277],[134.9452,-3.2843],[134.9501,-3.288],[134.9542,-3.2944],[134.9595,-3.2966],[134.9637,-3.3068],[134.9679,-3.3096],[134.9723,-3.3159],[134.9805,-3.3216],[134.9852,-3.3283],[135.001,-3.3364],[135.0105,-3.3391],[135.0224,-3.3402],[135.0322,-3.3375],[135.0327,-3.3359],[135.0343,-3.3363],[135.0412,-3.3322],[135.045,-3.3331],[135.0484,-3.3294],[135.0528,-3.3301],[135.059,-3.3354],[135.0698,-3.3346],[135.09,-3.348],[135.0911,-3.3524],[135.0957,-3.3591],[135.0975,-3.3595],[135.0981,-3.3731],[135.1003,-3.3732],[135.1035,-3.3766],[135.1071,-3.3761],[135.1128,-3.3818],[135.1226,-3.3808],[135.1254,-3.3791],[135.1317,-3.3806],[135.1511,-3.3708],[135.1664,-3.3708],[135.174,-3.3753],[135.2042,-3.3813],[135.2113,-3.3802],[135.2176,-3.3771],[135.2396,-3.3758],[135.2852,-3.3844],[135.2852,-3.3857],[135.2906,-3.3846],[135.3115,-3.3866],[135.3254,-3.3903],[135.3252,-3.3932],[135.3287,-3.3954],[135.3358,-3.3961],[135.3436,-3.3948],[135.3482,-3.3893],[135.3594,-3.3857],[135.3865,-3.3807],[135.4131,-3.3674],[135.4159,-3.368],[135.4211,-3.3658],[135.4512,-3.3762],[135.4507,-3.3787],[135.4549,-3.3777],[135.4516,-3.3776],[135.4525,-3.3766],[135.4721,-3.3726],[135.4883,-3.3631],[135.4902,-3.3659],[135.4897,-3.3627],[135.504,-3.3561],[135.5104,-3.3453],[135.5352,-3.3239],[135.5393,-3.3174],[135.5399,-3.3127],[135.5499,-3.3076],[135.558,-3.3005],[135.5611,-3.2903],[135.5604,-3.2839],[135.562,-3.2781],[135.5632,-3.2792],[135.5623,-3.2766],[135.566,-3.2673],[135.5656,-3.2648],[135.561,-3.2656],[135.5542,-3.2626],[135.5573,-3.2558],[135.561,-3.2525],[135.5611,-3.2499],[135.5694,-3.2407],[135.5727,-3.2342],[135.5744,-3.234],[135.5762,-3.2388],[135.5819,-3.2378],[135.5836,-3.2356],[135.5827,-3.2302],[135.5806,-3.2281],[135.5809,-3.2241],[135.584,-3.2143],[135.5865,-3.2133],[135.5857,-3.2126],[135.5898,-3.2032],[135.5937,-3.1997],[135.5963,-3.1944],[135.6018,-3.193],[135.6117,-3.1802],[135.6194,-3.1789],[135.6221,-3.175],[135.6291,-3.17],[135.6362,-3.1681],[135.6407,-3.1628],[135.6441,-3.1632],[135.6454,-3.1678],[135.6485,-3.1686],[135.656,-3.1656],[135.6592,-3.1625],[135.6682,-3.1607],[135.6729,-3.1582],[135.684,-3.1573],[135.6897,-3.1533],[135.6953,-3.1529],[135.702,-3.1488],[135.7056,-3.1419],[135.7184,-3.1274],[135.7461,-3.1198],[135.7566,-3.1103],[135.7596,-3.1004],[135.7654,-3.097],[135.7644,-3.0903],[135.7678,-3.0878],[135.7598,-3.0835],[135.7437,-3.0804],[135.7395,-3.0764],[135.7297,-3.0749],[135.7282,-3.0713],[135.7335,-3.0647],[135.7495,-3.0535],[135.7575,-3.05],[135.7669,-3.0524],[135.7675,-3.055],[135.7644,-3.058],[135.7651,-3.0595],[135.7672,-3.0567],[135.7696,-3.0564],[135.774,-3.0614],[135.7783,-3.0606],[135.7805,-3.0564],[135.7818,-3.0586],[135.7836,-3.0566],[135.796,-3.0522],[135.8174,-3.0389],[135.8194,-3.0344],[135.8184,-3.0314],[135.8228,-3.0279],[135.823,-3.023],[135.8268,-3.0136],[135.8362,-3.012],[135.8387,-3.0078],[135.8436,-3.0064],[135.8445,-3.0047],[135.8484,-3.0062],[135.8505,-3.0042],[135.8563,-3.0039],[135.8624,-3.0012],[135.8658,-2.998],[135.8633,-2.9926],[135.868,-2.9933],[135.867,-2.9913],[135.8692,-2.9898],[135.8744,-2.9936],[135.8767,-2.9912],[135.8786,-2.9921],[135.8795,-2.9917],[135.8795,-2.9863],[135.882,-2.9873],[135.8812,-2.985],[135.8925,-2.9898],[135.8938,-2.9893],[135.8936,-2.9825],[135.8921,-2.9803],[135.8929,-2.9745],[135.8943,-2.9765],[135.8975,-2.9743],[135.8977,-2.976],[135.9005,-2.9777],[135.9015,-2.9764],[135.9052,-2.978],[135.9109,-2.9751],[135.9133,-2.9641],[135.916,-2.9655],[135.9149,-2.9691],[135.9205,-2.9631],[135.9216,-2.9645],[135.9248,-2.9576],[135.9248,-2.9509],[135.9292,-2.943],[135.9293,-2.9393],[135.9317,-2.9379],[135.9313,-2.9245],[135.9341,-2.9244],[135.9353,-2.9219],[135.935,-2.9165],[135.9317,-2.9141],[135.9349,-2.9047],[135.9328,-2.9026],[135.9315,-2.8892],[135.9253,-2.8839],[135.9204,-2.8884],[135.9166,-2.8963],[135.9131,-2.8971],[135.9106,-2.8945],[135.9102,-2.8785],[135.9052,-2.8703],[135.9058,-2.8682],[135.912,-2.8661],[135.9175,-2.8662],[135.9231,-2.8628],[135.9334,-2.8527],[135.9456,-2.8311],[135.9463,-2.8254],[135.9552,-2.8087],[135.9536,-2.8045],[135.9552,-2.7986],[135.9613,-2.7971],[135.9538,-2.7892],[135.9461,-2.7858],[135.946,-2.7824],[135.9481,-2.7793],[135.9545,-2.7781],[135.967,-2.7642],[135.9749,-2.7649],[135.9763,-2.7591],[135.9819,-2.7515],[135.9859,-2.748],[135.991,-2.7467],[135.9939,-2.7405],[136.0128,-2.7178],[136.0185,-2.7221],[136.0147,-2.7279],[136.0208,-2.741],[136.0181,-2.7445],[136.0183,-2.7467],[136.0241,-2.7441],[136.0277,-2.7463],[136.0322,-2.7436],[136.04,-2.745],[136.0439,-2.7426],[136.0476,-2.7576],[136.0514,-2.7638],[136.0562,-2.7665],[136.075,-2.7668],[136.0905,-2.764],[136.0952,-2.7607],[136.0981,-2.7547],[136.1011,-2.7534],[136.1075,-2.7543],[136.114,-2.7598],[136.1188,-2.7535],[136.1279,-2.7543],[136.1356,-2.7521],[136.1353,-2.7605],[136.1299,-2.7663],[136.13,-2.7722],[136.1337,-2.7754],[136.1376,-2.7717],[136.1402,-2.7714],[136.1461,-2.7748],[136.1465,-2.7792],[136.1379,-2.7866],[136.1443,-2.7977],[136.1455,-2.7966],[136.1421,-2.7898],[136.1423,-2.7857],[136.1434,-2.7834],[136.1459,-2.7834],[136.1484,-2.785],[136.1515,-2.7927],[136.1542,-2.794],[136.156,-2.794],[136.1564,-2.7902],[136.1605,-2.7878],[136.1637,-2.7896],[136.1614,-2.7952],[136.1628,-2.7996],[136.1684,-2.7969],[136.1746,-2.7964],[136.178,-2.792],[136.1828,-2.7937],[136.1844,-2.7977],[136.1797,-2.7996],[136.1788,-2.8014],[136.1788,-2.8047],[136.1825,-2.8096],[136.188,-2.8098],[136.1889,-2.8077],[136.1871,-2.8001],[136.1893,-2.7977],[136.1966,-2.801],[136.2043,-2.8004],[136.2016,-2.806],[136.203,-2.8095],[136.2065,-2.8052],[136.2103,-2.8067],[136.2173,-2.806],[136.2183,-2.8071],[136.2158,-2.81],[136.2182,-2.8166],[136.2237,-2.821],[136.2291,-2.8223],[136.2221,-2.8281],[136.2217,-2.8329],[136.225,-2.8326],[136.2288,-2.8287],[136.2346,-2.8316],[136.2341,-2.8336],[136.2284,-2.8368],[136.2294,-2.8414],[136.232,-2.8421],[136.2352,-2.8406],[136.2377,-2.8352],[136.2394,-2.8351],[136.2435,-2.8406],[136.2524,-2.8405],[136.2533,-2.8418],[136.2531,-2.8437],[136.2511,-2.8447],[136.246,-2.8433],[136.2444,-2.8447],[136.2393,-2.8536],[136.2402,-2.859],[136.2486,-2.8632],[136.2512,-2.8628],[136.2511,-2.8591],[136.2428,-2.8542],[136.2425,-2.8517],[136.2441,-2.85],[136.248,-2.8507],[136.2508,-2.8549],[136.2531,-2.8552],[136.2559,-2.8545],[136.2611,-2.8488],[136.2662,-2.8498],[136.2658,-2.8513],[136.2619,-2.8521],[136.261,-2.8545],[136.2632,-2.8609],[136.2607,-2.8661],[136.2657,-2.8715],[136.2732,-2.8757],[136.2721,-2.8792],[136.2657,-2.8789],[136.2642,-2.8808],[136.2661,-2.8864],[136.2722,-2.8862],[136.2722,-2.883],[136.2775,-2.876],[136.2785,-2.8709],[136.2809,-2.8698],[136.2839,-2.8712],[136.2845,-2.8749],[136.2782,-2.8807],[136.2786,-2.8836],[136.2809,-2.8854],[136.2839,-2.8805],[136.2869,-2.8792],[136.2945,-2.8798],[136.2959,-2.8817],[136.2957,-2.8834],[136.29,-2.8865],[136.2905,-2.8909],[136.2937,-2.8929],[136.2876,-2.899],[136.293,-2.9014],[136.2962,-2.9008],[136.2971,-2.9037],[136.2941,-2.9066],[136.2895,-2.9066],[136.289,-2.9107],[136.2934,-2.9156],[136.295,-2.915],[136.2947,-2.9103],[136.2975,-2.9099],[136.3001,-2.9115],[136.3007,-2.9131],[136.2976,-2.9148],[136.2961,-2.9198],[136.2971,-2.9205],[136.2999,-2.9185],[136.3016,-2.9226],[136.3036,-2.9221],[136.3042,-2.9185],[136.3101,-2.9206],[136.3089,-2.9231],[136.3046,-2.9231],[136.3063,-2.9271],[136.3052,-2.9284],[136.3009,-2.9296],[136.3036,-2.9351],[136.3059,-2.9353],[136.305,-2.9301],[136.3096,-2.9318],[136.312,-2.9306],[136.3083,-2.9339],[136.3091,-2.9365],[136.3119,-2.9338],[136.3141,-2.9338],[136.3174,-2.9364],[136.3198,-2.9362],[136.3221,-2.9415],[136.3188,-2.9407],[136.3164,-2.9433],[136.3128,-2.9431],[136.3143,-2.9468],[136.308,-2.9492],[136.3092,-2.9531],[136.3055,-2.9524],[136.3003,-2.9696],[136.2971,-2.9739],[136.2994,-2.9815],[136.2975,-2.9851],[136.3032,-2.9906],[136.306,-2.9884],[136.3069,-2.999],[136.311,-3.0011],[136.3108,-3.0027],[136.3065,-3.0037],[136.3128,-3.0114],[136.3182,-3.0128],[136.3226,-3.0189],[136.3238,-3.0319],[136.3257,-3.0325],[136.3287,-3.0307],[136.3296,-3.0323],[136.3291,-3.0344],[136.3259,-3.0353],[136.3279,-3.0388],[136.3273,-3.0442],[136.3312,-3.0482],[136.3251,-3.0532],[136.3254,-3.0548],[136.3338,-3.0515],[136.3355,-3.0527],[136.3294,-3.0668],[136.3331,-3.0757],[136.3303,-3.0797],[136.3365,-3.088],[136.3358,-3.0985],[136.3203,-3.1238],[136.3208,-3.1297],[136.319,-3.1325],[136.3144,-3.1327],[136.3145,-3.1348],[136.3235,-3.1509],[136.3203,-3.1578],[136.3208,-3.1642],[136.3239,-3.1689],[136.3306,-3.1736],[136.3447,-3.1774],[136.3479,-3.1805],[136.3509,-3.1807],[136.352,-3.1835],[136.356,-3.1865],[136.3576,-3.1941],[136.3562,-3.2008],[136.3643,-3.2071],[136.3746,-3.2247],[136.3791,-3.2356],[136.3775,-3.2504],[136.3801,-3.2571],[136.3809,-3.2657],[136.384,-3.2674],[136.3849,-3.2717],[136.3912,-3.2792],[136.3938,-3.2923],[136.3939,-3.3003],[136.3911,-3.3078],[136.3944,-3.3132],[136.392,-3.3522],[136.2995,-3.4025],[136.1845,-3.4519],[136.0015,-3.5351],[135.9722,-3.5502],[135.9627,-3.5598],[135.9606,-3.5648],[135.9606,-3.5709],[135.973,-3.591],[135.9747,-3.5996],[135.9778,-3.6021],[135.9784,-3.6061],[135.985,-3.6176],[136.0009,-3.6289],[136.0035,-3.6434],[136.0118,-3.6596],[136.0098,-3.6655],[136.0126,-3.6697],[136.0111,-3.677],[136.0157,-3.6913],[136.0322,-3.7109],[136.0565,-3.7227],[136.0444,-3.7247],[136.0284,-3.7304],[136.0209,-3.735],[136.0009,-3.7625],[135.9923,-3.7677],[135.9848,-3.7699],[135.9665,-3.7665],[135.9538,-3.7694],[135.9487,-3.7751],[135.9412,-3.7768],[135.9091,-3.7797],[135.904,-3.7837],[135.8954,-3.7854],[135.885,-3.7831],[135.885,-3.794],[135.8816,-3.8164],[135.8719,-3.8301],[135.8644,-3.8319],[135.8667,-3.8382],[135.8661,-3.8405],[135.8386,-3.8382],[135.8277,-3.8399],[135.818,-3.8393],[135.8134,-3.8422],[135.8076,-3.8433],[135.8019,-3.8473],[135.7996,-3.8508],[135.7939,-3.8531],[135.7904,-3.8588],[135.7629,-3.8605],[135.7543,-3.8628],[135.7469,-3.86],[135.736,-3.8651],[135.7234,-3.8646],[135.7165,-3.8686],[135.7079,-3.8668],[135.6991,-3.8685],[135.692,-3.8656],[135.6834,-3.8699],[135.6626,-3.885],[135.631,-3.8979],[135.6225,-3.9036],[135.6002,-3.9072],[135.5988,-3.9165],[135.5794,-3.9344],[135.5594,-3.9351],[135.5479,-3.9323],[135.5393,-3.9222]]]}},{"type":"Feature","properties":{"name":"Nduga","name_en":"Nduga","admin_level":"5","osm_id":""},"geometry":{"type":"Polygon","coordinates":[[[138.8409,-4.5322],[138.8337,-4.5424],[138.8337,-4.5567],[138.8521,-4.5842],[138.8572,-4.5995],[138.8582,-4.6383],[138.8654,-4.6638],[138.869,-4.7277],[138.825,-4.7283],[138.718,-4.7409],[138.643,-4.7397],[138.5832,-4.7262],[138.3412,-4.6781],[138.1372,-4.6307],[138.1116,-4.6282],[137.9662,-4.5984],[137.9126,-4.6063],[137.8699,-4.6063],[137.7509,-4.6276],[137.5775,-4.6521],[137.5686,-4.6152],[137.5789,-4.5842],[137.5966,-4.5724],[137.6144,-4.5488],[137.6277,-4.5222],[137.6498,-4.4912],[137.6646,-4.4735],[137.668,-4.4336],[137.6784,-4.1723],[137.7008,-4.1603],[137.7401,-4.1445],[137.7584,-4.1419],[137.7924,-4.1341],[137.816,-4.1315],[137.8422,-4.1498],[137.8657,-4.155],[137.8945,-4.1472],[137.9338,-4.1445],[138.0045,-4.1367],[138.0699,-4.1341],[138.1249,-4.1341],[138.1612,-4.1371],[138.2374,-4.1548],[138.2941,-4.1884],[138.3295,-4.192],[138.3774,-4.1831],[138.4146,-4.1814],[138.4589,-4.1902],[138.505,-4.1884],[138.5546,-4.192],[138.5812,-4.1831],[138.5954,-4.1601],[138.5995,-4.1409],[138.64,-4.1382],[138.6804,-4.149],[138.7263,-4.1733],[138.7047,-4.1928],[138.6603,-4.2444],[138.6286,-4.2878],[138.61,-4.3287],[138.6086,-4.3517],[138.5939,-4.3789],[138.5927,-4.4016],[138.6007,-4.4367],[138.6166,-4.4674],[138.6234,-4.4855],[138.7202,-4.4716],[138.7147,-4.4422],[138.7092,-4.3285],[138.8391,-4.2666],[138.8451,-4.4046],[138.845,-4.4332],[138.849,-4.4862],[138.849,-4.4995],[138.846,-4.5209],[138.8409,-4.5322]]]}},{"type":"Feature","properties":{"name":"Paniai","name_en":"Paniai","admin_level":"5","osm_id":""},"geometry":{"type":"Polygon","coordinates":[[[136.6607,-4.0351],[136.647,-4.0257],[136.6226,-4.0232],[136.5326,-4.0156],[136.4939,-4.0156],[136.4804,-4.0123],[136.4013,-4.0081],[136.2767,-3.9937],[136.2273,-3.9922],[136.2273,-3.9519],[136.2045,-3.935],[136.1906,-3.9291],[136.1495,-3.855],[136.1326,-3.8263],[136.1194,-3.808],[136.0922,-3.7515],[136.0819,-3.7353],[136.0694,-3.7272],[136.0565,-3.7227],[136.0322,-3.7109],[136.0157,-3.6913],[136.0111,-3.677],[136.0126,-3.6697],[136.0098,-3.6655],[136.0118,-3.6596],[136.0035,-3.6434],[136.0009,-3.6289],[135.985,-3.6176],[135.9784,-3.6061],[135.9778,-3.6021],[135.9747,-3.5996],[135.973,-3.591],[135.9606,-3.5709],[135.9606,-3.5648],[135.9627,-3.5598],[135.9722,-3.5502],[136.0015,-3.5351],[136.1845,-3.4519],[136.2995,-3.4025],[136.3444,-3.3774],[136.3901,-3.4414],[136.4425,-3.5256],[136.5139,-3.6319],[136.5377,-3.6605],[136.6298,-3.7447],[136.706,-3.824],[136.7267,-3.8431],[136.7267,-3.905],[137.0998,-3.9066],[137.189,-3.909],[137.1995,-3.9383],[137.204,-4.0237],[137.1245,-4.0207],[136.9719,-4.1254],[136.8241,-4.1382],[136.7307,-4.1265],[136.6938,-4.1078],[136.6887,-4.0861],[136.6862,-4.0555],[136.6785,-4.0414],[136.6607,-4.0351]]]}},{"type":"Feature","properties":{"name":"PegununganBintang","name_en":"PegununganBintang","admin_level":"5","osm_id":""},"geometry":{"type":"Polygon","coordinates":[[[140.8606,-3.9338],[140.8649,-3.9334],[140.8681,-3.9362],[140.8731,-3.9353],[140.8759,-3.9385],[140.8801,-3.938],[140.8812,-3.9319],[140.8861,-3.9305],[140.8851,-3.9387],[140.8868,-3.9412],[140.8957,-3.9388],[140.8972,-3.9353],[140.8994,-3.9366],[140.8986,-3.9403],[140.9036,-3.9359],[140.9058,-3.9383],[140.9087,-3.9381],[140.9119,-3.9463],[140.9163,-3.9464],[140.9195,-3.9444],[140.9177,-3.9387],[140.9141,-3.9366],[140.9169,-3.9335],[140.9158,-3.927],[140.9174,-3.9221],[140.925,-3.925],[140.928,-3.9282],[140.9319,-3.9277],[140.936,-3.9203],[140.9381,-3.9223],[140.9361,-3.917],[140.943,-3.914],[140.9523,-3.9176],[140.958,-3.9154],[140.9579,-3.9141],[140.9617,-3.9139],[140.9639,-3.9171],[140.9634,-3.9196],[140.9671,-3.9244],[140.9712,-3.9232],[140.973,-3.9189],[140.9755,-3.9194],[140.9801,-3.9154],[140.9829,-3.9153],[140.9861,-3.9228],[140.9894,-3.9258],[140.9962,-3.9217],[140.9979,-3.9247],[140.9964,-3.9292],[141.0,-3.9314],[141.0,-5.2944],[140.7644,-5.2583],[140.2307,-5.1836],[140.1471,-5.169],[140.1539,-5.1059],[140.1528,-5.066],[140.141,-5.0598],[140.1392,-5.058],[140.1399,-5.0553],[140.1386,-5.0532],[140.1327,-5.0504],[140.1313,-5.0536],[140.1229,-5.0546],[140.1181,-5.051],[140.1125,-5.0516],[140.1122,-5.057],[140.1084,-5.0601],[140.0863,-5.0594],[140.0758,-5.0539],[140.0866,-5.0414],[140.0988,-5.0382],[140.1161,-5.0227],[140.1255,-5.0122],[140.1279,-5.0066],[140.1349,-5.0],[140.1413,-4.9974],[140.1659,-4.9794],[140.2111,-4.9709],[140.2341,-4.9623],[140.2512,-4.9521],[140.2529,-4.9359],[140.2486,-4.9231],[140.2495,-4.8984],[140.2418,-4.8865],[140.235,-4.8643],[140.2341,-4.8421],[140.2393,-4.8302],[140.2358,-4.8157],[140.2273,-4.7994],[140.2282,-4.7892],[140.2256,-4.7696],[140.2268,-4.7452],[140.2204,-4.7324],[140.2129,-4.7058],[140.2108,-4.6866],[140.2012,-4.6717],[140.1628,-4.661],[140.1191,-4.6386],[140.1042,-4.6291],[140.0194,-4.5416],[139.9841,-4.509],[139.9678,-4.4886],[139.9569,-4.456],[139.9623,-4.4179],[139.9746,-4.3689],[139.9841,-4.3118],[139.9936,-4.2765],[139.9895,-4.1813],[139.9913,-4.1538],[139.9898,-4.1476],[139.9854,-4.1459],[139.9844,-4.1437],[139.9854,-4.1327],[139.9892,-4.1298],[139.9815,-4.1271],[139.9793,-4.1196],[139.9746,-4.1163],[139.9791,-4.114],[139.9874,-4.1037],[139.9858,-4.0986],[139.9802,-4.091],[139.9798,-4.0849],[139.9847,-4.0805],[139.9891,-4.0609],[139.9915,-4.0577],[139.9945,-4.0584],[139.9991,-4.0538],[140.0106,-4.0502],[140.0149,-4.0451],[140.0157,-4.0415],[140.0216,-4.0389],[140.0236,-4.0311],[140.035,-4.0259],[140.037,-4.0226],[140.0438,-4.0251],[140.0477,-4.0199],[140.0523,-4.0179],[140.0669,-4.0183],[140.0751,-4.0163],[140.0932,-4.0158],[140.092,-4.0103],[140.0837,-4.0085],[140.0814,-4.0042],[140.0773,-4.0032],[140.0719,-3.9975],[140.0649,-4.0001],[140.0524,-3.9956],[140.0544,-3.9976],[140.0513,-4.0004],[140.047,-3.9984],[140.0452,-3.9946],[140.0416,-3.9928],[140.0407,-3.9887],[140.0349,-3.988],[140.0341,-3.9861],[140.0389,-3.9796],[140.042,-3.9677],[140.0481,-3.962],[140.0521,-3.954],[140.056,-3.951],[140.0586,-3.942],[140.0612,-3.9399],[140.0672,-3.9391],[140.097,-3.9503],[140.1067,-3.9346],[140.1033,-3.9242],[140.1039,-3.9098],[140.1123,-3.9067],[140.1206,-3.8994],[140.1328,-3.8949],[140.1423,-3.8946],[140.1462,-3.8902],[140.145,-3.8787],[140.1476,-3.8694],[140.1328,-3.8496],[140.134,-3.8476],[140.1397,-3.8493],[140.1434,-3.8482],[140.1481,-3.8428],[140.152,-3.8419],[140.1531,-3.8339],[140.1605,-3.8277],[140.1609,-3.8145],[140.1568,-3.8102],[140.1499,-3.8079],[140.151,-3.8007],[140.1484,-3.7938],[140.1499,-3.7878],[140.1481,-3.7864],[140.1441,-3.7867],[140.1389,-3.7819],[140.1401,-3.7755],[140.1382,-3.7731],[140.1358,-3.7731],[140.1347,-3.7689],[140.1353,-3.7656],[140.1372,-3.7655],[140.1411,-3.7664],[140.1397,-3.77],[140.1447,-3.7682],[140.1563,-3.7714],[140.1583,-3.7706],[140.1609,-3.7651],[140.1524,-3.7628],[140.1327,-3.7498],[140.134,-3.7372],[140.1373,-3.7382],[140.1413,-3.736],[140.1306,-3.7263],[140.1306,-3.7223],[140.1253,-3.718],[140.125,-3.7156],[140.1272,-3.714],[140.132,-3.7139],[140.1296,-3.7054],[140.1306,-3.7021],[140.1321,-3.7007],[140.1356,-3.7025],[140.1344,-3.6959],[140.1447,-3.6948],[140.1543,-3.6959],[140.1583,-3.6986],[140.1607,-3.7057],[140.1633,-3.707],[140.2071,-3.7125],[140.2469,-3.7213],[140.315,-3.7394],[140.3233,-3.745],[140.3241,-3.7475],[140.3223,-3.7497],[140.3188,-3.7505],[140.3207,-3.7535],[140.3264,-3.7525],[140.3289,-3.7499],[140.3292,-3.7468],[140.3312,-3.746],[140.3334,-3.7473],[140.3412,-3.7451],[140.3461,-3.7454],[140.3477,-3.7414],[140.3521,-3.7383],[140.3641,-3.7444],[140.3697,-3.7429],[140.3724,-3.7443],[140.3751,-3.7437],[140.3837,-3.7362],[140.3943,-3.7394],[140.3984,-3.739],[140.3998,-3.7347],[140.4042,-3.7387],[140.4034,-3.7435],[140.3975,-3.7463],[140.3985,-3.7489],[140.4017,-3.7497],[140.4086,-3.7564],[140.4021,-3.7662],[140.3987,-3.7665],[140.3978,-3.7703],[140.4078,-3.7747],[140.4124,-3.7807],[140.4089,-3.7849],[140.405,-3.784],[140.4033,-3.7884],[140.4174,-3.7988],[140.4176,-3.8027],[140.4133,-3.8042],[140.4113,-3.8071],[140.3999,-3.8111],[140.3996,-3.8146],[140.405,-3.8148],[140.4107,-3.8223],[140.4139,-3.8194],[140.4133,-3.8165],[140.4205,-3.8181],[140.4222,-3.8216],[140.4191,-3.8215],[140.4202,-3.8354],[140.4157,-3.8404],[140.4167,-3.8467],[140.4265,-3.851],[140.4308,-3.8505],[140.431,-3.856],[140.4277,-3.8618],[140.4237,-3.8638],[140.421,-3.8682],[140.4209,-3.8719],[140.4143,-3.8816],[140.414,-3.8859],[140.4178,-3.893],[140.4181,-3.899],[140.4133,-3.9004],[140.4064,-3.893],[140.4047,-3.8962],[140.4045,-3.9032],[140.4138,-3.9109],[140.4116,-3.9137],[140.4057,-3.9117],[140.4057,-3.9158],[140.411,-3.9179],[140.417,-3.9176],[140.4198,-3.9097],[140.4254,-3.9071],[140.4353,-3.9102],[140.4382,-3.9091],[140.4418,-3.912],[140.4425,-3.9078],[140.4466,-3.9103],[140.4483,-3.9032],[140.4553,-3.893],[140.4555,-3.9049],[140.4596,-3.9026],[140.4695,-3.9025],[140.4661,-3.9054],[140.4589,-3.9071],[140.4646,-3.9105],[140.4786,-3.9106],[140.479,-3.9178],[140.4844,-3.9187],[140.4879,-3.9214],[140.4856,-3.9282],[140.4884,-3.9294],[140.49,-3.9272],[140.494,-3.9287],[140.4946,-3.9256],[140.5,-3.9224],[140.5022,-3.9258],[140.508,-3.9281],[140.5068,-3.925],[140.5001,-3.9192],[140.5003,-3.914],[140.4986,-3.9121],[140.4961,-3.9139],[140.4941,-3.912],[140.4949,-3.9097],[140.4975,-3.9084],[140.4976,-3.9049],[140.5034,-3.9076],[140.5063,-3.9047],[140.5089,-3.9077],[140.5144,-3.9072],[140.517,-3.905],[140.5194,-3.9066],[140.5147,-3.9127],[140.5169,-3.9149],[140.5239,-3.9138],[140.526,-3.9158],[140.5254,-3.918],[140.5349,-3.9177],[140.542,-3.9127],[140.5442,-3.9146],[140.5445,-3.9197],[140.5467,-3.9217],[140.5516,-3.9144],[140.5522,-3.9169],[140.5578,-3.9169],[140.5603,-3.9214],[140.568,-3.9262],[140.57,-3.9247],[140.581,-3.9291],[140.5935,-3.9256],[140.5962,-3.9278],[140.5951,-3.9306],[140.5899,-3.9302],[140.5902,-3.933],[140.5853,-3.9331],[140.5872,-3.9373],[140.5946,-3.9389],[140.5965,-3.9419],[140.6089,-3.9447],[140.6109,-3.9473],[140.6135,-3.9447],[140.6128,-3.9407],[140.6151,-3.9377],[140.6178,-3.9384],[140.6203,-3.9359],[140.6288,-3.9334],[140.6369,-3.9335],[140.6398,-3.9315],[140.6399,-3.9236],[140.6458,-3.9212],[140.6512,-3.9156],[140.6788,-3.9068],[140.6942,-3.91],[140.6969,-3.9124],[140.7006,-3.9126],[140.7022,-3.9101],[140.7152,-3.9163],[140.7306,-3.912],[140.7331,-3.9163],[140.7414,-3.9178],[140.7425,-3.9205],[140.7395,-3.9245],[140.7486,-3.9285],[140.7524,-3.9284],[140.7516,-3.9314],[140.7557,-3.936],[140.7591,-3.9327],[140.7606,-3.927],[140.7653,-3.9275],[140.7639,-3.9256],[140.7689,-3.9258],[140.7704,-3.9286],[140.7685,-3.9315],[140.7733,-3.9345],[140.7753,-3.9337],[140.7788,-3.9384],[140.7887,-3.9404],[140.8346,-3.9404],[140.8606,-3.9338]]]}},{"type":"Feature","properties":{"name":"Puncak","name_en":"Puncak","admin_level":"5","osm_id":""},"geometry":{"type":"Polygon","coordinates":[[[137.7999,-3.6841],[137.8179,-3.6945],[137.8431,-3.7021],[137.864,-3.696],[137.8871,-3.6852],[137.8914,-3.7045],[137.8904,-3.7401],[137.8914,-3.7713],[137.899,-3.7993],[137.913,-3.8294],[137.9393,-3.8584],[137.952,-3.8668],[137.9488,-3.8852],[137.9488,-3.944],[137.9371,-3.9617],[137.8988,-3.969],[137.8709,-3.9764],[137.84,-3.9749],[137.8135,-3.9793],[137.7841,-3.9955],[137.7576,-4.0131],[137.715,-4.0573],[137.7047,-4.0852],[137.6958,-4.119],[137.6784,-4.1723],[137.4867,-4.1634],[137.4502,-4.1651],[137.3205,-4.161],[137.2914,-4.032],[137.204,-4.0237],[137.1995,-3.9383],[137.1904,-3.9117],[137.1721,-3.8768],[137.1439,-3.8436],[137.1264,-3.8179],[137.1148,-3.7888],[137.1057,-3.7514],[137.109,-3.7206],[137.1272,-3.6733],[137.1444,-3.5976],[137.1055,-3.5862],[137.0795,-3.5911],[137.0244,-3.5521],[137.026,-3.5164],[137.0244,-3.5018],[137.0033,-3.4921],[136.9838,-3.4856],[136.9789,-3.4499],[136.9789,-3.4174],[136.9562,-3.4126],[136.9529,-3.3996],[136.9497,-3.3363],[136.9156,-3.3087],[136.8816,-3.2414],[136.883,-3.2345],[136.8899,-3.2296],[136.8885,-3.2255],[136.8863,-3.2239],[136.8934,-3.2231],[136.8983,-3.2192],[136.9001,-3.2154],[136.8975,-3.2128],[136.8967,-3.2048],[136.8986,-3.1997],[136.8974,-3.1939],[136.8993,-3.1922],[136.9015,-3.1928],[136.9017,-3.2033],[136.9049,-3.2046],[136.9079,-3.2032],[136.9096,-3.1921],[136.925,-3.1861],[136.9278,-3.1874],[136.9277,-3.1916],[136.9245,-3.1939],[136.9259,-3.1961],[136.9303,-3.1938],[136.9317,-3.1899],[136.9347,-3.1875],[136.9389,-3.1869],[136.9479,-3.1953],[136.9531,-3.1894],[136.9575,-3.1882],[136.9625,-3.1966],[136.9668,-3.1978],[136.9707,-3.1864],[136.9729,-3.1854],[136.9755,-3.1861],[136.9783,-3.1914],[136.9823,-3.1914],[136.9811,-3.1868],[136.9825,-3.1818],[136.9891,-3.1743],[136.9927,-3.1741],[136.9944,-3.1822],[136.9961,-3.184],[136.9997,-3.1839],[137.0021,-3.1769],[137.0054,-3.1748],[137.0078,-3.1757],[137.0093,-3.1783],[137.0083,-3.1807],[137.0045,-3.1833],[137.0035,-3.1861],[137.0051,-3.1894],[137.0093,-3.1884],[137.0105,-3.1844],[137.0129,-3.1831],[137.0225,-3.1822],[137.0369,-3.1851],[137.0419,-3.1827],[137.0441,-3.1792],[137.0431,-3.1698],[137.0443,-3.168],[137.0499,-3.1686],[137.0519,-3.1764],[137.0637,-3.1755],[137.0717,-3.1795],[137.0885,-3.1715],[137.0917,-3.1635],[137.0921,-3.157],[137.0975,-3.1557],[137.1028,-3.1573],[137.1071,-3.154],[137.1073,-3.1469],[137.1053,-3.1403],[137.1157,-3.1301],[137.1271,-3.1227],[137.1279,-3.1322],[137.1343,-3.1352],[137.1425,-3.1347],[137.1508,-3.1313],[137.1607,-3.1332],[137.1653,-3.1257],[137.1754,-3.1262],[137.1818,-3.1218],[137.1823,-3.1139],[137.1869,-3.1064],[137.1741,-3.0895],[137.1625,-3.0816],[137.1517,-3.0777],[137.2095,-3.0573],[137.2493,-3.0313],[137.2611,-3.0153],[137.2935,-3.0034],[137.3637,-2.9699],[137.3833,-2.9639],[137.3857,-2.9649],[137.3861,-2.9712],[137.3891,-2.9741],[137.3903,-2.9791],[137.3935,-2.9802],[137.3954,-2.983],[137.4054,-2.9861],[137.4079,-2.9885],[137.4164,-2.9895],[137.4186,-2.9933],[137.423,-2.9941],[137.419,-2.9973],[137.4203,-3.0077],[137.4247,-3.0051],[137.4328,-3.007],[137.4208,-3.0137],[137.4262,-3.0168],[137.4319,-3.0158],[137.4339,-3.021],[137.4394,-3.0252],[137.4392,-3.0288],[137.4357,-3.0303],[137.4388,-3.0322],[137.4413,-3.0366],[137.44,-3.038],[137.4373,-3.0369],[137.4361,-3.0379],[137.4369,-3.0402],[137.4448,-3.0415],[137.4492,-3.04],[137.4561,-3.0499],[137.4582,-3.0501],[137.4594,-3.047],[137.4617,-3.0475],[137.4601,-3.0513],[137.4623,-3.0521],[137.4656,-3.0506],[137.4655,-3.0482],[137.4681,-3.0452],[137.4729,-3.0502],[137.4754,-3.0486],[137.4753,-3.0462],[137.4833,-3.0442],[137.4854,-3.0474],[137.4839,-3.0499],[137.4855,-3.0505],[137.4874,-3.0505],[137.4923,-3.046],[137.4939,-3.055],[137.5008,-3.0507],[137.503,-3.0537],[137.5068,-3.0531],[137.5124,-3.0574],[137.5248,-3.0585],[137.5312,-3.0539],[137.5394,-3.0517],[137.5581,-3.0515],[137.5628,-3.0539],[137.5688,-3.0642],[137.5718,-3.0665],[137.5766,-3.0673],[137.5815,-3.0656],[137.5953,-3.0886],[137.6177,-3.1121],[137.6015,-3.1305],[137.5811,-3.1476],[137.5024,-3.1988],[137.4734,-3.2262],[137.4358,-3.2535],[137.3852,-3.3071],[137.4117,-3.3265],[137.4411,-3.3559],[137.4579,-3.3917],[137.4706,-3.4232],[137.4747,-3.4547],[137.4958,-3.4863],[137.5715,-3.5283],[137.6156,-3.5767],[137.6536,-3.6023],[137.6772,-3.6034],[137.7254,-3.602],[137.7272,-3.6067],[137.7455,-3.6104],[137.7545,-3.617],[137.7665,-3.6296],[137.7689,-3.6362],[137.7776,-3.6494],[137.779,-3.6561],[137.7852,-3.6665],[137.787,-3.6736],[137.7999,-3.6841]]]}},{"type":"Feature","properties":{"name":"PuncakJaya","name_en":"PuncakJaya","admin_level":"5","osm_id":""},"geometry":{"type":"Polygon","coordinates":[[[138.0302,-3.4363],[138.0285,-3.4495],[138.0391,-3.4697],[138.0366,-3.4859],[138.045,-3.4901],[138.0543,-3.4913],[138.0681,-3.4972],[138.073,-3.5041],[138.0711,-3.5229],[138.0849,-3.5407],[138.0967,-3.5506],[138.1086,-3.5575],[138.1372,-3.5693],[138.1681,-3.6002],[138.1833,-3.6091],[138.2019,-3.6091],[138.2363,-3.6167],[138.245,-3.6289],[138.2666,-3.7012],[138.2733,-3.7108],[138.2769,-3.7223],[138.2823,-3.7325],[138.2907,-3.7422],[138.3046,-3.7729],[138.2695,-3.8131],[138.2253,-3.8278],[138.1856,-3.8381],[138.1253,-3.8322],[138.0503,-3.8337],[138.0091,-3.8396],[137.9782,-3.8514],[137.952,-3.8668],[137.9393,-3.8584],[137.913,-3.8294],[137.899,-3.7993],[137.8914,-3.7713],[137.8904,-3.7401],[137.8914,-3.7045],[137.8871,-3.6852],[137.864,-3.696],[137.8431,-3.7021],[137.8179,-3.6945],[137.7999,-3.6841],[137.787,-3.6736],[137.7852,-3.6665],[137.779,-3.6561],[137.7776,-3.6494],[137.7689,-3.6362],[137.7665,-3.6296],[137.7545,-3.617],[137.7455,-3.6104],[137.7272,-3.6067],[137.7254,-3.602],[137.6772,-3.6034],[137.6536,-3.6023],[137.6156,-3.5767],[137.5715,-3.5283],[137.4958,-3.4863],[137.4747,-3.4547],[137.4706,-3.4232],[137.4579,-3.3917],[137.4411,-3.3559],[137.4117,-3.3265],[137.3852,-3.3071],[137.4358,-3.2535],[137.4734,-3.2262],[137.5024,-3.1988],[137.5811,-3.1476],[137.6015,-3.1305],[137.6177,-3.1121],[137.6659,-3.1133],[137.7342,-3.118],[137.8248,-3.1203],[137.8825,-3.1168],[137.9531,-3.1274],[137.9743,-3.1345],[137.9848,-3.1411],[137.9841,-3.1458],[137.9873,-3.1483],[137.9909,-3.1454],[137.9952,-3.1465],[137.9949,-3.1508],[137.9967,-3.154],[138.007,-3.1533],[138.0099,-3.1554],[138.0096,-3.1605],[138.0067,-3.1651],[138.007,-3.1848],[138.0137,-3.1904],[138.0193,-3.1993],[138.0193,-3.2172],[138.0132,-3.22],[138.0098,-3.2245],[138.0154,-3.2352],[138.0322,-3.2424],[138.032,-3.2545],[138.0342,-3.2571],[138.0359,-3.2663],[138.0307,-3.2788],[138.0201,-3.2919],[138.0164,-3.3097],[138.021,-3.3357],[138.0145,-3.3556],[138.0201,-3.3801],[138.0266,-3.3818],[138.029,-3.3962],[138.0302,-3.4363]]]}},{"type":"Feature","properties":{"name":"Sarmi","name_en":"Sarmi","admin_level":"5","osm_id":""},"geometry":{"type":"Polygon","coordinates":[[[139.4772,-2.96],[139.4949,-3.1114],[139.497,-3.1201],[139.5029,-3.1297],[139.5158,-3.1328],[139.5144,-3.1351],[139.5107,-3.1343],[139.5094,-3.1366],[139.5069,-3.1365],[139.5083,-3.1397],[139.5068,-3.1418],[139.5031,-3.1413],[139.5023,-3.1457],[139.5073,-3.1467],[139.501,-3.1508],[139.5001,-3.1539],[139.4984,-3.1522],[139.497,-3.1529],[139.4999,-3.1565],[139.4987,-3.1604],[139.4952,-3.158],[139.4921,-3.1586],[139.4961,-3.1612],[139.4961,-3.1632],[139.4942,-3.1638],[139.4906,-3.1611],[139.4913,-3.1651],[139.4865,-3.1652],[139.4869,-3.1695],[139.4832,-3.1676],[139.4801,-3.1688],[139.479,-3.1666],[139.4771,-3.1683],[139.4786,-3.173],[139.4758,-3.1756],[139.4818,-3.175],[139.4813,-3.1769],[139.4828,-3.178],[139.4815,-3.1794],[139.4824,-3.1825],[139.4814,-3.1843],[139.4833,-3.1872],[139.476,-3.1864],[139.4756,-3.1878],[139.4798,-3.1886],[139.4846,-3.1945],[139.4803,-3.1979],[139.4824,-3.2],[139.4855,-3.1995],[139.484,-3.204],[139.486,-3.2046],[139.4865,-3.2024],[139.4884,-3.2024],[139.4901,-3.2057],[139.4931,-3.2039],[139.4925,-3.2079],[139.4899,-3.2078],[139.4908,-3.2105],[139.4879,-3.2126],[139.4905,-3.2176],[139.4886,-3.22],[139.4872,-3.2179],[139.4857,-3.2182],[139.4872,-3.224],[139.489,-3.2239],[139.4898,-3.2204],[139.4914,-3.2224],[139.4885,-3.2278],[139.4871,-3.2249],[139.4847,-3.2249],[139.4869,-3.2321],[139.485,-3.2344],[139.4884,-3.2332],[139.4894,-3.2359],[139.4922,-3.2375],[139.4874,-3.243],[139.4898,-3.2469],[139.4868,-3.2464],[139.4862,-3.2478],[139.4885,-3.2494],[139.4914,-3.2481],[139.4932,-3.2534],[139.4916,-3.2549],[139.4921,-3.2568],[139.4933,-3.2582],[139.4963,-3.2566],[139.4955,-3.2599],[139.4991,-3.2636],[139.4953,-3.2677],[139.496,-3.2691],[139.5007,-3.2696],[139.497,-3.2719],[139.4962,-3.2777],[139.4969,-3.2795],[139.4995,-3.2789],[139.4965,-3.2834],[139.4975,-3.2859],[139.499,-3.2872],[139.5015,-3.2861],[139.4991,-3.2901],[139.5041,-3.2905],[139.5058,-3.2964],[139.508,-3.2919],[139.5094,-3.2932],[139.5081,-3.2979],[139.5043,-3.2996],[139.5039,-3.3019],[139.5056,-3.3029],[139.5102,-3.3004],[139.5122,-3.3025],[139.5127,-3.3071],[139.507,-3.3072],[139.5109,-3.3123],[139.5059,-3.315],[139.5083,-3.3191],[139.5042,-3.3189],[139.5052,-3.3238],[139.5015,-3.3226],[139.5023,-3.3261],[139.5005,-3.3302],[139.4961,-3.3307],[139.4989,-3.3347],[139.4959,-3.3361],[139.4959,-3.34],[139.4942,-3.3409],[139.4966,-3.3423],[139.4971,-3.3461],[139.4931,-3.3483],[139.4961,-3.3509],[139.4939,-3.353],[139.4961,-3.3581],[139.4937,-3.3603],[139.4953,-3.3621],[139.4922,-3.3622],[139.4905,-3.3673],[139.4958,-3.3666],[139.4953,-3.3684],[139.4857,-3.3709],[139.4903,-3.3777],[139.4863,-3.3755],[139.4847,-3.3786],[139.4823,-3.3797],[139.4824,-3.3876],[139.4788,-3.3867],[139.4772,-3.3913],[139.4753,-3.3925],[139.4772,-3.3987],[139.4751,-3.3992],[139.4722,-3.3967],[139.4697,-3.3988],[139.4719,-3.4046],[139.4768,-3.4055],[139.4761,-3.407],[139.4704,-3.4067],[139.4721,-3.4089],[139.4762,-3.4104],[139.4757,-3.4123],[139.4737,-3.4146],[139.4666,-3.4136],[139.4628,-3.4159],[139.462,-3.4196],[139.4665,-3.4177],[139.4677,-3.4211],[139.4547,-3.4191],[139.456,-3.4228],[139.451,-3.4241],[139.4493,-3.4214],[139.4478,-3.4261],[139.4434,-3.4289],[139.4447,-3.4331],[139.4409,-3.4376],[139.4451,-3.4383],[139.4464,-3.4417],[139.4523,-3.4431],[139.4518,-3.4455],[139.4494,-3.4438],[139.448,-3.4459],[139.4502,-3.448],[139.4543,-3.4464],[139.4567,-3.4507],[139.4531,-3.4519],[139.4538,-3.4549],[139.4561,-3.4544],[139.4594,-3.4485],[139.4626,-3.453],[139.4599,-3.4549],[139.4613,-3.4584],[139.45,-3.4616],[139.4364,-3.463],[139.426,-3.4463],[139.4085,-3.4437],[139.3897,-3.4435],[139.3741,-3.4345],[139.3661,-3.4362],[139.3615,-3.4491],[139.3801,-3.4638],[139.371,-3.4753],[139.3379,-3.4849],[139.3323,-3.4744],[139.3335,-3.4652],[139.3375,-3.4557],[139.3284,-3.446],[139.3179,-3.451],[139.3068,-3.4708],[139.2793,-3.4676],[139.2709,-3.4397],[139.2554,-3.4547],[139.2503,-3.4451],[139.2509,-3.4338],[139.258,-3.4278],[139.2716,-3.4277],[139.2729,-3.4206],[139.2658,-3.4164],[139.251,-3.4168],[139.2321,-3.4329],[139.2134,-3.4399],[139.2036,-3.4469],[139.1946,-3.4478],[139.1877,-3.4266],[139.1818,-3.4233],[139.1675,-3.4311],[139.1462,-3.4268],[139.1382,-3.4192],[139.1404,-3.4093],[139.1472,-3.4004],[139.1483,-3.3898],[139.1454,-3.3779],[139.1479,-3.3691],[139.1404,-3.3617],[139.1276,-3.3554],[139.1214,-3.3639],[139.1269,-3.3699],[139.1252,-3.3838],[139.1121,-3.3885],[139.1062,-3.3799],[139.1072,-3.3719],[139.1044,-3.355],[139.1046,-3.3382],[139.1001,-3.3287],[139.0891,-3.3341],[139.0762,-3.336],[139.0757,-3.3253],[139.069,-3.3094],[139.0674,-3.2965],[139.0743,-3.2873],[139.0836,-3.2877],[139.0826,-3.3005],[139.0836,-3.311],[139.0975,-3.308],[139.0983,-3.2955],[139.0888,-3.2806],[139.0721,-3.2749],[139.0588,-3.2765],[139.0515,-3.2836],[139.0484,-3.2923],[139.0382,-3.2937],[139.0336,-3.2824],[139.0205,-3.2822],[139.0193,-3.2837],[139.0156,-3.2734],[139.0172,-3.2673],[139.0189,-3.2669],[139.0175,-3.2624],[139.0209,-3.2611],[139.0218,-3.2574],[139.0202,-3.2556],[139.0161,-3.2575],[139.0157,-3.2564],[139.0209,-3.2535],[139.0173,-3.2525],[139.0181,-3.2494],[139.0124,-3.2496],[139.0115,-3.248],[139.0134,-3.2436],[139.0125,-3.2431],[139.0107,-3.2459],[139.0086,-3.2424],[139.0098,-3.2407],[139.0122,-3.2419],[139.0123,-3.2389],[139.0146,-3.2385],[139.0145,-3.237],[139.0119,-3.2372],[139.0123,-3.2339],[139.0146,-3.2313],[139.014,-3.23],[139.0113,-3.2329],[139.0107,-3.2297],[139.0078,-3.2287],[139.0071,-3.234],[139.0035,-3.2313],[139.0068,-3.2268],[139.0025,-3.224],[139.0089,-3.22],[139.0069,-3.2188],[139.0086,-3.2152],[139.007,-3.2145],[139.0067,-3.2173],[139.005,-3.2174],[139.0026,-3.2093],[139.0069,-3.2059],[139.0032,-3.2036],[139.0028,-3.2009],[139.0063,-3.2003],[139.0069,-3.1973],[139.0022,-3.197],[139.0011,-3.1935],[139.0031,-3.1906],[139.0125,-3.1884],[139.0145,-3.1894],[139.0214,-3.1861],[139.0162,-3.1827],[139.0218,-3.1795],[139.0228,-3.1771],[139.0147,-3.1748],[139.0154,-3.1726],[139.0206,-3.1748],[139.0219,-3.1725],[139.0209,-3.1707],[139.0158,-3.1714],[139.0153,-3.1697],[139.0182,-3.1659],[139.0226,-3.1659],[139.0222,-3.1644],[139.0183,-3.1631],[139.0221,-3.1624],[139.0231,-3.1527],[139.0168,-3.149],[139.0169,-3.1468],[139.0225,-3.1489],[139.0212,-3.1456],[139.022,-3.1429],[139.0252,-3.1438],[139.0335,-3.1412],[139.0308,-3.1401],[139.0285,-3.1335],[139.0259,-3.1311],[139.0261,-3.1265],[139.028,-3.1273],[139.0301,-3.1334],[139.0325,-3.1335],[139.0329,-3.1316],[139.0295,-3.127],[139.0291,-3.1253],[139.0307,-3.1241],[139.0355,-3.1293],[139.0393,-3.1299],[139.0374,-3.1276],[139.0387,-3.123],[139.0443,-3.1202],[139.045,-3.1156],[139.0476,-3.1135],[139.0453,-3.1084],[139.0498,-3.1085],[139.0531,-3.098],[139.0568,-3.0984],[139.0573,-3.0941],[139.0604,-3.0932],[139.0605,-3.0888],[139.0666,-3.0857],[139.0682,-3.0906],[139.0711,-3.0928],[139.0718,-3.0904],[139.0693,-3.0822],[139.0734,-3.0826],[139.0749,-3.085],[139.0767,-3.0831],[139.0736,-3.0784],[139.074,-3.0768],[139.0824,-3.0754],[139.0843,-3.0766],[139.0876,-3.073],[139.0925,-3.0738],[139.1231,-3.0308],[139.1259,-3.0187],[139.1268,-3.0057],[139.1236,-2.9984],[139.1269,-2.9959],[139.1227,-2.9954],[139.1171,-2.9906],[139.1192,-2.9893],[139.1194,-2.9848],[139.1207,-2.9845],[139.1236,-2.9889],[139.1302,-2.9876],[139.1328,-2.9946],[139.1364,-2.9916],[139.1367,-2.9892],[139.1325,-2.9857],[139.1326,-2.9837],[139.139,-2.9831],[139.1403,-2.9763],[139.1342,-2.9756],[139.136,-2.9733],[139.1421,-2.9735],[139.138,-2.9696],[139.133,-2.9702],[139.1354,-2.9673],[139.1409,-2.9685],[139.1396,-2.9593],[139.1454,-2.9563],[139.1398,-2.9499],[139.138,-2.9415],[139.1262,-2.9333],[139.1268,-2.9289],[139.1256,-2.9263],[139.12,-2.9323],[139.1161,-2.9329],[139.114,-2.9326],[139.1152,-2.9271],[139.1142,-2.9249],[139.1107,-2.9258],[139.1026,-2.9245],[139.1032,-2.9224],[139.1096,-2.9204],[139.1103,-2.9176],[139.1089,-2.915],[139.1119,-2.915],[139.1136,-2.9085],[139.1176,-2.9088],[139.1139,-2.9067],[139.1115,-2.9028],[138.7665,-2.7208],[138.6705,-2.6738],[138.6212,-2.6459],[138.6357,-2.6197],[138.7214,-2.4777],[138.7204,-2.4748],[138.7222,-2.47],[138.7199,-2.4654],[138.7209,-2.4624],[138.7247,-2.4616],[138.7273,-2.4571],[138.7268,-2.4499],[138.7215,-2.4386],[138.7214,-2.4283],[138.7242,-2.4225],[138.7145,-2.4124],[138.6668,-2.3511],[138.6299,-2.3011],[138.6222,-2.2893],[138.6204,-2.2793],[138.6214,-2.2773],[138.6088,-2.2692],[138.6079,-2.265],[138.6039,-2.2662],[138.6033,-2.2639],[138.6017,-2.2648],[138.5988,-2.2619],[138.594,-2.2667],[138.5904,-2.2657],[138.5853,-2.2688],[138.5829,-2.2671],[138.5792,-2.2682],[138.5779,-2.2734],[138.5766,-2.2706],[138.5695,-2.2652],[138.5695,-2.2667],[138.5653,-2.2675],[138.5619,-2.2659],[138.5606,-2.271],[138.5572,-2.2661],[138.5511,-2.2703],[138.5479,-2.2657],[138.5443,-2.2638],[138.5397,-2.264],[138.536,-2.2676],[138.5332,-2.2675],[138.5309,-2.2662],[138.5285,-2.2613],[138.5162,-2.2599],[138.5183,-2.2534],[138.5185,-2.2477],[138.5173,-2.2467],[138.5115,-2.245],[138.5051,-2.2452],[138.4962,-2.2382],[138.4921,-2.2403],[138.4906,-2.2356],[138.4828,-2.2305],[138.4702,-2.2303],[138.4691,-2.2266],[138.4715,-2.2242],[138.4776,-2.2277],[138.473,-2.221],[138.4674,-2.2195],[138.4656,-2.2211],[138.463,-2.2172],[138.4609,-2.2199],[138.455,-2.2222],[138.4546,-2.221],[138.458,-2.219],[138.4572,-2.2167],[138.4522,-2.217],[138.4499,-2.2148],[138.4456,-2.2139],[138.4408,-2.2148],[138.4406,-2.2116],[138.4467,-2.2085],[138.4441,-2.2042],[138.4399,-2.2102],[138.4339,-2.207],[138.431,-2.2033],[138.4247,-2.207],[138.4251,-2.2025],[138.431,-2.1997],[138.4301,-2.1978],[138.425,-2.2],[138.4207,-2.1974],[138.4195,-2.1986],[138.4216,-2.2022],[138.4201,-2.2079],[138.4176,-2.2081],[138.4174,-2.2038],[138.4128,-2.2014],[138.4092,-2.2018],[138.4076,-2.1999],[138.4094,-2.1937],[138.4147,-2.1895],[138.4112,-2.1878],[138.4063,-2.192],[138.4036,-2.1916],[138.4034,-2.1848],[138.4007,-2.179],[138.3978,-2.1797],[138.3966,-2.1836],[138.3986,-2.1903],[138.3946,-2.1915],[138.3923,-2.1901],[138.3903,-2.1846],[138.3845,-2.1839],[138.3836,-2.1779],[138.3817,-2.1768],[138.3796,-2.1772],[138.3796,-2.1845],[138.375,-2.1841],[138.3739,-2.1892],[138.3726,-2.1897],[138.3688,-2.1852],[138.3641,-2.1746],[138.3614,-2.1759],[138.3601,-2.1803],[138.3568,-2.1794],[138.3585,-2.1719],[138.3569,-2.1693],[138.3538,-2.1697],[138.3523,-2.1769],[138.3484,-2.1776],[138.3484,-2.1702],[138.3432,-2.1673],[138.3424,-2.165],[138.345,-2.164],[138.3519,-2.1669],[138.3521,-2.1634],[138.3494,-2.1603],[138.3501,-2.1578],[138.3536,-2.1584],[138.3565,-2.164],[138.3579,-2.1647],[138.3595,-2.1625],[138.3588,-2.158],[138.345,-2.1553],[138.344,-2.1538],[138.3441,-2.1443],[138.3507,-2.1446],[138.352,-2.1424],[138.3472,-2.1375],[138.3405,-2.1412],[138.3374,-2.14],[138.3326,-2.1331],[138.3327,-2.1312],[138.3357,-2.1307],[138.3422,-2.136],[138.3449,-2.1344],[138.3334,-2.1259],[138.3306,-2.1256],[138.3228,-2.1288],[138.3221,-2.1254],[138.3281,-2.1212],[138.3262,-2.1176],[138.316,-2.1205],[138.3122,-2.1195],[138.3125,-2.1165],[138.3188,-2.1123],[138.3257,-2.1124],[138.3268,-2.1112],[138.3256,-2.1087],[138.3162,-2.104],[138.317,-2.0999],[138.3245,-2.1],[138.3253,-2.0987],[138.3205,-2.0957],[138.3144,-2.098],[138.3145,-2.0933],[138.3183,-2.0884],[138.3155,-2.0868],[138.3107,-2.0869],[138.3051,-2.0927],[138.3027,-2.0911],[138.3027,-2.0884],[138.3056,-2.0856],[138.3058,-2.0823],[138.3027,-2.0815],[138.2981,-2.0856],[138.2957,-2.0859],[138.2924,-2.0814],[138.2941,-2.0779],[138.3015,-2.076],[138.3066,-2.0772],[138.3107,-2.0688],[138.3054,-2.067],[138.3015,-2.0618],[138.2929,-2.0551],[138.2896,-2.0576],[138.2908,-2.0641],[138.2897,-2.0653],[138.2868,-2.0639],[138.2822,-2.0529],[138.2894,-2.049],[138.2881,-2.0444],[138.2806,-2.0495],[138.2657,-2.0513],[138.263,-2.0495],[138.2618,-2.0423],[138.2598,-2.0419],[138.2555,-2.0448],[138.2534,-2.0436],[138.2543,-2.04],[138.2605,-2.0372],[138.2603,-2.0343],[138.2551,-2.0336],[138.2482,-2.0354],[138.2491,-2.0331],[138.2523,-2.0317],[138.2537,-2.0235],[138.2607,-2.0268],[138.2622,-2.0257],[138.2618,-2.0219],[138.2573,-2.0186],[138.2571,-2.0163],[138.2613,-2.0102],[138.2606,-2.0047],[138.2625,-2.0005],[138.2612,-1.9985],[138.2557,-1.9971],[138.2601,-1.9904],[138.2597,-1.989],[138.253,-1.9901],[138.2519,-1.993],[138.2542,-1.9972],[138.2509,-1.9991],[138.2453,-1.9954],[138.2448,-1.9919],[138.2473,-1.9882],[138.2531,-1.9883],[138.2527,-1.9849],[138.2509,-1.9835],[138.2464,-1.9842],[138.2421,-1.9914],[138.2396,-1.9919],[138.238,-1.9905],[138.2361,-1.9823],[138.2322,-1.9799],[138.1797,-1.9652],[138.1504,-1.9543],[138.137,-1.9401],[138.1353,-1.9074],[138.1286,-1.8881],[138.1311,-1.8537],[138.1444,-1.8268],[138.1442,-1.8157],[138.1452,-1.8139],[138.1508,-1.8127],[138.1476,-1.8065],[138.1512,-1.8046],[138.1572,-1.809],[138.1589,-1.8065],[138.1604,-1.8015],[138.1592,-1.7935],[138.1561,-1.7893],[138.1581,-1.787],[138.1647,-1.7889],[138.1662,-1.7856],[138.1651,-1.7837],[138.1568,-1.7829],[138.1562,-1.7808],[138.1588,-1.7756],[138.1551,-1.7727],[138.1582,-1.7694],[138.1585,-1.7645],[138.1656,-1.7621],[138.1681,-1.7575],[138.1696,-1.748],[138.1744,-1.7445],[138.1742,-1.7416],[138.1714,-1.739],[138.171,-1.733],[138.1657,-1.7311],[138.1692,-1.7245],[138.165,-1.7214],[138.1733,-1.7175],[138.1747,-1.7145],[138.1666,-1.7107],[138.1603,-1.7019],[138.1642,-1.6999],[138.1609,-1.6978],[138.1624,-1.6953],[138.1616,-1.6904],[138.1649,-1.6899],[138.168,-1.6935],[138.1705,-1.6926],[138.1701,-1.6898],[138.1646,-1.6857],[138.1636,-1.6819],[138.1671,-1.6811],[138.1713,-1.6839],[138.1733,-1.6788],[138.1785,-1.6819],[138.1794,-1.6807],[138.1749,-1.6738],[138.1685,-1.6511],[138.1681,-1.6346],[138.1704,-1.6309],[138.1779,-1.6321],[138.2807,-1.6847],[138.3204,-1.7015],[138.3624,-1.7168],[138.4698,-1.7473],[138.4729,-1.7507],[138.4734,-1.7485],[138.4759,-1.7487],[138.4923,-1.7535],[138.6227,-1.7789],[138.649,-1.7859],[138.6633,-1.7921],[138.6818,-1.803],[138.7163,-1.8388],[138.7381,-1.8535],[138.7477,-1.853],[138.7494,-1.8513],[138.7499,-1.8467],[138.7513,-1.8466],[138.754,-1.8548],[138.7521,-1.8573],[138.7503,-1.8563],[138.748,-1.8574],[138.747,-1.861],[138.7484,-1.8667],[138.755,-1.8732],[138.7582,-1.8819],[138.7661,-1.8908],[138.7753,-1.8957],[138.7808,-1.9073],[138.7857,-1.9119],[138.7899,-1.9203],[138.8015,-1.9301],[138.8639,-1.9657],[138.8718,-1.9691],[138.8768,-1.9693],[138.8867,-1.9601],[138.8965,-1.9552],[138.9006,-1.9562],[138.9013,-1.9588],[138.9029,-1.9589],[138.9049,-1.9573],[138.9041,-1.9552],[138.9054,-1.9542],[138.9717,-1.9709],[138.976,-1.9697],[138.9922,-1.9728],[139.0007,-1.9761],[139.0309,-1.9974],[139.0486,-2.0056],[139.1013,-2.0246],[139.125,-2.0305],[139.1328,-2.0397],[139.1461,-2.0499],[139.1904,-2.0709],[139.2493,-2.1097],[139.2768,-2.1218],[139.3139,-2.1337],[139.3627,-2.1466],[139.3833,-2.1582],[139.4475,-2.1896],[139.5004,-2.2264],[139.5155,-2.2345],[139.5358,-2.2485],[139.581,-2.2717],[139.6131,-2.2825],[139.6163,-2.2859],[139.6199,-2.2852],[139.6421,-2.2892],[139.6438,-2.2915],[139.6633,-2.302],[139.6888,-2.3193],[139.7049,-2.3326],[139.7554,-2.3584],[139.789,-2.3688],[139.8035,-2.3765],[139.8108,-2.3776],[139.8237,-2.3747],[139.8837,-2.3749],[139.9818,-2.3619],[139.9998,-2.3622],[140.0012,-2.3673],[140.0038,-2.3692],[140.0008,-2.3714],[140.0006,-2.3757],[139.9985,-2.3735],[139.9937,-2.3729],[139.9963,-2.3758],[139.9957,-2.38],[139.994,-2.3802],[139.994,-2.3827],[139.9928,-2.3815],[139.9892,-2.3848],[139.9866,-2.3915],[139.9841,-2.3918],[139.9849,-2.3958],[139.9832,-2.4041],[139.9847,-2.4098],[139.9866,-2.4107],[139.9852,-2.4134],[139.9887,-2.4212],[139.9836,-2.4299],[139.7467,-2.4023],[139.7433,-2.4048],[139.6916,-2.4144],[139.616,-2.4311],[139.6083,-2.4316],[139.5983,-2.4345],[139.5924,-2.4341],[139.5452,-2.4457],[139.5373,-2.4454],[139.5203,-2.4504],[139.455,-2.4629],[139.4475,-2.4656],[139.4409,-2.4656],[139.4227,-2.4706],[139.4268,-2.5112],[139.4314,-2.5362],[139.4307,-2.5568],[139.4323,-2.5632],[139.4332,-2.5913],[139.4348,-2.5931],[139.4373,-2.6301],[139.4393,-2.6358],[139.4431,-2.6793],[139.4645,-2.844],[139.4736,-2.9314],[139.4772,-2.9484],[139.4772,-2.96]]]}},{"type":"Feature","properties":{"name":"Supiori","name_en":"Supiori","admin_level":"5","osm_id":""},"geometry":{"type":"Polygon","coordinates":[[[135.5444,-0.8464],[135.5451,-0.8512],[135.5413,-0.8624],[135.5428,-0.8667],[135.5416,-0.8703],[135.5388,-0.872],[135.5371,-0.8711],[135.5368,-0.8664],[135.5331,-0.8636],[135.5344,-0.8612],[135.5315,-0.8604],[135.5327,-0.8576],[135.5304,-0.8579],[135.5304,-0.8545],[135.5285,-0.8546],[135.5281,-0.8568],[135.5243,-0.8561],[135.522,-0.8535],[135.5169,-0.8552],[135.5083,-0.8461],[135.5089,-0.8448],[135.5072,-0.8428],[135.5085,-0.8364],[135.5073,-0.8344],[135.5097,-0.8324],[135.5103,-0.8274],[135.5004,-0.8248],[135.5018,-0.8213],[135.4958,-0.8207],[135.4896,-0.8159],[135.4833,-0.8152],[135.4826,-0.812],[135.4886,-0.809],[135.4909,-0.8067],[135.4902,-0.8052],[135.4805,-0.8006],[135.4763,-0.8015],[135.4782,-0.7999],[135.4652,-0.791],[135.4648,-0.7865],[135.4614,-0.7821],[135.4567,-0.7817],[135.4535,-0.7831],[135.4479,-0.7775],[135.4479,-0.7748],[135.4456,-0.7739],[135.4449,-0.7717],[135.4351,-0.7682],[135.4295,-0.7624],[135.4278,-0.7627],[135.4271,-0.7577],[135.4187,-0.7538],[135.4195,-0.7511],[135.4214,-0.7507],[135.4172,-0.748],[135.4166,-0.743],[135.4149,-0.7428],[135.4144,-0.7459],[135.4118,-0.7466],[135.4115,-0.7412],[135.4093,-0.7414],[135.4101,-0.739],[135.4077,-0.7382],[135.404,-0.7278],[135.4018,-0.7252],[135.3991,-0.7261],[135.3986,-0.7243],[135.3961,-0.7251],[135.3954,-0.723],[135.3937,-0.7229],[135.3929,-0.7154],[135.3888,-0.7088],[135.3878,-0.7024],[135.3855,-0.7003],[135.3844,-0.7012],[135.3849,-0.6993],[135.3911,-0.6976],[135.3939,-0.6916],[135.3859,-0.6833],[135.3862,-0.6806],[135.3888,-0.6782],[135.3874,-0.6756],[135.3825,-0.6744],[135.3727,-0.6665],[135.3718,-0.6555],[135.3633,-0.6451],[135.3615,-0.6386],[135.3636,-0.6304],[135.3684,-0.6283],[135.3755,-0.6278],[135.3752,-0.626],[135.3774,-0.6264],[135.3785,-0.6225],[135.3808,-0.6243],[135.3849,-0.621],[135.3918,-0.6203],[135.3942,-0.6217],[135.3998,-0.6356],[135.4104,-0.6461],[135.4117,-0.6512],[135.416,-0.6493],[135.4175,-0.653],[135.4196,-0.6536],[135.4221,-0.651],[135.4249,-0.6538],[135.4252,-0.6503],[135.4294,-0.6504],[135.4338,-0.6429],[135.4375,-0.6422],[135.4399,-0.6451],[135.4472,-0.6414],[135.4504,-0.6449],[135.4507,-0.6475],[135.4478,-0.6495],[135.4487,-0.6512],[135.4465,-0.6535],[135.4436,-0.6512],[135.4411,-0.6521],[135.4438,-0.6542],[135.4436,-0.6592],[135.4501,-0.6557],[135.4597,-0.646],[135.4632,-0.6462],[135.4733,-0.6531],[135.4831,-0.6625],[135.485,-0.6623],[135.4868,-0.6587],[135.4898,-0.6587],[135.4898,-0.654],[135.4957,-0.652],[135.5045,-0.6543],[135.5106,-0.6595],[135.5123,-0.6631],[135.5159,-0.6607],[135.5257,-0.662],[135.5316,-0.6658],[135.5269,-0.6687],[135.5322,-0.6684],[135.5318,-0.6717],[135.5348,-0.6745],[135.5385,-0.6657],[135.5442,-0.6658],[135.5476,-0.6642],[135.5509,-0.6607],[135.5507,-0.657],[135.5519,-0.6584],[135.5594,-0.6572],[135.5602,-0.6591],[135.5655,-0.6617],[135.5663,-0.6641],[135.5695,-0.6635],[135.5734,-0.6655],[135.5801,-0.6655],[135.5843,-0.6633],[135.5905,-0.6637],[135.5966,-0.666],[135.5979,-0.6713],[135.5959,-0.6761],[135.5987,-0.681],[135.5975,-0.6845],[135.5987,-0.6865],[135.5934,-0.6966],[135.5934,-0.7014],[135.5948,-0.7027],[135.6008,-0.6972],[135.602,-0.6931],[135.6079,-0.6894],[135.6078,-0.6877],[135.6159,-0.6813],[135.6148,-0.6771],[135.6189,-0.6745],[135.6195,-0.6699],[135.6271,-0.671],[135.6296,-0.6735],[135.6345,-0.6648],[135.6392,-0.6626],[135.6434,-0.6627],[135.6589,-0.6694],[135.6614,-0.6746],[135.6608,-0.6791],[135.6626,-0.6798],[135.6657,-0.6777],[135.6689,-0.6787],[135.6777,-0.6877],[135.6804,-0.693],[135.682,-0.7038],[135.6839,-0.7056],[135.6803,-0.7129],[135.6852,-0.7198],[135.6912,-0.7231],[135.6957,-0.723],[135.7003,-0.7201],[135.7033,-0.7123],[135.7099,-0.7118],[135.7142,-0.7085],[135.7187,-0.7087],[135.7283,-0.7126],[135.7295,-0.7145],[135.7277,-0.7161],[135.7324,-0.7223],[135.7335,-0.7282],[135.7373,-0.7331],[135.7487,-0.7406],[135.7604,-0.7356],[135.7635,-0.7363],[135.7619,-0.7336],[135.764,-0.7314],[135.7668,-0.7228],[135.7746,-0.7211],[135.7804,-0.7226],[135.7827,-0.7167],[135.7888,-0.711],[135.7886,-0.7065],[135.7979,-0.6996],[135.7995,-0.6932],[135.8036,-0.6868],[135.8035,-0.7408],[135.7388,-0.7945],[135.7087,-0.8032],[135.7092,-0.7999],[135.7139,-0.8],[135.7206,-0.797],[135.7234,-0.7935],[135.723,-0.7853],[135.7296,-0.7754],[135.7262,-0.774],[135.7209,-0.7809],[135.7204,-0.7845],[135.7187,-0.7842],[135.7175,-0.7865],[135.7163,-0.7849],[135.7157,-0.7881],[135.7124,-0.7886],[135.713,-0.7935],[135.709,-0.794],[135.7067,-0.7989],[135.7041,-0.8004],[135.7012,-0.7997],[135.6989,-0.8025],[135.6977,-0.8174],[135.6928,-0.8212],[135.6934,-0.8239],[135.6917,-0.8267],[135.6841,-0.8318],[135.6833,-0.8333],[135.6851,-0.8366],[135.6839,-0.8401],[135.6799,-0.8405],[135.6769,-0.8426],[135.6763,-0.8478],[135.6719,-0.85],[135.6719,-0.8533],[135.6672,-0.8624],[135.6557,-0.8719],[135.6539,-0.8759],[135.6431,-0.8871],[135.6398,-0.8851],[135.6383,-0.8812],[135.6298,-0.8771],[135.6291,-0.8743],[135.6284,-0.876],[135.6277,-0.8741],[135.6271,-0.877],[135.6253,-0.8759],[135.6154,-0.8605],[135.6166,-0.857],[135.6133,-0.8577],[135.6151,-0.8557],[135.6113,-0.8558],[135.6115,-0.8528],[135.6058,-0.8508],[135.5942,-0.8415],[135.5923,-0.8422],[135.5926,-0.8402],[135.5902,-0.8384],[135.5881,-0.8392],[135.5847,-0.836],[135.5781,-0.8335],[135.5779,-0.8308],[135.5768,-0.8323],[135.5727,-0.8298],[135.5712,-0.8275],[135.5727,-0.8254],[135.5713,-0.8268],[135.5688,-0.8231],[135.5664,-0.8234],[135.5632,-0.8182],[135.5641,-0.8159],[135.5609,-0.8115],[135.5585,-0.8114],[135.5552,-0.8063],[135.5553,-0.8033],[135.5521,-0.802],[135.549,-0.8028],[135.5471,-0.8013],[135.5441,-0.8022],[135.543,-0.7992],[135.5402,-0.7988],[135.5386,-0.7936],[135.5334,-0.7898],[135.5289,-0.7829],[135.5161,-0.7815],[135.513,-0.7789],[135.5092,-0.7796],[135.5028,-0.7765],[135.5001,-0.7722],[135.4872,-0.7701],[135.4817,-0.7612],[135.4829,-0.7486],[135.4777,-0.7451],[135.4743,-0.7449],[135.4742,-0.7434],[135.4728,-0.7438],[135.4722,-0.7478],[135.4712,-0.7468],[135.4685,-0.7481],[135.4677,-0.745],[135.4665,-0.7468],[135.4674,-0.7553],[135.4689,-0.7558],[135.4674,-0.7586],[135.4682,-0.7607],[135.4712,-0.76],[135.4692,-0.7619],[135.4702,-0.7632],[135.473,-0.7611],[135.4713,-0.764],[135.4729,-0.7663],[135.4752,-0.7656],[135.4739,-0.7668],[135.4764,-0.7688],[135.4745,-0.771],[135.4759,-0.7737],[135.4778,-0.7723],[135.4769,-0.7708],[135.4803,-0.7731],[135.4814,-0.776],[135.4783,-0.7796],[135.4788,-0.7814],[135.4878,-0.7908],[135.4917,-0.7927],[135.4899,-0.798],[135.4919,-0.8031],[135.496,-0.8064],[135.4973,-0.8107],[135.501,-0.8113],[135.4994,-0.8082],[135.501,-0.8073],[135.4989,-0.8066],[135.4984,-0.8032],[135.5004,-0.7986],[135.5028,-0.7986],[135.5009,-0.7961],[135.5025,-0.7932],[135.5017,-0.7903],[135.5051,-0.7883],[135.5129,-0.7894],[135.5185,-0.7967],[135.5198,-0.8023],[135.5232,-0.8057],[135.5225,-0.8152],[135.5202,-0.8195],[135.5255,-0.8263],[135.5257,-0.8315],[135.5387,-0.8385],[135.5419,-0.8384],[135.5444,-0.8464]]]}},{"type":"Feature","properties":{"name":"Tolikara","name_en":"Tolikara","admin_level":"5","osm_id":""},"geometry":{"type":"Polygon","coordinates":[[[138.4731,-3.7434],[138.4522,-3.7474],[138.4283,-3.7554],[138.4064,-3.7534],[138.3933,-3.7831],[138.334,-3.7736],[138.3046,-3.7729],[138.2907,-3.7422],[138.2823,-3.7325],[138.2769,-3.7223],[138.2733,-3.7108],[138.2666,-3.7012],[138.245,-3.6289],[138.2363,-3.6167],[138.2019,-3.6091],[138.1833,-3.6091],[138.1681,-3.6002],[138.1372,-3.5693],[138.1086,-3.5575],[138.0967,-3.5506],[138.0849,-3.5407],[138.0711,-3.5229],[138.073,-3.5041],[138.0681,-3.4972],[138.0543,-3.4913],[138.045,-3.4901],[138.0366,-3.4859],[138.0391,-3.4697],[138.0285,-3.4495],[138.0302,-3.4363],[138.029,-3.3962],[138.0266,-3.3818],[138.0201,-3.3801],[138.0145,-3.3556],[138.021,-3.3357],[138.0164,-3.3097],[138.0201,-3.2919],[138.0307,-3.2788],[138.0359,-3.2663],[138.0342,-3.2571],[138.032,-3.2545],[138.0322,-3.2424],[138.0412,-3.2464],[138.0481,-3.2416],[138.0579,-3.2416],[138.0663,-3.2451],[138.0684,-3.2549],[138.0761,-3.2626],[138.0873,-3.264],[138.1104,-3.2626],[138.1279,-3.2724],[138.1335,-3.2836],[138.1458,-3.2863],[138.1557,-3.2824],[138.1617,-3.2781],[138.1677,-3.2661],[138.1723,-3.2364],[138.1773,-3.2308],[138.2153,-3.2077],[138.2748,-3.1978],[138.3272,-3.1944],[138.3392,-3.216],[138.3573,-3.2622],[138.3656,-3.2903],[138.3805,-3.3184],[138.4069,-3.3299],[138.4696,-3.325],[138.4977,-3.3316],[138.5627,-3.3375],[138.6466,-3.309],[138.6879,-3.2889],[138.7301,-3.2858],[138.7925,-3.3471],[138.7802,-3.3673],[138.7863,-3.4059],[138.7663,-3.4522],[138.757,-3.5047],[138.7554,-3.5634],[138.7593,-3.6424],[138.7501,-3.6466],[138.7401,-3.6558],[138.696,-3.7032],[138.6594,-3.708],[138.6522,-3.7225],[138.6094,-3.7226],[138.5658,-3.7255],[138.5339,-3.7235],[138.505,-3.7255],[138.4731,-3.7434]]]}},{"type":"Feature","properties":{"name":"Waropen","name_en":"Waropen","admin_level":"5","osm_id":""},"geometry":{"type":"Polygon","coordinates":[[[136.9811,-3.1868],[136.9823,-3.1914],[136.9783,-3.1914],[136.9755,-3.1861],[136.9707,-3.1864],[136.9668,-3.1978],[136.9625,-3.1966],[136.9575,-3.1882],[136.9531,-3.1894],[136.9479,-3.1953],[136.9389,-3.1869],[136.9347,-3.1875],[136.9317,-3.1899],[136.9303,-3.1938],[136.9259,-3.1961],[136.9245,-3.1939],[136.9277,-3.1916],[136.9278,-3.1874],[136.925,-3.1861],[136.9096,-3.1921],[136.9079,-3.2032],[136.9049,-3.2046],[136.9017,-3.2033],[136.9015,-3.1928],[136.8993,-3.1922],[136.8974,-3.1939],[136.8986,-3.1997],[136.8967,-3.2048],[136.8975,-3.2128],[136.9001,-3.2154],[136.8983,-3.2192],[136.8934,-3.2231],[136.8863,-3.2239],[136.8885,-3.2255],[136.8899,-3.2296],[136.883,-3.2345],[136.8816,-3.2414],[136.8741,-3.2422],[136.869,-3.2524],[136.8644,-3.251],[136.8599,-3.2546],[136.8544,-3.2553],[136.8501,-3.2616],[136.8419,-3.2652],[136.8391,-3.2688],[136.8349,-3.269],[136.8338,-3.27],[136.8345,-3.2748],[136.8327,-3.2751],[136.8297,-3.281],[136.8275,-3.2817],[136.8207,-3.2813],[136.8197,-3.2791],[136.8165,-3.2794],[136.8121,-3.2772],[136.8053,-3.27],[136.8029,-3.2694],[136.8011,-3.2657],[136.7949,-3.2676],[136.7884,-3.2657],[136.7817,-3.2731],[136.782,-3.2764],[136.7773,-3.2785],[136.7714,-3.2732],[136.7513,-3.2813],[136.7315,-3.2823],[136.7233,-3.2799],[136.7205,-3.2776],[136.7201,-3.2745],[136.7138,-3.2693],[136.7067,-3.2683],[136.6975,-3.2636],[136.6909,-3.2683],[136.6849,-3.266],[136.6816,-3.2621],[136.6702,-3.2581],[136.6465,-3.2578],[136.6445,-3.2561],[136.6431,-3.2487],[136.6255,-3.2372],[136.609,-3.2367],[136.5975,-3.2464],[136.5885,-3.2472],[136.5845,-3.2459],[136.5811,-3.2483],[136.5687,-3.2506],[136.5649,-3.2494],[136.5619,-3.2406],[136.5547,-3.2381],[136.5463,-3.2304],[136.5372,-3.2269],[136.5345,-3.2274],[136.5315,-3.2305],[136.5095,-3.2325],[136.4984,-3.228],[136.4869,-3.2268],[136.4835,-3.224],[136.482,-3.2181],[136.4691,-3.2043],[136.4685,-3.197],[136.4655,-3.1939],[136.4559,-3.1892],[136.4507,-3.1775],[136.4455,-3.1776],[136.4453,-3.1746],[136.4491,-3.1717],[136.4407,-3.1584],[136.4418,-3.1414],[136.4401,-3.1357],[136.4406,-3.1263],[136.4439,-3.1197],[136.4417,-3.1125],[136.4379,-3.1094],[136.4372,-3.1063],[136.4339,-3.1038],[136.4324,-3.1001],[136.4318,-3.0969],[136.4349,-3.0853],[136.4246,-3.0759],[136.4082,-3.0725],[136.4034,-3.0692],[136.3981,-3.0603],[136.3848,-3.0496],[136.3713,-3.0468],[136.3676,-3.0421],[136.365,-3.0421],[136.3608,-3.0345],[136.3575,-3.0344],[136.3548,-3.0318],[136.3545,-3.0258],[136.3534,-3.0236],[136.3521,-3.024],[136.3513,-3.0206],[136.3491,-3.0201],[136.3489,-3.0185],[136.3463,-3.0184],[136.3459,-3.0125],[136.3483,-3.0114],[136.3485,-3.0087],[136.3395,-3.0057],[136.341,-2.9952],[136.348,-2.9903],[136.347,-2.984],[136.3445,-2.9877],[136.3413,-2.9885],[136.3466,-2.9825],[136.3431,-2.9801],[136.3445,-2.973],[136.3463,-2.9713],[136.3445,-2.9701],[136.3445,-2.9634],[136.3466,-2.9589],[136.3514,-2.9567],[136.3533,-2.9534],[136.3531,-2.9463],[136.3497,-2.9446],[136.3516,-2.9419],[136.345,-2.9398],[136.3415,-2.9419],[136.3362,-2.9396],[136.3339,-2.9357],[136.3346,-2.9313],[136.3314,-2.9223],[136.3282,-2.924],[136.3288,-2.9258],[136.3275,-2.9264],[136.3258,-2.9204],[136.3286,-2.9207],[136.3298,-2.9186],[136.326,-2.9185],[136.3253,-2.9131],[136.3226,-2.9145],[136.3174,-2.9106],[136.3167,-2.9141],[136.315,-2.9124],[136.3128,-2.9142],[136.3059,-2.9082],[136.3057,-2.9107],[136.3002,-2.9122],[136.2975,-2.9099],[136.2947,-2.9103],[136.295,-2.915],[136.2924,-2.9146],[136.289,-2.9107],[136.2888,-2.908],[136.2895,-2.9066],[136.295,-2.9062],[136.2971,-2.9037],[136.2968,-2.9015],[136.2889,-2.9005],[136.2876,-2.899],[136.2937,-2.8929],[136.2905,-2.8909],[136.29,-2.8865],[136.2957,-2.8834],[136.2959,-2.8817],[136.2945,-2.8798],[136.2869,-2.8792],[136.2839,-2.8805],[136.2809,-2.8854],[136.2786,-2.8836],[136.2782,-2.8807],[136.2845,-2.8749],[136.2839,-2.8712],[136.2809,-2.8698],[136.2785,-2.8709],[136.2775,-2.876],[136.2722,-2.883],[136.2722,-2.8862],[136.2661,-2.8864],[136.2642,-2.8808],[136.2657,-2.8789],[136.2721,-2.8792],[136.2732,-2.8757],[136.2657,-2.8715],[136.2607,-2.8661],[136.2632,-2.8609],[136.261,-2.8545],[136.2619,-2.8521],[136.2658,-2.8513],[136.2662,-2.8498],[136.2611,-2.8488],[136.2559,-2.8545],[136.2531,-2.8552],[136.2508,-2.8549],[136.248,-2.8507],[136.2441,-2.85],[136.2425,-2.8517],[136.2428,-2.8542],[136.2511,-2.8591],[136.2512,-2.8628],[136.2486,-2.8632],[136.2402,-2.859],[136.2393,-2.8536],[136.2444,-2.8447],[136.246,-2.8433],[136.2511,-2.8447],[136.2531,-2.8437],[136.2533,-2.8418],[136.2524,-2.8405],[136.2435,-2.8406],[136.2394,-2.8351],[136.2377,-2.8352],[136.2352,-2.8406],[136.232,-2.8421],[136.2294,-2.8414],[136.2284,-2.8368],[136.2341,-2.8336],[136.2346,-2.8316],[136.2288,-2.8287],[136.225,-2.8326],[136.2217,-2.8329],[136.2221,-2.8281],[136.2291,-2.8223],[136.2237,-2.821],[136.2182,-2.8166],[136.2158,-2.81],[136.2183,-2.8071],[136.2173,-2.806],[136.2103,-2.8067],[136.2065,-2.8052],[136.203,-2.8095],[136.2016,-2.806],[136.2043,-2.8004],[136.1966,-2.801],[136.1893,-2.7977],[136.1871,-2.8001],[136.1889,-2.8077],[136.188,-2.8098],[136.1825,-2.8096],[136.1788,-2.8047],[136.1788,-2.8014],[136.1797,-2.7996],[136.1844,-2.7977],[136.1828,-2.7937],[136.178,-2.792],[136.1746,-2.7964],[136.1684,-2.7969],[136.1628,-2.7996],[136.1614,-2.7952],[136.1637,-2.7896],[136.1605,-2.7878],[136.1564,-2.7902],[136.156,-2.794],[136.1542,-2.794],[136.1515,-2.7927],[136.1484,-2.785],[136.1459,-2.7834],[136.1434,-2.7834],[136.1423,-2.7857],[136.1421,-2.7898],[136.1455,-2.7966],[136.1443,-2.7977],[136.1379,-2.7866],[136.1465,-2.7792],[136.1461,-2.7748],[136.1402,-2.7714],[136.1376,-2.7717],[136.1337,-2.7754],[136.13,-2.7722],[136.1299,-2.7663],[136.1353,-2.7605],[136.1356,-2.7521],[136.1279,-2.7543],[136.1188,-2.7535],[136.114,-2.7598],[136.1075,-2.7543],[136.1011,-2.7534],[136.0981,-2.7547],[136.0952,-2.7607],[136.0905,-2.764],[136.075,-2.7668],[136.0624,-2.7672],[136.0562,-2.7665],[136.0514,-2.7638],[136.0476,-2.7576],[136.0439,-2.7426],[136.04,-2.745],[136.0336,-2.7435],[136.0277,-2.7463],[136.0253,-2.7442],[136.0201,-2.7464],[136.0177,-2.7459],[136.0208,-2.741],[136.0147,-2.7279],[136.0185,-2.7221],[136.0128,-2.7178],[136.0137,-2.7159],[136.0091,-2.7085],[136.0103,-2.7052],[136.0154,-2.7002],[136.0177,-2.7],[136.0163,-2.6991],[136.017,-2.6947],[136.0198,-2.6915],[136.0286,-2.6916],[136.0378,-2.6953],[136.0463,-2.6874],[136.0462,-2.6845],[136.0511,-2.68],[136.0504,-2.6783],[136.0524,-2.6803],[136.0554,-2.6786],[136.0569,-2.6724],[136.0557,-2.6689],[136.0582,-2.6682],[136.0629,-2.6716],[136.0672,-2.6722],[136.0838,-2.6715],[136.1122,-2.6675],[136.1269,-2.6612],[136.1247,-2.6585],[136.1326,-2.6506],[136.1351,-2.6457],[136.1384,-2.6449],[136.1461,-2.6505],[136.1577,-2.6436],[136.1701,-2.6404],[136.1733,-2.6367],[136.1768,-2.6363],[136.1822,-2.6403],[136.1875,-2.6372],[136.1895,-2.6326],[136.1951,-2.6304],[136.1967,-2.6269],[136.2058,-2.6259],[136.2147,-2.6206],[136.2204,-2.6139],[136.2244,-2.6135],[136.2247,-2.6106],[136.2424,-2.5852],[136.2541,-2.5619],[136.26,-2.5593],[136.2633,-2.5496],[136.2669,-2.5463],[136.2809,-2.5077],[136.2829,-2.4775],[136.2888,-2.4847],[136.2904,-2.4858],[136.2921,-2.4846],[136.2878,-2.4739],[136.2796,-2.4709],[136.2782,-2.4687],[136.2812,-2.4599],[136.2886,-2.4515],[136.2857,-2.4488],[136.2957,-2.4252],[136.2972,-2.4173],[136.2959,-2.4112],[136.3015,-2.4043],[136.3127,-2.3995],[136.312,-2.4004],[136.3151,-2.3998],[136.3268,-2.3842],[136.3264,-2.3871],[136.3292,-2.3806],[136.3366,-2.3742],[136.3374,-2.3758],[136.336,-2.3761],[136.3338,-2.379],[136.3423,-2.373],[136.3422,-2.3683],[136.3373,-2.3635],[136.3415,-2.3413],[136.3402,-2.3384],[136.3397,-2.31],[136.338,-2.3079],[136.3371,-2.2951],[136.3351,-2.2934],[136.3324,-2.2844],[136.3336,-2.2777],[136.3363,-2.2765],[136.3392,-2.2703],[136.3395,-2.2637],[136.3446,-2.2622],[136.3442,-2.2597],[136.3585,-2.2563],[136.3656,-2.2489],[136.3642,-2.2464],[136.3676,-2.2408],[136.3732,-2.2366],[136.3823,-2.233],[136.3964,-2.2172],[136.4026,-2.2155],[136.4061,-2.2119],[136.4128,-2.2113],[136.4195,-2.2063],[136.428,-2.2042],[136.4316,-2.2055],[136.4476,-2.2057],[136.4578,-2.2137],[136.4611,-2.2092],[136.4686,-2.2069],[136.4746,-2.2083],[136.48,-2.2042],[136.4861,-2.2054],[136.4952,-2.1997],[136.5021,-2.1999],[136.5102,-2.1904],[136.5144,-2.1923],[136.5183,-2.191],[136.5225,-2.2047],[136.5248,-2.2013],[136.5267,-2.2024],[136.5261,-2.2119],[136.532,-2.2105],[136.5324,-2.2139],[136.5357,-2.2179],[136.5348,-2.2213],[136.5385,-2.22],[136.5442,-2.2234],[136.546,-2.2196],[136.5555,-2.2109],[136.5713,-2.2058],[136.5726,-2.199],[136.5763,-2.199],[136.5771,-2.2042],[136.5784,-2.199],[136.574,-2.1944],[136.5755,-2.1937],[136.5775,-2.1959],[136.5809,-2.191],[136.588,-2.1901],[136.5895,-2.194],[136.5825,-2.2012],[136.582,-2.2049],[136.5801,-2.2068],[136.5807,-2.2108],[136.5792,-2.2141],[136.5769,-2.2144],[136.5759,-2.2189],[136.5826,-2.2357],[136.5817,-2.2375],[136.5867,-2.2372],[136.585,-2.2392],[136.5887,-2.2408],[136.5913,-2.2373],[136.5956,-2.2368],[136.5898,-2.2459],[136.5902,-2.2484],[136.5907,-2.2457],[136.5966,-2.2395],[136.5957,-2.2453],[136.6001,-2.2529],[136.6024,-2.254],[136.6059,-2.2531],[136.6102,-2.2487],[136.6147,-2.2507],[136.6206,-2.2471],[136.6299,-2.2472],[136.6354,-2.2519],[136.6372,-2.2465],[136.6408,-2.2461],[136.6458,-2.2481],[136.6466,-2.2516],[136.6541,-2.2545],[136.6545,-2.257],[136.6629,-2.2567],[136.6634,-2.2596],[136.6662,-2.258],[136.6733,-2.2612],[136.6745,-2.2605],[136.6741,-2.2581],[136.6828,-2.2522],[136.6853,-2.247],[136.6903,-2.2453],[136.7017,-2.2358],[136.7048,-2.2275],[136.7117,-2.2279],[136.7229,-2.2348],[136.7312,-2.2427],[136.7388,-2.2466],[136.7367,-2.2486],[136.7322,-2.2482],[136.7376,-2.2493],[136.7413,-2.2471],[136.7443,-2.2525],[136.7416,-2.2575],[136.7451,-2.2545],[136.7471,-2.265],[136.75,-2.2714],[136.7534,-2.2775],[136.7576,-2.2788],[136.765,-2.2736],[136.7642,-2.2711],[136.7625,-2.2702],[136.7599,-2.2721],[136.761,-2.2744],[136.7585,-2.2775],[136.7541,-2.277],[136.7487,-2.2643],[136.7557,-2.2642],[136.7545,-2.2627],[136.7559,-2.2594],[136.7595,-2.2564],[136.7625,-2.2582],[136.7634,-2.2612],[136.7631,-2.2587],[136.765,-2.2585],[136.7689,-2.2647],[136.7702,-2.2649],[136.7708,-2.263],[136.7697,-2.2644],[136.7677,-2.259],[136.7616,-2.2556],[136.7587,-2.2482],[136.7545,-2.2465],[136.7535,-2.2419],[136.7552,-2.2378],[136.7599,-2.234],[136.7634,-2.2343],[136.7651,-2.2308],[136.7687,-2.2316],[136.7699,-2.2294],[136.7766,-2.2318],[136.7769,-2.2335],[136.7774,-2.231],[136.7798,-2.23],[136.7799,-2.227],[136.7871,-2.2207],[136.7933,-2.2109],[136.8013,-2.2207],[136.8039,-2.2204],[136.8046,-2.2184],[136.8076,-2.2184],[136.8103,-2.221],[136.811,-2.2195],[136.8125,-2.2203],[136.8123,-2.2234],[136.8136,-2.2212],[136.8138,-2.2154],[136.8171,-2.2083],[136.8168,-2.1931],[136.8133,-2.1859],[136.8046,-2.1784],[136.807,-2.1763],[136.8226,-2.1864],[136.8226,-2.1904],[136.8272,-2.1945],[136.8251,-2.2002],[136.8257,-2.2036],[136.8349,-2.2132],[136.8394,-2.2134],[136.8387,-2.2194],[136.8412,-2.2197],[136.844,-2.2176],[136.846,-2.2209],[136.8506,-2.2202],[136.8535,-2.2234],[136.8557,-2.2228],[136.8572,-2.2198],[136.8604,-2.2244],[136.864,-2.2218],[136.867,-2.2285],[136.8674,-2.2346],[136.8697,-2.2356],[136.8716,-2.2317],[136.8738,-2.2314],[136.8733,-2.2389],[136.8745,-2.2416],[136.8779,-2.2434],[136.8782,-2.2481],[136.885,-2.2476],[136.8855,-2.2498],[136.8837,-2.2522],[136.8895,-2.2548],[136.8886,-2.2603],[136.8918,-2.2653],[136.8916,-2.2713],[136.8943,-2.2724],[136.8962,-2.2705],[136.8938,-2.2651],[136.8995,-2.2694],[136.9023,-2.2648],[136.9066,-2.2765],[136.9112,-2.2781],[136.91,-2.2827],[136.9139,-2.2854],[136.9137,-2.2866],[136.9047,-2.2834],[136.9038,-2.2853],[136.9059,-2.2896],[136.9029,-2.2942],[136.9094,-2.2982],[136.9164,-2.2937],[136.9205,-2.2996],[136.9265,-2.3006],[136.9263,-2.3021],[136.9214,-2.3044],[136.9207,-2.3098],[136.9143,-2.3192],[136.9185,-2.328],[136.9158,-2.3288],[136.9151,-2.3319],[136.9192,-2.334],[136.9213,-2.3389],[136.9248,-2.3349],[136.9369,-2.3391],[136.9381,-2.34],[136.938,-2.3477],[136.9374,-2.3495],[136.9336,-2.347],[136.9311,-2.3474],[136.9267,-2.3502],[136.9278,-2.3562],[136.9317,-2.359],[136.9325,-2.3612],[136.9311,-2.362],[136.9249,-2.3624],[136.9205,-2.3582],[136.9157,-2.3564],[136.9154,-2.3594],[136.91,-2.3614],[136.9094,-2.3644],[136.9121,-2.3718],[136.9079,-2.3772],[136.9079,-2.3795],[136.9132,-2.3854],[136.9341,-2.3929],[136.9407,-2.3979],[136.9444,-2.3948],[136.9481,-2.3968],[136.9497,-2.3986],[136.9497,-2.4018],[136.9538,-2.4035],[136.9577,-2.4116],[136.966,-2.414],[136.967,-2.4158],[136.9635,-2.4205],[136.9643,-2.4252],[136.9692,-2.4233],[136.9708,-2.4256],[136.9743,-2.4261],[136.9843,-2.418],[136.9878,-2.4222],[136.995,-2.4189],[136.9975,-2.4229],[137.0023,-2.4256],[137.0066,-2.4204],[137.013,-2.4199],[137.0199,-2.4239],[137.0258,-2.418],[137.0293,-2.4167],[137.0308,-2.4183],[137.0316,-2.4246],[137.0307,-2.4302],[137.0351,-2.4278],[137.0362,-2.4294],[137.0348,-2.4403],[137.0404,-2.4418],[137.0391,-2.4481],[137.034,-2.4482],[137.0363,-2.4498],[137.0346,-2.453],[137.037,-2.4553],[137.0349,-2.458],[137.0363,-2.4601],[137.0406,-2.4559],[137.0435,-2.4616],[137.0486,-2.4577],[137.0494,-2.4622],[137.0555,-2.4648],[137.0563,-2.4674],[137.0548,-2.4697],[137.0583,-2.4701],[137.0593,-2.4757],[137.0616,-2.4778],[137.0635,-2.477],[137.0644,-2.4799],[137.0694,-2.4801],[137.075,-2.4856],[137.0765,-2.4852],[137.0773,-2.48],[137.0798,-2.4821],[137.0867,-2.4832],[137.0871,-2.4862],[137.0885,-2.4861],[137.0897,-2.489],[137.0932,-2.4879],[137.1061,-2.4957],[137.1058,-2.4994],[137.1072,-2.5015],[137.1111,-2.4996],[137.1137,-2.5048],[137.11,-2.511],[137.1122,-2.5139],[137.1134,-2.512],[137.1148,-2.5123],[137.1159,-2.5147],[137.1195,-2.5153],[137.1207,-2.5175],[137.123,-2.5154],[137.1249,-2.5207],[137.1257,-2.5184],[137.1279,-2.521],[137.1285,-2.5185],[137.131,-2.5205],[137.1371,-2.5178],[137.1392,-2.523],[137.1408,-2.5219],[137.1432,-2.523],[137.1429,-2.5271],[137.1456,-2.5263],[137.1488,-2.5298],[137.1474,-2.5325],[137.149,-2.5353],[137.1517,-2.5349],[137.1546,-2.5378],[137.155,-2.5363],[137.1568,-2.5368],[137.1586,-2.5393],[137.1612,-2.5376],[137.1677,-2.5393],[137.1714,-2.5457],[137.1778,-2.5498],[137.1834,-2.5504],[137.1907,-2.5555],[137.1931,-2.5637],[137.2134,-2.5724],[137.2225,-2.573],[137.2219,-2.5767],[137.2236,-2.5776],[137.2266,-2.5769],[137.2276,-2.5749],[137.23,-2.5783],[137.2316,-2.5778],[137.2306,-2.5759],[137.2369,-2.5761],[137.237,-2.5743],[137.2398,-2.5754],[137.2403,-2.5767],[137.2377,-2.5775],[137.2369,-2.5794],[137.2407,-2.581],[137.2423,-2.585],[137.2451,-2.5847],[137.2465,-2.5876],[137.2484,-2.5875],[137.2489,-2.5896],[137.2505,-2.5889],[137.2518,-2.5911],[137.2537,-2.5911],[137.2518,-2.5958],[137.255,-2.5995],[137.2533,-2.6021],[137.255,-2.6031],[137.2536,-2.6035],[137.2553,-2.6041],[137.2564,-2.6026],[137.2608,-2.6061],[137.2578,-2.6084],[137.2622,-2.6107],[137.2609,-2.6124],[137.2628,-2.6144],[137.2607,-2.6164],[137.2635,-2.6165],[137.2618,-2.6192],[137.2654,-2.6244],[137.2644,-2.6254],[137.261,-2.6223],[137.2617,-2.626],[137.2634,-2.627],[137.2636,-2.6305],[137.2652,-2.6276],[137.2677,-2.631],[137.2634,-2.6372],[137.2606,-2.6381],[137.2646,-2.653],[137.263,-2.6634],[137.2613,-2.6655],[137.263,-2.6706],[137.2601,-2.6816],[137.2608,-2.6857],[137.2631,-2.6881],[137.2634,-2.6929],[137.2664,-2.6975],[137.2861,-2.7146],[137.2873,-2.7191],[137.2836,-2.721],[137.283,-2.7231],[137.2792,-2.7204],[137.2792,-2.724],[137.2763,-2.7291],[137.2492,-2.7611],[137.2721,-2.7772],[137.2725,-2.7911],[137.2704,-2.7945],[137.2668,-2.7963],[137.2691,-2.8241],[137.2755,-2.8366],[137.2849,-2.8431],[137.319,-2.8478],[137.3231,-2.8531],[137.3247,-2.8527],[137.3233,-2.8492],[137.3269,-2.8517],[137.3306,-2.8508],[137.3331,-2.8557],[137.3359,-2.8553],[137.3369,-2.8581],[137.3413,-2.86],[137.3443,-2.8567],[137.3447,-2.8681],[137.3457,-2.8691],[137.3499,-2.8647],[137.3535,-2.87],[137.3511,-2.8755],[137.3519,-2.8796],[137.3578,-2.8773],[137.3599,-2.8789],[137.3588,-2.8937],[137.3633,-2.9013],[137.3548,-2.9038],[137.3543,-2.9061],[137.3563,-2.9095],[137.3602,-2.9109],[137.3695,-2.9115],[137.3693,-2.9135],[137.3634,-2.917],[137.3639,-2.9189],[137.3685,-2.9188],[137.3726,-2.9218],[137.3708,-2.9234],[137.3662,-2.9229],[137.3657,-2.925],[137.3704,-2.9302],[137.3647,-2.9305],[137.3641,-2.932],[137.3681,-2.9347],[137.3673,-2.9372],[137.3689,-2.938],[137.372,-2.9377],[137.3793,-2.9328],[137.3803,-2.9397],[137.3776,-2.9421],[137.3779,-2.9439],[137.3829,-2.9435],[137.3843,-2.9453],[137.3817,-2.9478],[137.3751,-2.9497],[137.3714,-2.9479],[137.3695,-2.9488],[137.3705,-2.951],[137.3771,-2.9513],[137.3821,-2.954],[137.3825,-2.956],[137.3786,-2.9559],[137.3771,-2.9581],[137.3804,-2.9658],[137.3637,-2.9699],[137.2935,-3.0034],[137.2611,-3.0153],[137.2493,-3.0313],[137.2095,-3.0573],[137.1517,-3.0777],[137.1625,-3.0816],[137.1741,-3.0895],[137.1869,-3.1064],[137.1823,-3.1139],[137.1818,-3.1218],[137.1754,-3.1262],[137.1653,-3.1257],[137.1607,-3.1332],[137.1508,-3.1313],[137.1425,-3.1347],[137.1343,-3.1352],[137.1279,-3.1322],[137.1271,-3.1227],[137.1157,-3.1301],[137.1053,-3.1403],[137.1073,-3.1469],[137.1071,-3.154],[137.1028,-3.1573],[137.0975,-3.1557],[137.0921,-3.157],[137.0917,-3.1635],[137.0885,-3.1715],[137.0717,-3.1795],[137.0637,-3.1755],[137.0519,-3.1764],[137.0499,-3.1686],[137.0443,-3.168],[137.0431,-3.1698],[137.0441,-3.1792],[137.0419,-3.1827],[137.0369,-3.1851],[137.0225,-3.1822],[137.0129,-3.1831],[137.0105,-3.1844],[137.0093,-3.1884],[137.0051,-3.1894],[137.0035,-3.1861],[137.0045,-3.1833],[137.0083,-3.1807],[137.0093,-3.1783],[137.0078,-3.1757],[137.0054,-3.1748],[137.0021,-3.1769],[136.9997,-3.1839],[136.9961,-3.184],[136.9944,-3.1822],[136.9927,-3.1741],[136.9873,-3.1756],[136.9825,-3.1818],[136.9811,-3.1868]]]}},{"type":"Feature","properties":{"name":"Yahukimo","name_en":"Yahukimo","admin_level":"5","osm_id":""},"geometry":{"type":"Polygon","coordinates":[[[139.4651,-4.9911],[139.3042,-4.9383],[139.1343,-4.8261],[139.0296,-4.7374],[138.9498,-4.7265],[138.869,-4.7277],[138.8654,-4.6638],[138.8582,-4.6383],[138.8572,-4.5995],[138.8521,-4.5842],[138.8337,-4.5567],[138.8337,-4.5424],[138.8409,-4.5322],[138.846,-4.5209],[138.849,-4.4995],[138.845,-4.4332],[138.8451,-4.4046],[138.8391,-4.2666],[138.8985,-4.2525],[139.0142,-4.2048],[139.0479,-4.1929],[139.1616,-4.1623],[139.2826,-4.1324],[139.3511,-4.1187],[139.3624,-4.1139],[139.3842,-4.1099],[139.484,-4.0855],[139.4942,-4.0803],[139.5337,-4.0687],[139.5655,-4.063],[139.6319,-4.037],[139.6847,-4.0],[139.8943,-3.6201],[139.9015,-3.6161],[139.907,-3.6163],[139.9173,-3.624],[139.925,-3.6244],[139.9386,-3.6199],[139.9388,-3.6158],[139.9452,-3.6129],[139.9568,-3.6114],[139.9611,-3.6092],[139.9651,-3.61],[139.9704,-3.6133],[139.9713,-3.6206],[139.9666,-3.6222],[139.9592,-3.6316],[139.958,-3.638],[139.9593,-3.6408],[139.9709,-3.6412],[139.9799,-3.6539],[139.9856,-3.657],[139.9906,-3.6573],[140.0038,-3.6517],[140.0059,-3.6496],[140.009,-3.6399],[140.0164,-3.6384],[140.0192,-3.6361],[140.0256,-3.6395],[140.034,-3.6477],[140.0315,-3.6537],[140.0329,-3.6596],[140.0411,-3.6708],[140.0434,-3.6717],[140.0444,-3.668],[140.0496,-3.6659],[140.0567,-3.6552],[140.0655,-3.6483],[140.0726,-3.6574],[140.0757,-3.6577],[140.0749,-3.6645],[140.0762,-3.6705],[140.0826,-3.6747],[140.088,-3.6822],[140.0919,-3.6824],[140.096,-3.6784],[140.0956,-3.6768],[140.0977,-3.6765],[140.1025,-3.6806],[140.1175,-3.6831],[140.1182,-3.6873],[140.1223,-3.6922],[140.1272,-3.6954],[140.1345,-3.696],[140.1356,-3.7025],[140.1321,-3.7007],[140.1296,-3.7054],[140.1319,-3.7143],[140.1272,-3.714],[140.125,-3.7156],[140.1253,-3.718],[140.1306,-3.7223],[140.1306,-3.7263],[140.1413,-3.7356],[140.1396,-3.7377],[140.134,-3.7372],[140.1327,-3.7498],[140.1524,-3.7628],[140.1609,-3.7651],[140.1583,-3.7706],[140.1553,-3.7715],[140.1512,-3.771],[140.1475,-3.7685],[140.1397,-3.77],[140.1411,-3.7664],[140.1353,-3.7656],[140.1348,-3.7717],[140.1401,-3.7755],[140.1384,-3.7813],[140.14,-3.7833],[140.1441,-3.7867],[140.1497,-3.7873],[140.1502,-3.7902],[140.1484,-3.7938],[140.151,-3.8007],[140.1499,-3.8079],[140.1568,-3.8102],[140.1609,-3.8145],[140.1615,-3.823],[140.16,-3.8291],[140.1531,-3.8339],[140.152,-3.8419],[140.1481,-3.8428],[140.1434,-3.8482],[140.1397,-3.8493],[140.134,-3.8476],[140.1328,-3.8496],[140.1476,-3.8694],[140.1452,-3.8763],[140.1465,-3.888],[140.1448,-3.8926],[140.1423,-3.8946],[140.1328,-3.8949],[140.1206,-3.8994],[140.1123,-3.9067],[140.1039,-3.9098],[140.1033,-3.9242],[140.1067,-3.9346],[140.097,-3.9503],[140.0672,-3.9391],[140.0612,-3.9399],[140.0586,-3.942],[140.056,-3.951],[140.0521,-3.954],[140.0481,-3.962],[140.042,-3.9677],[140.0389,-3.9796],[140.0341,-3.9861],[140.0349,-3.988],[140.0407,-3.9887],[140.0416,-3.9928],[140.0452,-3.9946],[140.047,-3.9984],[140.0513,-4.0004],[140.0544,-3.9976],[140.0524,-3.9956],[140.0649,-4.0001],[140.0719,-3.9975],[140.0773,-4.0032],[140.0814,-4.0042],[140.0837,-4.0085],[140.092,-4.0103],[140.0932,-4.0158],[140.0751,-4.0163],[140.0669,-4.0183],[140.0523,-4.0179],[140.0477,-4.0199],[140.0438,-4.0251],[140.037,-4.0226],[140.035,-4.0259],[140.0236,-4.0311],[140.0216,-4.0389],[140.0157,-4.0415],[140.0149,-4.0451],[140.0106,-4.0502],[139.9991,-4.0538],[139.9945,-4.0584],[139.9915,-4.0577],[139.9891,-4.0609],[139.9847,-4.0805],[139.9798,-4.0849],[139.9802,-4.091],[139.9858,-4.0986],[139.9874,-4.1037],[139.9791,-4.114],[139.9746,-4.1163],[139.9793,-4.1196],[139.9815,-4.1271],[139.9892,-4.1298],[139.9854,-4.1327],[139.9844,-4.1437],[139.9854,-4.1459],[139.9898,-4.1476],[139.9913,-4.1538],[139.9895,-4.1813],[139.9936,-4.2765],[139.9841,-4.3118],[139.9746,-4.3689],[139.9623,-4.4179],[139.9569,-4.456],[139.9678,-4.4886],[139.9841,-4.509],[140.0194,-4.5416],[140.1042,-4.6291],[140.1191,-4.6386],[140.1628,-4.661],[140.2012,-4.6717],[140.2108,-4.6866],[140.2129,-4.7058],[140.2204,-4.7324],[140.2268,-4.7452],[140.2256,-4.7696],[140.2282,-4.7892],[140.2273,-4.7994],[140.2358,-4.8157],[140.2393,-4.8302],[140.2341,-4.8421],[140.235,-4.8643],[140.2418,-4.8865],[140.2495,-4.8984],[140.2486,-4.9231],[140.2529,-4.9359],[140.2512,-4.9521],[140.2341,-4.9623],[140.2111,-4.9709],[140.1659,-4.9794],[140.1413,-4.9974],[140.1349,-5.0],[140.1279,-5.0066],[140.1255,-5.0122],[140.1161,-5.0227],[140.0988,-5.0382],[140.0866,-5.0414],[140.0758,-5.0539],[140.0863,-5.0594],[140.1084,-5.0601],[140.1122,-5.057],[140.1125,-5.0516],[140.1181,-5.051],[140.1229,-5.0546],[140.1313,-5.0536],[140.1327,-5.0504],[140.1386,-5.0532],[140.1399,-5.0553],[140.1392,-5.058],[140.141,-5.0598],[140.1528,-5.066],[140.1539,-5.1059],[140.1471,-5.169],[140.0981,-5.1604],[139.5114,-5.0063],[139.4651,-4.9911]]]}},{"type":"Feature","properties":{"name":"Yalimo","name_en":"Yalimo","admin_level":"5","osm_id":""},"geometry":{"type":"Polygon","coordinates":[[[138.9778,-3.9225],[139.0479,-3.8971],[139.0384,-3.8671],[139.034,-3.8418],[139.0348,-3.8158],[139.044,-3.7784],[139.0527,-3.7843],[139.0639,-3.7849],[139.0921,-3.7728],[139.0999,-3.7672],[139.1077,-3.7682],[139.121,-3.756],[139.1337,-3.7489],[139.1496,-3.7439],[139.1629,-3.7424],[139.1862,-3.743],[139.199,-3.7464],[139.2046,-3.7508],[139.2142,-3.7536],[139.2241,-3.7588],[139.2444,-3.761],[139.2609,-3.7587],[139.2664,-3.7532],[139.2761,-3.7476],[139.2793,-3.7371],[139.2761,-3.7077],[139.2793,-3.6962],[139.283,-3.6902],[139.2766,-3.6697],[139.2862,-3.6694],[139.3027,-3.6734],[139.3089,-3.6778],[139.3297,-3.6852],[139.3316,-3.6694],[139.3356,-3.6563],[139.3639,-3.6352],[139.3915,-3.6063],[139.4064,-3.5743],[139.4151,-3.5647],[139.4543,-3.4746],[139.4572,-3.4596],[139.4702,-3.4564],[139.4763,-3.4583],[139.4871,-3.4755],[139.4871,-3.4795],[139.4849,-3.4826],[139.4816,-3.4857],[139.4714,-3.4891],[139.467,-3.4949],[139.4725,-3.517],[139.4743,-3.5189],[139.477,-3.5196],[139.4841,-3.5149],[139.4813,-3.5016],[139.4826,-3.497],[139.4869,-3.4911],[139.4954,-3.4875],[139.5014,-3.4897],[139.5047,-3.4939],[139.5056,-3.5008],[139.5026,-3.5117],[139.5031,-3.5156],[139.5059,-3.5189],[139.5301,-3.5276],[139.5365,-3.5333],[139.5448,-3.537],[139.5511,-3.5369],[139.5612,-3.5326],[139.5775,-3.51],[139.5836,-3.5043],[139.5968,-3.4974],[139.602,-3.4964],[139.6085,-3.498],[139.612,-3.5019],[139.6151,-3.5084],[139.6132,-3.514],[139.6089,-3.518],[139.594,-3.5235],[139.5883,-3.5271],[139.5855,-3.5325],[139.5866,-3.5386],[139.5906,-3.5457],[139.5958,-3.5501],[139.6107,-3.545],[139.6167,-3.5514],[139.6252,-3.5549],[139.6317,-3.5538],[139.6391,-3.5479],[139.6448,-3.5369],[139.6527,-3.5287],[139.6605,-3.5276],[139.6656,-3.5353],[139.6665,-3.5471],[139.6738,-3.5542],[139.6819,-3.5494],[139.6747,-3.5353],[139.6761,-3.5291],[139.6825,-3.5267],[139.6876,-3.5289],[139.6979,-3.5404],[139.7032,-3.5411],[139.7071,-3.5358],[139.7089,-3.5283],[139.713,-3.5223],[139.7177,-3.5206],[139.7231,-3.525],[139.7259,-3.5393],[139.7316,-3.5453],[139.742,-3.5401],[139.7455,-3.5457],[139.7389,-3.5505],[139.7504,-3.5537],[139.7537,-3.5566],[139.7523,-3.5673],[139.7602,-3.5605],[139.7657,-3.5582],[139.7847,-3.5666],[139.804,-3.5645],[139.8073,-3.5674],[139.8058,-3.5754],[139.8003,-3.5803],[139.8015,-3.5844],[139.809,-3.5845],[139.8149,-3.5785],[139.8224,-3.5758],[139.8304,-3.5783],[139.8359,-3.5848],[139.8448,-3.5888],[139.8553,-3.583],[139.8623,-3.5831],[139.8697,-3.5893],[139.8728,-3.5954],[139.8823,-3.6061],[139.8892,-3.6201],[139.8907,-3.6213],[139.8939,-3.6205],[139.6847,-4.0],[139.6319,-4.037],[139.5655,-4.063],[139.5337,-4.0687],[139.4942,-4.0803],[139.484,-4.0855],[139.3842,-4.1099],[139.3624,-4.1139],[139.3489,-4.0889],[139.2908,-4.048],[139.2473,-4.0124],[139.2052,-4.0098],[139.1471,-4.0184],[139.0251,-4.0434],[139.0049,-3.9944],[138.9801,-3.9406],[138.9778,-3.9225]]]}}]}