{"type":"FeatureCollection","metadata":{"parent_osm_id":"gid_IDN_12_1","parent_name":"KalimantanBarat","parent_name_1":"KalimantanBarat","parent_gid":"IDN.12_1","parent_level":"4","child_level":"5","count":14,"source":"GADM 4.1","generated":"2026-05-07"},"features":[{"type":"Feature","properties":{"name":"Bengkayang","name_en":"Bengkayang","admin_level":"5","osm_id":""},"geometry":{"type":"Polygon","coordinates":[[[109.0307,0.5719],[109.0315,0.5701],[109.0294,0.5691],[109.0278,0.5703],[109.0272,0.5677],[109.0232,0.5693],[109.0213,0.5669],[109.0112,0.5647],[109.0111,0.5606],[109.0074,0.5616],[109.0089,0.5577],[109.0026,0.5536],[109.0015,0.5502],[109.0031,0.546],[108.9988,0.544],[108.9978,0.5412],[108.9931,0.5446],[108.9937,0.5476],[108.9909,0.5538],[108.9894,0.5533],[108.9887,0.5511],[108.9817,0.5471],[108.9832,0.5453],[108.9826,0.5402],[108.9791,0.542],[108.9782,0.5386],[108.974,0.5375],[108.9709,0.5334],[108.9702,0.5318],[108.972,0.5301],[108.9709,0.529],[108.9675,0.5287],[108.9666,0.5322],[108.9653,0.5292],[108.9617,0.5285],[108.9586,0.5314],[108.9568,0.528],[108.9542,0.5279],[108.9533,0.5298],[108.9515,0.5296],[108.9494,0.5342],[108.9504,0.5395],[108.9475,0.5384],[108.9462,0.5407],[108.9314,0.5462],[108.9335,0.5486],[108.9289,0.5514],[108.93,0.5526],[108.9325,0.5516],[108.9295,0.5534],[108.9305,0.5585],[108.9285,0.5586],[108.9277,0.5563],[108.9258,0.5574],[108.9278,0.5593],[108.9264,0.5612],[108.9267,0.5657],[108.9291,0.5751],[108.9305,0.5959],[108.9277,0.6235],[108.9202,0.6483],[108.9204,0.655],[108.9166,0.6629],[108.9049,0.6774],[108.9044,0.6842],[108.8958,0.6967],[108.891,0.6984],[108.8836,0.709],[108.882,0.7087],[108.882,0.7064],[108.8776,0.7085],[108.8744,0.7077],[108.8744,0.7223],[108.8749,0.7238],[108.8788,0.7248],[108.8785,0.7313],[108.8824,0.7347],[108.8843,0.7429],[108.8831,0.7458],[108.8853,0.7485],[108.8839,0.7635],[108.8778,0.777],[108.8716,0.7852],[108.864,0.7916],[108.8606,0.7913],[108.8529,0.7867],[108.8508,0.7925],[108.8486,0.7928],[108.8472,0.7954],[108.8479,0.8043],[108.8447,0.807],[108.8424,0.812],[108.8425,0.8166],[108.8494,0.8247],[108.8588,0.83],[108.8668,0.8376],[108.8706,0.8372],[108.874,0.841],[108.8972,0.8336],[108.9067,0.8347],[108.9095,0.832],[108.915,0.8181],[108.9351,0.808],[108.9379,0.8079],[108.9422,0.8126],[108.9484,0.8126],[108.9511,0.8101],[108.9613,0.8085],[108.9661,0.8001],[108.9663,0.7866],[108.9705,0.7768],[108.9803,0.775],[108.9954,0.7669],[109.0037,0.7643],[109.0132,0.7641],[109.0223,0.7661],[109.0314,0.7716],[109.0355,0.7787],[109.0409,0.8315],[109.0461,0.8393],[109.0585,0.8509],[109.0927,0.862],[109.1167,0.8751],[109.1245,0.8822],[109.1324,0.884],[109.1442,0.9007],[109.1471,0.9023],[109.1574,0.9031],[109.1607,0.9183],[109.1603,0.9343],[109.1627,0.938],[109.1603,0.9409],[109.1655,0.9456],[109.1626,0.9491],[109.1654,0.9504],[109.1667,0.954],[109.169,0.9555],[109.17,0.96],[109.1725,0.9623],[109.1764,0.9625],[109.1774,0.9656],[109.1879,0.9641],[109.2004,0.9695],[109.2039,0.9723],[109.2053,0.9792],[109.2111,0.9817],[109.2133,0.9878],[109.2178,0.9891],[109.2264,0.9876],[109.23,0.9889],[109.2336,0.9947],[109.2309,1.0014],[109.2345,1.0166],[109.2513,1.0356],[109.272,1.042],[109.2792,1.0428],[109.294,1.041],[109.312,1.0462],[109.3272,1.0464],[109.3323,1.0448],[109.3401,1.0468],[109.3429,1.0448],[109.3464,1.0459],[109.3532,1.0418],[109.3634,1.0466],[109.3765,1.0467],[109.3804,1.0441],[109.3886,1.0442],[109.3997,1.0466],[109.4076,1.0525],[109.4126,1.0512],[109.4213,1.0518],[109.4247,1.045],[109.4354,1.0425],[109.4385,1.0359],[109.4425,1.0332],[109.4692,1.0203],[109.4762,1.0351],[109.4831,1.0635],[109.4945,1.0783],[109.5074,1.108],[109.5155,1.1181],[109.5198,1.1328],[109.5183,1.1428],[109.5208,1.1627],[109.5264,1.1767],[109.5374,1.1937],[109.5402,1.1937],[109.5519,1.2003],[109.589,1.202],[109.5983,1.2126],[109.5999,1.2169],[109.6016,1.2239],[109.6012,1.2385],[109.6061,1.2551],[109.61,1.2604],[109.6108,1.275],[109.6072,1.286],[109.6141,1.3015],[109.6215,1.3118],[109.6262,1.3262],[109.6264,1.3319],[109.6188,1.3553],[109.6149,1.3636],[109.611,1.3678],[109.5999,1.3736],[109.5971,1.3706],[109.592,1.3698],[109.5816,1.3734],[109.5758,1.3764],[109.5762,1.3814],[109.5858,1.3856],[109.5939,1.3856],[109.6038,1.3909],[109.6094,1.3888],[109.6091,1.3936],[109.6026,1.4006],[109.6014,1.4047],[109.6024,1.4076],[109.6064,1.409],[109.6032,1.4174],[109.6085,1.4254],[109.6097,1.4326],[109.6217,1.4333],[109.6275,1.4368],[109.6303,1.4404],[109.6393,1.4435],[109.6429,1.4429],[109.6456,1.4396],[109.6533,1.4358],[109.678,1.4486],[109.6795,1.4501],[109.6787,1.4551],[109.6834,1.4584],[109.6844,1.4622],[109.6958,1.4633],[109.701,1.4672],[109.7042,1.4759],[109.7123,1.4738],[109.7197,1.4768],[109.7239,1.4855],[109.7273,1.4871],[109.7337,1.4969],[109.7369,1.4977],[109.7441,1.5057],[109.7501,1.5204],[109.7491,1.5336],[109.7561,1.5304],[109.7685,1.5208],[109.7811,1.503],[109.7952,1.4986],[109.7988,1.4898],[109.7948,1.4835],[109.7949,1.4776],[109.8006,1.4695],[109.8054,1.466],[109.808,1.465],[109.815,1.4681],[109.8225,1.4771],[109.8307,1.4838],[109.8343,1.484],[109.8363,1.4824],[109.8304,1.4673],[109.8273,1.454],[109.8316,1.4376],[109.8304,1.4244],[109.8337,1.4222],[109.8463,1.4238],[109.8602,1.418],[109.8779,1.419],[109.8934,1.4156],[109.9093,1.4221],[109.9239,1.4219],[109.9376,1.4158],[109.9592,1.3943],[109.9641,1.3865],[109.9596,1.3685],[109.9599,1.3623],[109.9743,1.308],[109.9786,1.2986],[109.9837,1.2943],[110.0039,1.2947],[110.0208,1.2815],[110.0373,1.2735],[110.0429,1.2664],[110.0464,1.2644],[110.0538,1.2666],[110.0569,1.2654],[110.0615,1.2591],[110.0646,1.2494],[110.0652,1.2393],[110.0609,1.232],[110.0423,1.2152],[110.0399,1.2073],[110.0413,1.2047],[110.0683,1.2098],[110.0817,1.2157],[110.0837,1.215],[110.0936,1.1985],[110.1072,1.1952],[110.1321,1.1966],[110.1283,1.1946],[110.1222,1.1753],[110.1062,1.1587],[110.1023,1.1517],[110.0989,1.1486],[110.0821,1.1448],[110.0732,1.1355],[110.0712,1.1251],[110.0734,1.1166],[110.0812,1.1079],[110.0887,1.1051],[110.1047,1.1038],[110.1174,1.0936],[110.1265,1.0904],[110.1296,1.0872],[110.1299,1.0846],[110.1261,1.079],[110.1152,1.074],[110.1123,1.064],[110.1154,1.0555],[110.1281,1.0435],[110.1379,1.0316],[110.1377,1.0287],[110.1338,1.0229],[110.126,1.0191],[110.116,1.0207],[110.1063,1.0202],[110.0993,1.022],[110.0928,1.0198],[110.0925,1.0268],[110.0907,1.0284],[110.0547,1.037],[110.0438,1.0289],[110.0396,1.0206],[110.0365,1.0192],[110.0328,1.0256],[110.0223,1.0221],[110.0104,1.024],[110.0036,1.0268],[109.9961,1.0262],[109.9881,1.0293],[109.9826,1.0294],[109.9807,1.0305],[109.9793,1.0354],[109.9639,1.031],[109.9582,1.0316],[109.9487,1.0375],[109.9312,1.0527],[109.9256,1.0527],[109.917,1.0444],[109.911,1.0333],[109.9117,1.029],[109.9269,1.0159],[109.9299,1.0102],[109.929,1.0047],[109.9222,1.0013],[109.9192,0.9944],[109.9251,0.9753],[109.9258,0.9625],[109.9087,0.9352],[109.8991,0.929],[109.8747,0.9177],[109.8599,0.9075],[109.8558,0.9002],[109.8557,0.8854],[109.8502,0.8717],[109.8399,0.8627],[109.8095,0.8466],[109.8018,0.8497],[109.7933,0.8489],[109.7861,0.846],[109.7832,0.8406],[109.7727,0.8405],[109.7709,0.8435],[109.7455,0.8453],[109.7417,0.8415],[109.7323,0.8423],[109.7015,0.8498],[109.6914,0.8451],[109.6861,0.8382],[109.6758,0.8033],[109.6774,0.7762],[109.6765,0.7626],[109.6734,0.7567],[109.6662,0.7512],[109.6577,0.7482],[109.6329,0.7433],[109.612,0.7316],[109.6034,0.7298],[109.5811,0.7179],[109.5555,0.7197],[109.541,0.7126],[109.5329,0.7116],[109.5299,0.7144],[109.5249,0.7281],[109.5226,0.7308],[109.5198,0.732],[109.5073,0.7318],[109.4948,0.7441],[109.4853,0.7575],[109.4856,0.7596],[109.4799,0.7682],[109.4768,0.7771],[109.4714,0.777],[109.4415,0.7518],[109.4318,0.7409],[109.4144,0.7328],[109.4071,0.7309],[109.3958,0.7339],[109.3848,0.7511],[109.3774,0.7559],[109.3765,0.759],[109.3736,0.7597],[109.3671,0.7561],[109.3622,0.7649],[109.3582,0.7668],[109.3506,0.766],[109.3359,0.7587],[109.3062,0.7196],[109.2913,0.7113],[109.2864,0.7129],[109.2819,0.7168],[109.2762,0.7271],[109.2744,0.7361],[109.2751,0.7429],[109.2659,0.7505],[109.2598,0.7463],[109.2517,0.7311],[109.2352,0.7223],[109.2309,0.7219],[109.2209,0.7263],[109.2134,0.7263],[109.2002,0.7059],[109.1927,0.7008],[109.1571,0.6961],[109.1491,0.6937],[109.1399,0.6802],[109.1333,0.6598],[109.124,0.6524],[109.108,0.6446],[109.1013,0.6304],[109.0783,0.6043],[109.0715,0.5986],[109.0488,0.5969],[109.0392,0.5939],[109.0333,0.587],[109.0338,0.5794],[109.0304,0.575],[109.0307,0.5719]]]}},{"type":"Feature","properties":{"name":"KapuasHulu","name_en":"KapuasHulu","admin_level":"5","osm_id":""},"geometry":{"type":"Polygon","coordinates":[[[112.1467,0.0799],[112.1385,0.0835],[112.1234,0.0809],[112.1173,0.0854],[112.1132,0.094],[112.1104,0.1073],[112.1068,0.1151],[112.0925,0.127],[112.0915,0.1331],[112.0956,0.1549],[112.0895,0.1702],[112.0521,0.186],[112.0274,0.2026],[112.0103,0.2117],[111.9986,0.2142],[111.9953,0.2132],[111.9866,0.2076],[111.9765,0.1957],[111.9645,0.187],[111.9189,0.1826],[111.9107,0.1797],[111.8779,0.1792],[111.8717,0.1804],[111.8615,0.1859],[111.8576,0.192],[111.8509,0.2135],[111.8427,0.2244],[111.8365,0.2285],[111.8252,0.231],[111.8174,0.2299],[111.8078,0.2308],[111.7842,0.2372],[111.7733,0.2372],[111.7507,0.2411],[111.731,0.2465],[111.6992,0.2588],[111.6863,0.2648],[111.6772,0.2721],[111.6654,0.2931],[111.6555,0.3218],[111.6517,0.3366],[111.6528,0.3451],[111.6555,0.3527],[111.6617,0.3616],[111.6706,0.3683],[111.6796,0.372],[111.6873,0.3782],[111.6986,0.4099],[111.7104,0.4287],[111.7138,0.4446],[111.7295,0.4717],[111.7314,0.4798],[111.7294,0.4991],[111.7237,0.5157],[111.712,0.541],[111.7101,0.5544],[111.7125,0.5602],[111.7163,0.5646],[111.7323,0.5697],[111.7377,0.5729],[111.7409,0.5783],[111.7394,0.5913],[111.7346,0.5971],[111.7262,0.6028],[111.7219,0.6042],[111.7192,0.603],[111.6992,0.6106],[111.6923,0.6162],[111.6878,0.626],[111.6966,0.6419],[111.7173,0.6667],[111.7182,0.6755],[111.7157,0.6856],[111.7167,0.6984],[111.7257,0.7161],[111.7265,0.7265],[111.7293,0.7301],[111.7449,0.7372],[111.7489,0.7443],[111.7484,0.75],[111.7392,0.7677],[111.7266,0.781],[111.701,0.7998],[111.6777,0.8119],[111.6756,0.8158],[111.6725,0.8315],[111.6643,0.8454],[111.6565,0.8518],[111.6381,0.861],[111.6371,0.8827],[111.6277,0.9073],[111.6292,0.9177],[111.6234,0.9249],[111.6147,0.9296],[111.6057,0.9311],[111.5959,0.927],[111.5845,0.9189],[111.5668,0.9165],[111.5612,0.9182],[111.5524,0.922],[111.5436,0.9282],[111.5359,0.9377],[111.5276,0.9649],[111.5352,0.9606],[111.5404,0.9618],[111.5429,0.9635],[111.5446,0.9679],[111.5485,0.9852],[111.5519,0.9872],[111.5607,0.9882],[111.5673,0.9941],[111.5742,0.9951],[111.5847,0.9923],[111.5892,0.9936],[111.5944,0.998],[111.6018,1.0001],[111.6423,1.0356],[111.6581,1.0439],[111.6686,1.0467],[111.677,1.0439],[111.6852,1.0372],[111.6948,1.0344],[111.6996,1.0306],[111.7071,1.0279],[111.7078,1.0243],[111.7077,1.0278],[111.7158,1.0257],[111.7216,1.014],[111.7279,1.0109],[111.7414,1.0138],[111.7596,1.0217],[111.7658,1.0222],[111.7725,1.0165],[111.7763,1.0091],[111.785,1.0018],[111.7907,1.0017],[111.7934,1.0057],[111.7951,1.0162],[111.799,1.0185],[111.8053,1.0171],[111.8305,1.0046],[111.8505,1.0021],[111.8617,1.003],[111.8683,1.0051],[111.8725,1.0093],[111.8746,1.0155],[111.8778,1.0464],[111.8807,1.0507],[111.892,1.0658],[111.8975,1.0703],[111.9093,1.0759],[111.9146,1.0822],[111.9305,1.0938],[111.9418,1.1168],[111.9455,1.1217],[111.9577,1.1263],[111.9843,1.1277],[112.0049,1.1331],[112.0429,1.1341],[112.09,1.143],[112.1309,1.1426],[112.1492,1.1481],[112.1524,1.152],[112.1531,1.156],[112.1461,1.1713],[112.1436,1.1809],[112.1453,1.1868],[112.1581,1.2029],[112.1612,1.2111],[112.1626,1.2185],[112.1593,1.2375],[112.1598,1.2459],[112.168,1.2566],[112.1702,1.2623],[112.1706,1.2812],[112.1745,1.3019],[112.1813,1.3133],[112.1969,1.3247],[112.2036,1.3326],[112.2101,1.3446],[112.2179,1.3648],[112.2229,1.3831],[112.2213,1.393],[112.2067,1.4011],[112.1991,1.4102],[112.199,1.4314],[112.2005,1.436],[112.2046,1.4445],[112.2153,1.4537],[112.2276,1.4577],[112.2425,1.4587],[112.2672,1.4662],[112.2731,1.4691],[112.3163,1.5011],[112.3228,1.5035],[112.3314,1.5041],[112.3484,1.5018],[112.355,1.5039],[112.3632,1.5092],[112.3832,1.5137],[112.3939,1.5196],[112.4084,1.5204],[112.4291,1.5249],[112.4374,1.5332],[112.4485,1.5544],[112.4618,1.5612],[112.4723,1.571],[112.4861,1.5761],[112.5033,1.5763],[112.5098,1.5747],[112.526,1.5757],[112.5416,1.5721],[112.5954,1.5694],[112.6299,1.5634],[112.6501,1.5693],[112.6536,1.5681],[112.6654,1.5578],[112.6815,1.5524],[112.7024,1.5562],[112.7251,1.5654],[112.7322,1.5651],[112.7493,1.5579],[112.7664,1.5615],[112.777,1.5618],[112.7893,1.5554],[112.7962,1.5445],[112.8014,1.5397],[112.8118,1.5386],[112.8256,1.5414],[112.8399,1.5376],[112.8452,1.5428],[112.8528,1.5547],[112.8642,1.5632],[112.8728,1.5786],[112.8779,1.5835],[112.8842,1.5868],[112.8946,1.5875],[112.9047,1.5843],[112.9259,1.5683],[112.938,1.5693],[112.9476,1.5728],[112.9626,1.5657],[112.9706,1.5639],[112.9829,1.5694],[113.0018,1.5721],[113.0062,1.5694],[113.0547,1.5558],[113.0615,1.5448],[113.0626,1.5343],[113.0603,1.528],[113.0508,1.5228],[113.0452,1.5168],[113.0426,1.512],[113.0412,1.5012],[113.0393,1.4982],[113.0304,1.4931],[113.0298,1.4899],[113.0344,1.4805],[113.0326,1.4738],[113.0269,1.47],[113.0167,1.4673],[112.996,1.4555],[112.9821,1.452],[112.9763,1.4483],[112.9691,1.4354],[112.967,1.4257],[112.9697,1.4182],[112.97,1.412],[112.9735,1.4081],[112.9878,1.4097],[113.0121,1.4072],[113.0346,1.4139],[113.0439,1.4189],[113.0578,1.4212],[113.0701,1.4278],[113.077,1.4269],[113.0817,1.4282],[113.0896,1.4384],[113.1002,1.4393],[113.1104,1.4317],[113.1154,1.425],[113.1324,1.3942],[113.1395,1.3898],[113.1518,1.3891],[113.1722,1.3793],[113.1791,1.3784],[113.2,1.3808],[113.2149,1.3857],[113.2203,1.3903],[113.2254,1.392],[113.2302,1.391],[113.2398,1.3846],[113.2488,1.383],[113.2639,1.3918],[113.2719,1.387],[113.3005,1.3763],[113.3157,1.378],[113.3214,1.3771],[113.3355,1.3665],[113.3503,1.3597],[113.3554,1.3548],[113.3668,1.3262],[113.3871,1.3192],[113.3932,1.315],[113.4131,1.2907],[113.424,1.2834],[113.442,1.2854],[113.4626,1.3016],[113.4924,1.3125],[113.5132,1.3147],[113.5277,1.3206],[113.5417,1.3196],[113.5512,1.3149],[113.5622,1.3063],[113.5724,1.3062],[113.5808,1.3019],[113.5917,1.2796],[113.5979,1.2593],[113.6063,1.2536],[113.6212,1.2478],[113.6221,1.2427],[113.6207,1.2286],[113.6235,1.2204],[113.6368,1.2177],[113.6624,1.2214],[113.6722,1.2315],[113.6812,1.2369],[113.6996,1.2585],[113.7032,1.2609],[113.7438,1.2719],[113.759,1.2809],[113.7916,1.2928],[113.8009,1.2978],[113.8172,1.3113],[113.8273,1.3327],[113.8283,1.3378],[113.8265,1.3517],[113.8184,1.3587],[113.8187,1.3667],[113.8214,1.3709],[113.8316,1.3776],[113.8418,1.3802],[113.8511,1.3852],[113.8719,1.3873],[113.8864,1.4028],[113.8986,1.406],[113.9113,1.412],[113.9181,1.4104],[113.9272,1.4157],[113.934,1.4173],[113.9363,1.4198],[113.9395,1.4298],[113.9474,1.4384],[113.9533,1.4424],[113.9668,1.4456],[113.9788,1.4529],[113.9999,1.4534],[114.0158,1.4464],[114.0251,1.4468],[114.0795,1.4628],[114.0947,1.4631],[114.1054,1.4563],[114.1112,1.455],[114.1373,1.464],[114.1442,1.4615],[114.158,1.4443],[114.1652,1.4385],[114.1977,1.4212],[114.2011,1.4128],[114.1982,1.4073],[114.1913,1.406],[114.1841,1.3978],[114.1709,1.3972],[114.1664,1.3951],[114.154,1.3879],[114.1495,1.3837],[114.1484,1.3802],[114.1529,1.3701],[114.1501,1.3455],[114.154,1.3238],[114.1541,1.3103],[114.1499,1.3016],[114.1423,1.2954],[114.1432,1.2927],[114.1493,1.2904],[114.155,1.2853],[114.1553,1.2771],[114.1615,1.2684],[114.1616,1.2639],[114.1578,1.2607],[114.1507,1.2612],[114.145,1.2576],[114.1384,1.2494],[114.1347,1.2346],[114.1277,1.225],[114.1272,1.2224],[114.1296,1.2192],[114.138,1.2149],[114.1411,1.2088],[114.1418,1.2005],[114.1355,1.1864],[114.1226,1.1705],[114.1199,1.1587],[114.1175,1.1554],[114.115,1.1525],[114.1064,1.1492],[114.1,1.1482],[114.0953,1.1492],[114.088,1.1633],[114.0852,1.165],[114.0787,1.1591],[114.0714,1.148],[114.0565,1.1399],[114.0498,1.1342],[114.0447,1.1324],[114.0363,1.1389],[114.0344,1.1455],[114.0311,1.1489],[114.027,1.1482],[114.0118,1.1396],[114.0061,1.1456],[114.0005,1.1473],[113.9852,1.1443],[113.9803,1.1297],[113.9776,1.1269],[113.9704,1.1254],[113.9667,1.123],[113.9598,1.1151],[113.9573,1.1091],[113.9567,1.0963],[113.9476,1.0739],[113.9409,1.064],[113.9328,1.0623],[113.9131,1.0635],[113.9076,1.0624],[113.8991,1.0567],[113.8915,1.045],[113.8914,1.0353],[113.8954,1.0204],[113.8976,1.0178],[113.9134,1.0119],[113.9188,1.007],[113.9216,0.9919],[113.9183,0.9801],[113.9075,0.9538],[113.8959,0.9495],[113.8805,0.9261],[113.8824,0.9116],[113.878,0.8962],[113.8796,0.8892],[113.8837,0.8838],[113.9269,0.8459],[113.9283,0.8406],[113.9245,0.8213],[113.8997,0.8012],[113.8943,0.7937],[113.8914,0.7862],[113.8901,0.7779],[113.8917,0.7605],[113.8986,0.749],[113.8983,0.7432],[113.8949,0.7369],[113.8766,0.7137],[113.8579,0.7111],[113.8485,0.707],[113.8439,0.7029],[113.8367,0.6826],[113.843,0.662],[113.8358,0.6549],[113.8202,0.6482],[113.8143,0.6419],[113.8105,0.6324],[113.8073,0.6134],[113.8031,0.6061],[113.7919,0.6],[113.7809,0.5913],[113.777,0.5833],[113.7746,0.5646],[113.771,0.5627],[113.7649,0.5646],[113.7575,0.5628],[113.7484,0.5559],[113.7422,0.5483],[113.7372,0.5311],[113.7354,0.5301],[113.7232,0.5321],[113.7102,0.5248],[113.703,0.5258],[113.6988,0.5219],[113.6937,0.5097],[113.6892,0.5066],[113.6788,0.5059],[113.6729,0.5023],[113.6698,0.4943],[113.6644,0.4666],[113.6631,0.4454],[113.6587,0.4406],[113.6361,0.4253],[113.5883,0.4071],[113.5824,0.3982],[113.577,0.3835],[113.5715,0.3794],[113.5661,0.3794],[113.5605,0.3767],[113.5564,0.367],[113.5503,0.3593],[113.5361,0.3467],[113.52,0.3368],[113.5141,0.3306],[113.5161,0.3248],[113.5131,0.3211],[113.4844,0.3008],[113.452,0.2714],[113.44,0.2653],[113.423,0.2636],[113.4042,0.2661],[113.3895,0.272],[113.3817,0.2704],[113.3738,0.2717],[113.3662,0.2755],[113.352,0.2784],[113.3359,0.2727],[113.324,0.2728],[113.3152,0.2669],[113.2943,0.2574],[113.2842,0.2477],[113.273,0.2404],[113.2568,0.245],[113.1679,0.262],[113.1526,0.2574],[113.1385,0.2439],[113.1301,0.2419],[113.1147,0.2472],[113.1059,0.2535],[113.1011,0.2599],[113.104,0.2786],[113.101,0.2853],[113.0821,0.2918],[113.075,0.2997],[113.0649,0.316],[113.0574,0.3174],[113.036,0.3088],[113.0122,0.3084],[113.0017,0.2989],[112.9912,0.2969],[112.986,0.2926],[112.9787,0.2809],[112.9695,0.2706],[112.9619,0.2567],[112.9618,0.2473],[112.9701,0.2248],[112.9659,0.2059],[112.9639,0.2028],[112.9577,0.1996],[112.9486,0.1999],[112.9184,0.2066],[112.892,0.2092],[112.8582,0.21],[112.8447,0.2158],[112.8188,0.2333],[112.7936,0.241],[112.7792,0.2372],[112.7546,0.2187],[112.7422,0.2164],[112.7292,0.2198],[112.7018,0.2379],[112.6915,0.2409],[112.6832,0.241],[112.677,0.2389],[112.6609,0.2277],[112.6387,0.2164],[112.6305,0.2092],[112.6276,0.2026],[112.6281,0.199],[112.6448,0.1807],[112.6486,0.1717],[112.6463,0.1668],[112.6405,0.1613],[112.6191,0.1481],[112.6143,0.1476],[112.6064,0.1525],[112.589,0.1814],[112.5822,0.188],[112.575,0.2012],[112.568,0.2029],[112.5469,0.1914],[112.5411,0.1798],[112.5354,0.1795],[112.5217,0.1837],[112.5177,0.1794],[112.5069,0.1592],[112.505,0.1527],[112.5065,0.1431],[112.515,0.1288],[112.5151,0.1212],[112.5133,0.1192],[112.4997,0.1211],[112.4737,0.1311],[112.4228,0.1444],[112.4176,0.1429],[112.3977,0.1286],[112.3723,0.121],[112.3476,0.1172],[112.3221,0.1165],[112.3038,0.1195],[112.28,0.1277],[112.2696,0.1276],[112.2592,0.1227],[112.2497,0.1126],[112.2435,0.1092],[112.233,0.1076],[112.2164,0.1099],[112.2055,0.1053],[112.1889,0.0931],[112.1709,0.0898],[112.1577,0.0821],[112.1467,0.0799]]]}},{"type":"Feature","properties":{"name":"KayongUtara","name_en":"KayongUtara","admin_level":"5","osm_id":""},"geometry":{"type":"Polygon","coordinates":[[[109.7945,-1.0437],[109.7863,-1.0417],[109.7756,-1.0443],[109.768,-1.0332],[109.769,-1.0034],[109.7625,-0.9929],[109.7525,-0.989],[109.7474,-0.9895],[109.7421,-0.9928],[109.7324,-0.9874],[109.734,-0.9489],[109.7315,-0.935],[109.7271,-0.9247],[109.7278,-0.9206],[109.7305,-0.9171],[109.7353,-0.9146],[109.7482,-0.9138],[109.7554,-0.9074],[109.7589,-0.8988],[109.7582,-0.8963],[109.7543,-0.8952],[109.7568,-0.8895],[109.7696,-0.8865],[109.7803,-0.8751],[109.797,-0.8716],[109.8032,-0.8673],[109.8028,-0.8627],[109.7967,-0.8588],[109.7946,-0.8533],[109.7963,-0.8466],[109.8005,-0.8423],[109.8178,-0.8403],[109.8249,-0.8328],[109.8282,-0.8317],[109.8383,-0.8378],[109.8427,-0.8385],[109.845,-0.8372],[109.8536,-0.8241],[109.8563,-0.8232],[109.8602,-0.8243],[109.8643,-0.8301],[109.8669,-0.8303],[109.8802,-0.8238],[109.8939,-0.8221],[109.8926,-0.8081],[109.8942,-0.8021],[109.898,-0.8],[109.907,-0.7991],[109.9155,-0.7897],[109.9284,-0.7845],[109.9321,-0.7811],[109.9315,-0.7692],[109.9398,-0.7588],[109.9397,-0.7573],[109.9322,-0.7522],[109.9717,-0.7525],[110.0162,-0.758],[110.0573,-0.7597],[110.0978,-0.7759],[110.127,-0.7901],[110.1907,-0.8427],[110.2195,-0.8611],[110.2336,-0.866],[110.2819,-0.8742],[110.3461,-0.8751],[110.3531,-0.8738],[110.3644,-0.9036],[110.3759,-0.9581],[110.4002,-1.0494],[110.4043,-1.0592],[110.4004,-1.0597],[110.3993,-1.0642],[110.3951,-1.0632],[110.3964,-1.0707],[110.3937,-1.0708],[110.3965,-1.0723],[110.4,-1.0714],[110.4008,-1.0765],[110.3986,-1.0785],[110.3993,-1.0803],[110.4045,-1.0817],[110.4053,-1.0797],[110.4135,-1.0804],[110.4218,-1.0866],[110.4245,-1.0927],[110.414,-1.0986],[110.4132,-1.1001],[110.416,-1.103],[110.4209,-1.1043],[110.4262,-1.1004],[110.4319,-1.1079],[110.4412,-1.1069],[110.4458,-1.11],[110.4603,-1.1107],[110.4602,-1.1127],[110.4576,-1.1143],[110.4614,-1.1217],[110.4573,-1.1255],[110.4609,-1.1253],[110.4611,-1.1301],[110.4696,-1.1326],[110.4707,-1.1345],[110.4706,-1.139],[110.4652,-1.1415],[110.469,-1.1486],[110.4654,-1.1564],[110.4658,-1.1616],[110.462,-1.1664],[110.4625,-1.168],[110.4685,-1.1703],[110.4651,-1.1702],[110.4574,-1.1791],[110.4568,-1.1821],[110.4586,-1.1831],[110.4557,-1.1857],[110.455,-1.1913],[110.4533,-1.1929],[110.4545,-1.1965],[110.4511,-1.1957],[110.4498,-1.1969],[110.4501,-1.1987],[110.4528,-1.1982],[110.4544,-1.2002],[110.4503,-1.2043],[110.4517,-1.2078],[110.4467,-1.2071],[110.4454,-1.2089],[110.4463,-1.2121],[110.4444,-1.2203],[110.4477,-1.2237],[110.4479,-1.228],[110.4447,-1.228],[110.4441,-1.2317],[110.4413,-1.2341],[110.4187,-1.2255],[110.3813,-1.2268],[110.353,-1.2363],[110.3177,-1.2615],[110.2707,-1.3044],[110.2522,-1.3094],[110.2349,-1.3063],[110.2201,-1.3082],[110.205,-1.3174],[110.1848,-1.325],[110.1608,-1.3269],[110.1328,-1.3378],[110.1048,-1.3529],[110.0688,-1.3683],[110.0673,-1.3646],[110.0641,-1.3642],[110.0661,-1.3609],[110.0633,-1.3499],[110.0519,-1.3281],[110.0446,-1.3177],[110.0376,-1.3109],[110.0351,-1.3095],[110.0316,-1.3112],[110.0306,-1.309],[110.0326,-1.3074],[110.0328,-1.3029],[110.0203,-1.2891],[110.0001,-1.2763],[109.9935,-1.2738],[109.9925,-1.275],[109.9876,-1.2742],[109.9867,-1.2784],[109.9728,-1.2751],[109.9707,-1.2776],[109.9642,-1.2784],[109.9604,-1.273],[109.9608,-1.2641],[109.9559,-1.2617],[109.9523,-1.2617],[109.951,-1.2649],[109.9485,-1.2611],[109.9504,-1.2579],[109.9416,-1.2549],[109.9411,-1.2525],[109.939,-1.2514],[109.9419,-1.2491],[109.9452,-1.2496],[109.9486,-1.2425],[109.9472,-1.2361],[109.9441,-1.2322],[109.9424,-1.2317],[109.9394,-1.2354],[109.9365,-1.2323],[109.9335,-1.233],[109.9347,-1.2271],[109.9331,-1.2232],[109.9353,-1.2195],[109.9265,-1.2136],[109.9168,-1.2206],[109.9152,-1.2172],[109.9124,-1.2171],[109.9131,-1.212],[109.9118,-1.2093],[109.9078,-1.209],[109.9069,-1.204],[109.9099,-1.2032],[109.9109,-1.201],[109.9114,-1.1927],[109.9134,-1.191],[109.9169,-1.1913],[109.9211,-1.1852],[109.9229,-1.176],[109.9336,-1.1544],[109.9393,-1.1365],[109.9466,-1.125],[109.9424,-1.1209],[109.9403,-1.1232],[109.9371,-1.1225],[109.8858,-1.1002],[109.8557,-1.0905],[109.8429,-1.0878],[109.8308,-1.0882],[109.826,-1.0946],[109.8195,-1.0914],[109.8201,-1.0837],[109.8044,-1.0541],[109.8038,-1.0489],[109.7996,-1.0452],[109.7945,-1.0437]]]}},{"type":"Feature","properties":{"name":"Ketapang","name_en":"Ketapang","admin_level":"5","osm_id":""},"geometry":{"type":"Polygon","coordinates":[[[110.1197,-2.0805],[110.1182,-2.059],[110.1122,-2.0442],[110.113,-2.0386],[110.1186,-2.0311],[110.1189,-2.033],[110.1208,-2.0326],[110.1217,-2.0296],[110.1146,-2.0269],[110.1114,-2.0273],[110.1088,-2.0253],[110.1075,-2.0189],[110.1086,-2.0144],[110.1029,-1.9879],[110.1001,-1.9828],[110.1001,-1.9776],[110.098,-1.9759],[110.0964,-1.9696],[110.0913,-1.9618],[110.0913,-1.9587],[110.0886,-1.9585],[110.0762,-1.9394],[110.0628,-1.9274],[110.0458,-1.9179],[110.0113,-1.9077],[109.9964,-1.8998],[109.9821,-1.8876],[109.9615,-1.8735],[109.9445,-1.865],[109.9261,-1.8582],[109.9167,-1.8511],[109.9008,-1.8277],[109.9017,-1.8257],[109.9055,-1.8247],[109.9098,-1.8279],[109.9132,-1.8263],[109.9167,-1.827],[109.9194,-1.8299],[109.9269,-1.8317],[109.9286,-1.8303],[109.9243,-1.8191],[109.909,-1.8052],[109.912,-1.774],[109.9169,-1.7722],[109.9206,-1.7746],[109.9244,-1.7742],[109.9299,-1.7766],[109.943,-1.7774],[109.9459,-1.7741],[109.9402,-1.7649],[109.9409,-1.7623],[109.9488,-1.7639],[109.9575,-1.7623],[109.9753,-1.7494],[109.9843,-1.7397],[109.9979,-1.7166],[110.0169,-1.7006],[110.0267,-1.6827],[110.0332,-1.6634],[110.0363,-1.6451],[110.0386,-1.6089],[110.0413,-1.5926],[110.042,-1.5712],[110.0395,-1.5504],[110.0355,-1.533],[110.0363,-1.5227],[110.0442,-1.4954],[110.0577,-1.4742],[110.0612,-1.4627],[110.0639,-1.4595],[110.0612,-1.4431],[110.0576,-1.4338],[110.065,-1.4292],[110.0706,-1.4217],[110.0745,-1.4047],[110.074,-1.3873],[110.0688,-1.3683],[110.1048,-1.3529],[110.1328,-1.3378],[110.1608,-1.3269],[110.1848,-1.325],[110.205,-1.3174],[110.2201,-1.3082],[110.2349,-1.3063],[110.2522,-1.3094],[110.2707,-1.3044],[110.3177,-1.2615],[110.353,-1.2363],[110.3813,-1.2268],[110.4187,-1.2255],[110.4413,-1.2341],[110.4441,-1.2317],[110.4447,-1.228],[110.4479,-1.228],[110.4477,-1.2237],[110.4444,-1.2203],[110.4463,-1.2121],[110.4454,-1.2089],[110.4467,-1.2071],[110.4517,-1.2078],[110.4503,-1.2043],[110.4544,-1.2002],[110.4528,-1.1982],[110.4501,-1.1987],[110.4498,-1.1969],[110.4511,-1.1957],[110.4545,-1.1965],[110.4533,-1.1929],[110.455,-1.1913],[110.4557,-1.1857],[110.4586,-1.1831],[110.4568,-1.1821],[110.4574,-1.1791],[110.4651,-1.1702],[110.4685,-1.1703],[110.4625,-1.168],[110.462,-1.1664],[110.4658,-1.1616],[110.4654,-1.1564],[110.469,-1.1486],[110.4652,-1.1415],[110.4706,-1.139],[110.4706,-1.134],[110.4611,-1.1301],[110.4609,-1.1253],[110.4573,-1.1255],[110.4614,-1.1217],[110.4576,-1.1143],[110.4602,-1.1127],[110.4603,-1.1107],[110.4458,-1.11],[110.4412,-1.1069],[110.4319,-1.1079],[110.4262,-1.1004],[110.4209,-1.1043],[110.416,-1.103],[110.4132,-1.1001],[110.414,-1.0986],[110.4245,-1.0927],[110.4218,-1.0866],[110.4135,-1.0804],[110.4053,-1.0797],[110.4045,-1.0817],[110.3993,-1.0803],[110.3986,-1.0785],[110.4008,-1.0765],[110.4,-1.0714],[110.3965,-1.0723],[110.3937,-1.0708],[110.3964,-1.0707],[110.3951,-1.0632],[110.3993,-1.0642],[110.4004,-1.0597],[110.4043,-1.0592],[110.4002,-1.0494],[110.3759,-0.9581],[110.3644,-0.9036],[110.3531,-0.8738],[110.3461,-0.8751],[110.2819,-0.8742],[110.2336,-0.866],[110.2195,-0.8611],[110.1907,-0.8427],[110.127,-0.7901],[110.0978,-0.7759],[110.0573,-0.7597],[110.0162,-0.758],[109.9717,-0.7525],[109.9322,-0.7522],[109.9326,-0.7483],[109.9398,-0.7417],[109.9412,-0.734],[109.9411,-0.7299],[109.9344,-0.72],[109.9029,-0.7322],[109.898,-0.7317],[109.8887,-0.7268],[109.8791,-0.7146],[109.8791,-0.711],[109.885,-0.6997],[109.8843,-0.6915],[109.8804,-0.685],[109.8687,-0.6723],[109.8592,-0.6576],[109.8463,-0.659],[109.8416,-0.6645],[109.8406,-0.6726],[109.8385,-0.6754],[109.8246,-0.6723],[109.8219,-0.6805],[109.8185,-0.6822],[109.8148,-0.6818],[109.8121,-0.677],[109.8104,-0.668],[109.8146,-0.6429],[109.8264,-0.6318],[109.86,-0.6107],[109.8635,-0.6059],[109.8682,-0.5938],[109.881,-0.5864],[109.882,-0.5772],[109.8791,-0.5651],[109.88,-0.5612],[109.887,-0.5511],[109.9187,-0.531],[109.9258,-0.522],[109.9381,-0.5134],[109.9474,-0.4992],[109.9644,-0.4965],[109.9759,-0.4984],[109.9808,-0.4908],[109.9875,-0.4852],[109.9906,-0.484],[109.996,-0.4854],[109.996,-0.4833],[109.9922,-0.4787],[109.9937,-0.4726],[109.9966,-0.4714],[110.005,-0.4721],[110.0101,-0.46],[110.0145,-0.4582],[110.0153,-0.447],[110.0283,-0.4436],[110.0373,-0.4348],[110.0381,-0.4307],[110.0361,-0.4272],[110.0365,-0.4232],[110.0436,-0.4143],[110.0399,-0.4045],[110.0398,-0.3998],[110.0425,-0.3956],[110.0483,-0.3926],[110.0513,-0.3865],[110.0579,-0.3857],[110.0603,-0.3885],[110.0773,-0.3885],[110.0794,-0.3944],[110.0858,-0.398],[110.0923,-0.3984],[110.0988,-0.3968],[110.0998,-0.4007],[110.1032,-0.4043],[110.1006,-0.4053],[110.1,-0.4073],[110.1042,-0.4144],[110.1032,-0.4188],[110.108,-0.4185],[110.1062,-0.4208],[110.1081,-0.4239],[110.1063,-0.4261],[110.1085,-0.4274],[110.111,-0.4276],[110.1104,-0.4257],[110.1122,-0.4225],[110.1131,-0.4242],[110.1138,-0.4219],[110.1201,-0.4223],[110.12,-0.4248],[110.1305,-0.4248],[110.1353,-0.4281],[110.1414,-0.4289],[110.1468,-0.4344],[110.1505,-0.4354],[110.1564,-0.4284],[110.1672,-0.423],[110.1841,-0.4185],[110.1914,-0.4185],[110.1943,-0.4213],[110.213,-0.4193],[110.2155,-0.4208],[110.2153,-0.4237],[110.2262,-0.4271],[110.2314,-0.4326],[110.2456,-0.4377],[110.2511,-0.444],[110.2638,-0.4385],[110.2747,-0.4372],[110.2953,-0.448],[110.2999,-0.449],[110.3024,-0.4464],[110.3027,-0.4418],[110.3066,-0.4378],[110.3072,-0.432],[110.3115,-0.426],[110.3129,-0.4149],[110.3182,-0.4094],[110.3452,-0.3928],[110.3577,-0.3961],[110.3668,-0.3955],[110.3715,-0.4011],[110.3713,-0.4124],[110.3572,-0.4207],[110.3505,-0.4336],[110.3506,-0.4379],[110.3521,-0.4421],[110.3561,-0.4453],[110.3697,-0.4457],[110.3713,-0.4495],[110.3685,-0.4616],[110.3697,-0.466],[110.3762,-0.4674],[110.3818,-0.471],[110.3845,-0.4699],[110.3906,-0.4741],[110.3921,-0.4725],[110.3917,-0.4667],[110.3962,-0.4687],[110.3951,-0.4632],[110.3985,-0.4598],[110.3981,-0.4557],[110.4002,-0.4499],[110.4044,-0.448],[110.4059,-0.443],[110.4118,-0.4431],[110.412,-0.4377],[110.4144,-0.4341],[110.411,-0.4253],[110.413,-0.4204],[110.4109,-0.4123],[110.4129,-0.4022],[110.4065,-0.3831],[110.4024,-0.3771],[110.4165,-0.3674],[110.4269,-0.363],[110.4338,-0.3548],[110.4384,-0.3462],[110.4584,-0.3308],[110.4716,-0.3256],[110.5282,-0.3383],[110.5618,-0.3657],[110.5663,-0.3793],[110.5932,-0.4048],[110.6042,-0.4229],[110.6168,-0.4594],[110.6132,-0.4679],[110.6157,-0.4875],[110.6137,-0.5072],[110.6218,-0.5302],[110.6317,-0.5468],[110.6299,-0.5672],[110.6369,-0.6191],[110.6491,-0.6164],[110.6701,-0.6196],[110.6782,-0.6216],[110.6983,-0.6328],[110.7032,-0.632],[110.7154,-0.6231],[110.7203,-0.6223],[110.7281,-0.6226],[110.7319,-0.6294],[110.7362,-0.6255],[110.7489,-0.6221],[110.7651,-0.6094],[110.7744,-0.6089],[110.7755,-0.6068],[110.7827,-0.6068],[110.8039,-0.6011],[110.8127,-0.5896],[110.8437,-0.5678],[110.8468,-0.5553],[110.8463,-0.5413],[110.8504,-0.5272],[110.8599,-0.516],[110.8721,-0.5059],[110.8669,-0.4904],[110.8815,-0.4779],[110.8996,-0.4592],[110.9072,-0.458],[110.9214,-0.4622],[110.9258,-0.4678],[110.9357,-0.4701],[110.947,-0.4815],[110.9718,-0.485],[111.0178,-0.5036],[111.0296,-0.5012],[111.0509,-0.5029],[111.0654,-0.5007],[111.0689,-0.5019],[111.0842,-0.4991],[111.0885,-0.4972],[111.0889,-0.4955],[111.0916,-0.502],[111.0958,-0.5036],[111.1192,-0.5042],[111.1354,-0.514],[111.1546,-0.5161],[111.1805,-0.5138],[111.1964,-0.5195],[111.2152,-0.5403],[111.2216,-0.562],[111.2263,-0.5649],[111.2284,-0.5716],[111.2345,-0.5773],[111.2393,-0.5886],[111.2461,-0.587],[111.2655,-0.5878],[111.2679,-0.5979],[111.2667,-0.6076],[111.2651,-0.6098],[111.2477,-0.6205],[111.2461,-0.6283],[111.2217,-0.6587],[111.2215,-0.6637],[111.2402,-0.6898],[111.242,-0.6956],[111.2402,-0.7072],[111.241,-0.7188],[111.2383,-0.7294],[111.2365,-0.7344],[111.229,-0.741],[111.2339,-0.7839],[111.2118,-0.8319],[111.2173,-0.8422],[111.2183,-0.8475],[111.2164,-0.8558],[111.2177,-0.8636],[111.2052,-0.8775],[111.1967,-0.8805],[111.1937,-0.88],[111.1846,-0.868],[111.1778,-0.8622],[111.1708,-0.8611],[111.1637,-0.8631],[111.1558,-0.8746],[111.1679,-0.8953],[111.1706,-0.9042],[111.17,-0.9099],[111.1557,-0.9196],[111.1416,-0.9221],[111.1318,-0.9292],[111.1244,-0.9308],[111.1216,-0.9342],[111.1212,-0.9391],[111.1152,-0.9442],[111.1143,-0.9516],[111.1186,-0.9581],[111.1225,-0.9599],[111.1441,-0.9607],[111.1502,-0.9644],[111.1461,-0.9774],[111.1439,-1.0072],[111.153,-1.0097],[111.202,-1.0162],[111.2115,-1.0238],[111.2179,-1.0351],[111.2249,-1.04],[111.2369,-1.0567],[111.2386,-1.0571],[111.241,-1.0627],[111.2654,-1.0979],[111.2662,-1.1018],[111.2641,-1.1136],[111.2647,-1.1254],[111.2618,-1.1356],[111.2371,-1.1751],[111.2351,-1.183],[111.2396,-1.1935],[111.2473,-1.1977],[111.2604,-1.2091],[111.2611,-1.2142],[111.2569,-1.2308],[111.2604,-1.244],[111.266,-1.2538],[111.2714,-1.2585],[111.302,-1.2555],[111.3133,-1.2574],[111.3154,-1.2624],[111.3142,-1.2712],[111.3154,-1.2931],[111.3247,-1.3013],[111.3521,-1.3142],[111.3589,-1.3191],[111.3582,-1.321],[111.3494,-1.3265],[111.3407,-1.3255],[111.3327,-1.3324],[111.3311,-1.342],[111.3317,-1.3498],[111.3246,-1.3652],[111.3175,-1.37],[111.2784,-1.4059],[111.2596,-1.4163],[111.2475,-1.4196],[111.2228,-1.4208],[111.2186,-1.4228],[111.2073,-1.4343],[111.2005,-1.4372],[111.1965,-1.438],[111.1634,-1.4333],[111.1573,-1.4343],[111.1479,-1.4415],[111.1384,-1.451],[111.1327,-1.4598],[111.129,-1.4734],[111.1277,-1.4988],[111.1218,-1.5072],[111.1182,-1.5174],[111.1186,-1.5311],[111.1232,-1.5443],[111.1223,-1.5495],[111.1187,-1.5528],[111.098,-1.5524],[111.0843,-1.5588],[111.0754,-1.5595],[111.0718,-1.5567],[111.0696,-1.5515],[111.0683,-1.5392],[111.0598,-1.5355],[111.0491,-1.5397],[111.0349,-1.5407],[111.0275,-1.5481],[111.0215,-1.5584],[111.0171,-1.5625],[111.0133,-1.5625],[111.0084,-1.5619],[110.9955,-1.5558],[110.9897,-1.5405],[110.9839,-1.5387],[110.9793,-1.5392],[110.9731,-1.5441],[110.9691,-1.5521],[110.9623,-1.5594],[110.9564,-1.57],[110.9557,-1.5748],[110.9522,-1.5791],[110.9452,-1.5822],[110.9133,-1.5846],[110.8997,-1.5917],[110.8939,-1.6011],[110.8897,-1.6125],[110.8816,-1.6189],[110.8589,-1.6305],[110.8538,-1.6364],[110.8567,-1.6449],[110.8551,-1.6738],[110.8638,-1.6826],[110.8825,-1.6794],[110.8865,-1.6815],[110.8927,-1.6892],[110.8935,-1.7016],[110.9006,-1.7131],[110.9043,-1.7124],[110.9166,-1.7203],[110.9288,-1.7181],[110.9429,-1.7104],[110.9486,-1.7],[110.9527,-1.6841],[110.9557,-1.679],[110.963,-1.6722],[110.9745,-1.6691],[110.986,-1.6764],[111.0033,-1.6968],[111.0067,-1.7065],[111.0053,-1.7266],[111.0132,-1.7365],[111.0162,-1.7443],[111.0122,-1.7579],[111.0139,-1.7777],[111.0043,-1.8023],[110.9865,-1.8174],[110.9781,-1.8377],[110.9744,-1.8779],[110.9769,-1.8837],[110.9821,-1.8896],[110.9936,-1.8974],[110.996,-1.9091],[110.9947,-1.92],[110.9904,-1.9296],[110.9811,-1.941],[110.9798,-1.9503],[110.9845,-1.9557],[110.9904,-1.9572],[111.0128,-1.9543],[111.018,-1.9561],[111.0532,-1.9896],[111.0554,-1.9932],[111.056,-1.999],[111.0535,-2.0022],[111.0551,-2.0074],[111.0542,-2.0096],[111.0575,-2.0136],[111.0752,-2.0153],[111.085,-2.0126],[111.0859,-2.0162],[111.0897,-2.0148],[111.091,-2.0201],[111.0886,-2.0232],[111.0831,-2.0451],[111.0667,-2.053],[111.0601,-2.0582],[111.0573,-2.0718],[111.0593,-2.0885],[111.0659,-2.1153],[111.0676,-2.1309],[111.0712,-2.1427],[111.0787,-2.1549],[111.0788,-2.1612],[111.0732,-2.1775],[111.0638,-2.184],[111.0658,-2.1972],[111.063,-2.2029],[111.0406,-2.2222],[111.0346,-2.2325],[111.0318,-2.2422],[111.0326,-2.247],[111.0414,-2.2625],[111.0494,-2.2723],[111.0585,-2.2781],[111.0702,-2.3008],[111.0798,-2.3389],[111.0895,-2.3629],[111.096,-2.3997],[111.1032,-2.4241],[111.106,-2.449],[111.1055,-2.4842],[111.1143,-2.5152],[111.1161,-2.5417],[111.1344,-2.5955],[111.1363,-2.6113],[111.1337,-2.6244],[111.128,-2.6349],[111.12,-2.6427],[111.1183,-2.647],[111.1186,-2.6526],[111.1282,-2.6661],[111.1357,-2.6704],[111.144,-2.672],[111.1593,-2.6708],[111.1648,-2.6722],[111.169,-2.6782],[111.1716,-2.6859],[111.1714,-2.6939],[111.166,-2.7101],[111.1574,-2.7178],[111.1559,-2.7248],[111.1482,-2.7394],[111.1279,-2.7529],[111.1129,-2.7582],[111.1011,-2.768],[111.0823,-2.7721],[111.0737,-2.7776],[111.0581,-2.7824],[111.042,-2.7858],[111.0322,-2.7858],[111.0121,-2.7945],[111.006,-2.8025],[110.9988,-2.8269],[110.992,-2.8338],[110.9762,-2.8414],[110.9718,-2.852],[110.9666,-2.8579],[110.9466,-2.865],[110.9303,-2.868],[110.915,-2.8665],[110.8916,-2.8707],[110.8854,-2.8747],[110.8792,-2.8825],[110.8595,-2.8874],[110.8393,-2.8948],[110.8285,-2.9058],[110.7995,-2.9071],[110.7938,-2.9093],[110.7552,-2.9424],[110.7443,-2.9629],[110.7368,-2.9823],[110.7322,-2.9873],[110.7289,-2.9878],[110.7271,-3.0022],[110.7136,-3.0072],[110.6884,-3.0201],[110.6793,-3.0275],[110.6798,-3.0293],[110.6777,-3.0286],[110.6736,-3.0332],[110.6665,-3.0354],[110.6602,-3.0408],[110.653,-3.0419],[110.6333,-3.0302],[110.6309,-3.0271],[110.6327,-3.0236],[110.6311,-3.0172],[110.6111,-2.9909],[110.612,-2.9849],[110.6245,-2.9912],[110.63,-2.9923],[110.6374,-2.9923],[110.648,-2.9887],[110.6416,-2.9878],[110.6378,-2.9831],[110.6336,-2.9284],[110.6309,-2.9136],[110.6234,-2.8903],[110.6149,-2.873],[110.5977,-2.8544],[110.5785,-2.8421],[110.5647,-2.8376],[110.5542,-2.838],[110.5382,-2.8418],[110.5293,-2.8445],[110.524,-2.8483],[110.5113,-2.8503],[110.4768,-2.8662],[110.415,-2.899],[110.3515,-2.9473],[110.3184,-2.9781],[110.3076,-2.9907],[110.3056,-2.9957],[110.3006,-2.9898],[110.3017,-2.986],[110.2944,-2.9791],[110.2834,-2.9714],[110.2652,-2.9647],[110.26,-2.9612],[110.2564,-2.9531],[110.2525,-2.9321],[110.2483,-2.9196],[110.2393,-2.9053],[110.2294,-2.8959],[110.2242,-2.886],[110.2405,-2.8682],[110.252,-2.8497],[110.2626,-2.8157],[110.2652,-2.7954],[110.2642,-2.7787],[110.2573,-2.7583],[110.2446,-2.7529],[110.2378,-2.7476],[110.2269,-2.7428],[110.2238,-2.7396],[110.2187,-2.7392],[110.2289,-2.7284],[110.231,-2.7239],[110.2321,-2.7166],[110.2286,-2.7119],[110.2337,-2.6971],[110.231,-2.6896],[110.2223,-2.6828],[110.2212,-2.6745],[110.2185,-2.6736],[110.2196,-2.6713],[110.2172,-2.6689],[110.2189,-2.6668],[110.2187,-2.6598],[110.2161,-2.6512],[110.2121,-2.6455],[110.1992,-2.6375],[110.1901,-2.6339],[110.1799,-2.6342],[110.1716,-2.6304],[110.1679,-2.6321],[110.1657,-2.631],[110.1635,-2.6335],[110.1596,-2.6345],[110.158,-2.6287],[110.1509,-2.6252],[110.1525,-2.6227],[110.1491,-2.6211],[110.1507,-2.6175],[110.1532,-2.6181],[110.1541,-2.6163],[110.156,-2.6165],[110.1534,-2.6132],[110.1572,-2.6143],[110.1558,-2.6115],[110.1594,-2.6105],[110.1573,-2.6084],[110.1619,-2.6078],[110.1631,-2.6016],[110.1661,-2.5996],[110.1676,-2.6013],[110.1688,-2.5996],[110.1736,-2.6027],[110.174,-2.5996],[110.1762,-2.5981],[110.1732,-2.597],[110.1763,-2.5955],[110.1764,-2.5929],[110.1779,-2.5934],[110.1791,-2.5903],[110.1825,-2.5909],[110.1847,-2.5887],[110.1903,-2.5688],[110.1921,-2.5442],[110.1955,-2.5341],[110.1962,-2.5177],[110.1912,-2.5028],[110.1885,-2.4989],[110.1847,-2.4983],[110.1861,-2.4891],[110.1841,-2.4818],[110.182,-2.4568],[110.1759,-2.4503],[110.1739,-2.4504],[110.1729,-2.4471],[110.1649,-2.4375],[110.161,-2.4345],[110.1546,-2.4333],[110.1533,-2.4303],[110.1491,-2.4288],[110.152,-2.4231],[110.151,-2.4192],[110.153,-2.4155],[110.1532,-2.4107],[110.1486,-2.3694],[110.1435,-2.3536],[110.145,-2.3473],[110.1427,-2.3456],[110.1449,-2.3456],[110.146,-2.3357],[110.145,-2.3253],[110.1405,-2.3084],[110.1151,-2.2635],[110.0989,-2.2467],[110.0872,-2.2406],[110.085,-2.2427],[110.0784,-2.2429],[110.0772,-2.2468],[110.0683,-2.246],[110.0648,-2.2477],[110.062,-2.2452],[110.0708,-2.2366],[110.0774,-2.2418],[110.0827,-2.2389],[110.086,-2.2356],[110.0917,-2.2246],[110.0944,-2.209],[110.0941,-2.1991],[110.092,-2.1939],[110.087,-2.1931],[110.084,-2.1896],[110.0849,-2.1816],[110.0861,-2.1782],[110.0905,-2.1786],[110.0992,-2.1705],[110.109,-2.1547],[110.1162,-2.124],[110.1153,-2.1102],[110.1197,-2.0911],[110.1197,-2.0805]]]}},{"type":"Feature","properties":{"name":"KotaPontianak","name_en":"KotaPontianak","admin_level":"5","osm_id":""},"geometry":{"type":"Polygon","coordinates":[[[109.3603,-0.0715],[109.3431,-0.0983],[109.3172,-0.0752],[109.3139,-0.082],[109.307,-0.0771],[109.3109,-0.0696],[109.3036,-0.0631],[109.285,-0.0409],[109.2823,-0.0435],[109.2721,-0.0273],[109.2808,-0.0171],[109.2854,-0.0169],[109.2871,0.0016],[109.2979,-0.002],[109.306,-0.0009],[109.315,-0.003],[109.3428,-0.0233],[109.3506,-0.0377],[109.3634,-0.0514],[109.368,-0.0586],[109.3603,-0.0715]]]}},{"type":"Feature","properties":{"name":"KubuRaya","name_en":"KubuRaya","admin_level":"5","osm_id":""},"geometry":{"type":"Polygon","coordinates":[[[109.3236,-0.5742],[109.3224,-0.5842],[109.3239,-0.588],[109.3179,-0.5933],[109.3095,-0.5943],[109.3023,-0.5921],[109.2943,-0.5919],[109.2821,-0.5983],[109.2691,-0.599],[109.2631,-0.601],[109.2583,-0.5994],[109.2564,-0.6036],[109.2514,-0.605],[109.2444,-0.5971],[109.2321,-0.5927],[109.2272,-0.5893],[109.2246,-0.5834],[109.2269,-0.5717],[109.2231,-0.5707],[109.2219,-0.5671],[109.218,-0.5653],[109.2162,-0.5611],[109.2019,-0.5521],[109.1955,-0.5533],[109.1876,-0.5521],[109.1867,-0.5542],[109.1926,-0.5599],[109.1936,-0.5643],[109.1896,-0.5681],[109.1839,-0.5701],[109.1635,-0.5739],[109.1589,-0.5733],[109.1524,-0.5681],[109.1473,-0.5663],[109.1425,-0.5627],[109.1271,-0.5393],[109.1153,-0.5102],[109.1131,-0.4972],[109.1121,-0.4689],[109.1136,-0.4487],[109.1159,-0.4424],[109.1163,-0.4355],[109.098,-0.3611],[109.0993,-0.3494],[109.1034,-0.3444],[109.1098,-0.3528],[109.1188,-0.3591],[109.126,-0.3618],[109.142,-0.3628],[109.1615,-0.372],[109.1651,-0.3697],[109.1588,-0.3682],[109.1501,-0.3578],[109.1151,-0.3436],[109.1139,-0.3305],[109.1114,-0.3237],[109.1073,-0.3193],[109.1051,-0.3063],[109.1001,-0.2985],[109.0977,-0.2982],[109.095,-0.2933],[109.0906,-0.2906],[109.0879,-0.2862],[109.0875,-0.2795],[109.0897,-0.2746],[109.1033,-0.2675],[109.1067,-0.2674],[109.1204,-0.2591],[109.1228,-0.2565],[109.121,-0.256],[109.1328,-0.2382],[109.1458,-0.2345],[109.1532,-0.2344],[109.162,-0.2304],[109.1727,-0.2316],[109.1771,-0.2254],[109.1985,-0.2206],[109.2106,-0.2272],[109.2194,-0.243],[109.2245,-0.2482],[109.2521,-0.2653],[109.2659,-0.2689],[109.279,-0.28],[109.289,-0.2826],[109.2893,-0.2787],[109.281,-0.2772],[109.2676,-0.2662],[109.2543,-0.2628],[109.2257,-0.242],[109.2136,-0.2229],[109.1888,-0.2064],[109.1818,-0.1963],[109.1814,-0.1909],[109.1843,-0.1767],[109.1839,-0.1604],[109.1899,-0.136],[109.1889,-0.1277],[109.1839,-0.1178],[109.1823,-0.0976],[109.1853,-0.096],[109.1877,-0.091],[109.1849,-0.0857],[109.1795,-0.0821],[109.1777,-0.078],[109.1755,-0.0702],[109.1775,-0.064],[109.1664,-0.0506],[109.1607,-0.0467],[109.1592,-0.0403],[109.1613,-0.0223],[109.167,0.0018],[109.1687,0.0258],[109.1709,0.0337],[109.1812,0.0333],[109.2218,0.0173],[109.2409,0.0163],[109.2641,0.0105],[109.2871,0.0016],[109.2854,-0.0169],[109.2808,-0.0171],[109.2721,-0.0273],[109.2823,-0.0435],[109.285,-0.0409],[109.3036,-0.0631],[109.3109,-0.0696],[109.307,-0.0771],[109.3139,-0.082],[109.3172,-0.0752],[109.3431,-0.0983],[109.366,-0.0602],[109.3677,-0.0588],[109.3717,-0.0629],[109.3841,-0.0522],[109.371,-0.0361],[109.3761,-0.0313],[109.3789,-0.0321],[109.3827,-0.0296],[109.3838,-0.0239],[109.3766,-0.0215],[109.3789,-0.016],[109.3776,-0.0153],[109.3791,-0.014],[109.3777,-0.0137],[109.3776,-0.0073],[109.3695,0.0096],[109.3711,0.0209],[109.3685,0.036],[109.3636,0.0474],[109.3642,0.0544],[109.3693,0.0616],[109.3714,0.0685],[109.359,0.0891],[109.3574,0.1019],[109.3592,0.1181],[109.3579,0.1224],[109.3508,0.132],[109.3514,0.2066],[109.3546,0.218],[109.3639,0.2337],[109.3793,0.2521],[109.3836,0.2551],[109.4324,0.2563],[109.447,0.2548],[109.4578,0.2495],[109.4739,0.2467],[109.4853,0.2345],[109.4944,0.2296],[109.4959,0.2221],[109.4944,0.2204],[109.4913,0.2202],[109.4878,0.2146],[109.4893,0.2064],[109.493,0.2024],[109.489,0.192],[109.4908,0.185],[109.4886,0.1858],[109.4901,0.1782],[109.487,0.1756],[109.4878,0.1665],[109.4915,0.1622],[109.4924,0.1645],[109.4949,0.1649],[109.4954,0.1607],[109.4998,0.1566],[109.5015,0.1499],[109.4996,0.1461],[109.507,0.1455],[109.5074,0.1391],[109.5018,0.14],[109.5013,0.1388],[109.5037,0.136],[109.5067,0.1358],[109.5073,0.1317],[109.5103,0.1277],[109.5078,0.1241],[109.5113,0.1179],[109.5008,0.0989],[109.5032,0.0926],[109.5011,0.0915],[109.4964,0.0927],[109.4954,0.0902],[109.5001,0.087],[109.5015,0.0691],[109.508,0.0633],[109.5211,0.042],[109.522,0.0383],[109.5209,0.0341],[109.514,0.0246],[109.5085,0.0085],[109.5075,0.0032],[109.5105,-0.0093],[109.5008,-0.024],[109.5029,-0.0315],[109.5134,-0.0245],[109.5255,-0.0243],[109.5311,-0.0166],[109.5486,-0.0103],[109.5492,-0.0072],[109.5434,-0.0025],[109.5432,0.0005],[109.5502,-0.0013],[109.5568,0.0023],[109.5621,0.0019],[109.5625,-0.0001],[109.5575,-0.005],[109.5621,-0.0136],[109.5676,-0.0028],[109.5809,-0.0042],[109.5811,-0.0009],[109.5703,0.0073],[109.5792,0.0153],[109.5822,0.0148],[109.5874,0.0092],[109.5891,0.0131],[109.5892,0.0219],[109.5873,0.026],[109.5848,0.0278],[109.5806,0.022],[109.579,0.0219],[109.577,0.0285],[109.5678,0.032],[109.5678,0.0344],[109.5724,0.0386],[109.5821,0.0347],[109.5841,0.0356],[109.5853,0.0404],[109.5921,0.0396],[109.5938,0.0354],[109.5924,0.0258],[109.5935,0.0244],[109.6045,0.0356],[109.6128,0.0195],[109.6145,0.0201],[109.6149,0.0223],[109.6115,0.0326],[109.6145,0.0359],[109.6167,0.0355],[109.6144,0.0301],[109.6153,0.0266],[109.6209,0.0236],[109.6272,0.0258],[109.6263,0.0339],[109.6279,0.0371],[109.6306,0.0367],[109.6339,0.0324],[109.6355,0.0334],[109.6355,0.0422],[109.6291,0.0461],[109.6333,0.0499],[109.6453,0.0519],[109.6426,0.0441],[109.6434,0.0404],[109.6529,0.0363],[109.6571,0.0367],[109.6568,0.0398],[109.6502,0.0438],[109.6496,0.0511],[109.6522,0.0513],[109.6591,0.0417],[109.664,0.0419],[109.6643,0.0452],[109.6567,0.0503],[109.6562,0.0565],[109.6586,0.0596],[109.6675,0.0561],[109.6601,0.0615],[109.6586,0.0645],[109.6623,0.0664],[109.6669,0.0614],[109.6704,0.0722],[109.6724,0.0708],[109.6709,0.0615],[109.6733,0.0569],[109.6771,0.0682],[109.6812,0.0643],[109.6845,0.0644],[109.689,0.0675],[109.6956,0.0639],[109.6919,0.0705],[109.701,0.0773],[109.7064,0.0738],[109.7119,0.0734],[109.7135,0.0693],[109.7173,0.0759],[109.7249,0.0778],[109.7297,0.0766],[109.7466,0.0852],[109.7498,0.0926],[109.754,0.0908],[109.7636,0.08],[109.7683,0.0771],[109.7741,0.0782],[109.7833,0.0872],[109.7875,0.0869],[109.7946,0.0901],[109.808,0.0876],[109.8129,0.0849],[109.8304,0.0907],[109.8434,0.0905],[109.8692,0.0859],[109.8608,0.0759],[109.8592,0.0691],[109.8608,0.0512],[109.8599,0.0465],[109.8641,0.0384],[109.8563,0.025],[109.8381,0.0253],[109.8361,0.0242],[109.8347,0.0192],[109.8418,-0.0],[109.8478,-0.0459],[109.8602,-0.0567],[109.8664,-0.0659],[109.8734,-0.0707],[109.875,-0.0807],[109.8795,-0.0866],[109.8904,-0.0967],[109.895,-0.1032],[109.9037,-0.1069],[109.9004,-0.1207],[109.9012,-0.1292],[109.9042,-0.1342],[109.9078,-0.1382],[109.9202,-0.1453],[109.9199,-0.1473],[109.9147,-0.15],[109.9192,-0.1519],[109.929,-0.1497],[109.9389,-0.1434],[109.9381,-0.163],[109.9419,-0.1893],[109.9403,-0.2139],[109.9415,-0.2249],[109.949,-0.241],[109.9497,-0.2481],[109.9482,-0.2576],[109.9515,-0.2616],[109.9618,-0.2684],[109.9648,-0.2741],[109.9657,-0.2814],[109.9503,-0.3024],[109.9362,-0.3107],[109.9306,-0.3186],[109.9305,-0.3222],[109.9334,-0.3284],[109.9464,-0.3403],[109.9484,-0.3465],[109.9438,-0.3515],[109.9385,-0.3529],[109.9301,-0.3523],[109.9225,-0.3569],[109.9206,-0.3646],[109.9206,-0.4016],[109.9225,-0.4081],[109.9274,-0.4133],[109.9534,-0.4254],[109.9671,-0.4292],[109.9717,-0.4331],[109.9722,-0.4408],[109.9684,-0.4446],[109.9638,-0.4442],[109.9529,-0.4396],[109.9485,-0.44],[109.946,-0.4436],[109.9503,-0.4483],[109.9676,-0.4533],[109.9723,-0.4634],[109.9729,-0.4754],[109.9697,-0.4802],[109.9614,-0.4836],[109.9587,-0.4863],[109.96,-0.4899],[109.966,-0.4943],[109.966,-0.4959],[109.9474,-0.4992],[109.9381,-0.5134],[109.9258,-0.522],[109.9187,-0.531],[109.8923,-0.5474],[109.8848,-0.5536],[109.8791,-0.5651],[109.882,-0.5772],[109.8811,-0.5862],[109.8682,-0.5938],[109.8635,-0.6059],[109.86,-0.6107],[109.8264,-0.6318],[109.8161,-0.6408],[109.8139,-0.6455],[109.8104,-0.668],[109.8133,-0.6802],[109.8185,-0.6822],[109.8219,-0.6805],[109.8246,-0.6723],[109.8385,-0.6754],[109.8406,-0.6726],[109.8416,-0.6645],[109.8463,-0.659],[109.8592,-0.6576],[109.8687,-0.6723],[109.8804,-0.685],[109.8843,-0.6915],[109.885,-0.6997],[109.8791,-0.711],[109.8791,-0.7146],[109.8887,-0.7268],[109.898,-0.7317],[109.9029,-0.7322],[109.9344,-0.72],[109.9411,-0.7299],[109.9412,-0.734],[109.9398,-0.7417],[109.9322,-0.7492],[109.933,-0.7533],[109.9385,-0.7564],[109.9398,-0.7588],[109.9315,-0.7692],[109.9315,-0.7822],[109.9155,-0.7897],[109.907,-0.7991],[109.898,-0.8],[109.8942,-0.8021],[109.8926,-0.8081],[109.8941,-0.8204],[109.8931,-0.8226],[109.8802,-0.8238],[109.8656,-0.8303],[109.8602,-0.8243],[109.8563,-0.8232],[109.8536,-0.8241],[109.845,-0.8372],[109.8427,-0.8385],[109.8383,-0.8378],[109.8282,-0.8317],[109.8249,-0.8328],[109.8178,-0.8403],[109.8005,-0.8423],[109.7963,-0.8466],[109.7946,-0.8533],[109.7967,-0.8588],[109.8028,-0.8627],[109.8032,-0.8673],[109.797,-0.8716],[109.7803,-0.8751],[109.7717,-0.8855],[109.7596,-0.8878],[109.7568,-0.8895],[109.7543,-0.8952],[109.7503,-0.894],[109.7392,-0.8835],[109.7404,-0.8804],[109.7463,-0.8789],[109.7507,-0.8749],[109.7507,-0.8684],[109.7472,-0.8627],[109.7411,-0.8594],[109.7316,-0.8615],[109.7281,-0.8692],[109.7251,-0.8709],[109.7189,-0.8692],[109.7167,-0.8667],[109.7163,-0.8624],[109.7202,-0.8563],[109.7212,-0.8498],[109.7136,-0.828],[109.6912,-0.8233],[109.6832,-0.8293],[109.6792,-0.8292],[109.6678,-0.8195],[109.6655,-0.8102],[109.6618,-0.8058],[109.6513,-0.8033],[109.6437,-0.7986],[109.6357,-0.7963],[109.6381,-0.7865],[109.6341,-0.7808],[109.6347,-0.7753],[109.6319,-0.7515],[109.6595,-0.75],[109.6709,-0.7543],[109.6713,-0.7462],[109.6762,-0.746],[109.6765,-0.7449],[109.6756,-0.7422],[109.6722,-0.7395],[109.677,-0.7374],[109.685,-0.7278],[109.6878,-0.727],[109.6893,-0.7252],[109.6918,-0.7273],[109.6962,-0.7202],[109.6968,-0.7161],[109.6881,-0.7142],[109.6888,-0.7121],[109.6878,-0.709],[109.6889,-0.7057],[109.6849,-0.7054],[109.6791,-0.7014],[109.6674,-0.7004],[109.6742,-0.6979],[109.6754,-0.6949],[109.6722,-0.6905],[109.6698,-0.69],[109.6672,-0.6826],[109.6585,-0.6774],[109.6575,-0.6712],[109.6525,-0.6735],[109.6472,-0.6834],[109.64,-0.6841],[109.6323,-0.6889],[109.618,-0.6896],[109.6176,-0.6848],[109.6125,-0.6831],[109.6073,-0.6851],[109.6009,-0.6915],[109.596,-0.6936],[109.5877,-0.6895],[109.5872,-0.6827],[109.5834,-0.6778],[109.5875,-0.6629],[109.5862,-0.6527],[109.5845,-0.6507],[109.5775,-0.6526],[109.573,-0.65],[109.569,-0.6536],[109.5664,-0.6505],[109.5623,-0.6503],[109.5573,-0.6541],[109.5531,-0.6499],[109.5465,-0.6519],[109.5452,-0.6469],[109.5429,-0.6446],[109.5293,-0.6441],[109.5286,-0.6392],[109.5265,-0.6373],[109.5232,-0.6377],[109.5169,-0.6424],[109.5119,-0.6358],[109.5032,-0.6361],[109.495,-0.6244],[109.4812,-0.6254],[109.4769,-0.6205],[109.4768,-0.6166],[109.4754,-0.6161],[109.4612,-0.6256],[109.4532,-0.6225],[109.4455,-0.6262],[109.4154,-0.6313],[109.4023,-0.6232],[109.3981,-0.6168],[109.3897,-0.61],[109.3824,-0.5973],[109.3813,-0.5903],[109.3742,-0.5846],[109.3558,-0.5836],[109.3414,-0.5896],[109.3296,-0.5885],[109.3246,-0.5838],[109.334,-0.5764],[109.3347,-0.5748],[109.3343,-0.5724],[109.3249,-0.5725],[109.3236,-0.5742]]]}},{"type":"Feature","properties":{"name":"Landak","name_en":"Landak","admin_level":"5","osm_id":""},"geometry":{"type":"Polygon","coordinates":[[[109.6316,0.0352],[109.6293,0.0373],[109.6268,0.0358],[109.6272,0.0258],[109.6233,0.0236],[109.6157,0.0261],[109.6144,0.0301],[109.6167,0.0355],[109.6129,0.0347],[109.6115,0.0299],[109.6149,0.0217],[109.6128,0.0195],[109.6045,0.0356],[109.5935,0.0244],[109.5924,0.0258],[109.5938,0.0354],[109.5921,0.0396],[109.5853,0.0404],[109.5841,0.0356],[109.5821,0.0347],[109.5724,0.0386],[109.5678,0.0344],[109.5678,0.032],[109.577,0.0285],[109.579,0.0219],[109.5806,0.022],[109.5848,0.0278],[109.5873,0.026],[109.5892,0.0219],[109.5891,0.0131],[109.5874,0.0092],[109.5822,0.0148],[109.5792,0.0153],[109.5703,0.0073],[109.5811,-0.0009],[109.5809,-0.0042],[109.5676,-0.0028],[109.5621,-0.0136],[109.5575,-0.005],[109.5625,-0.0001],[109.5621,0.0019],[109.5568,0.0023],[109.5502,-0.0013],[109.5432,0.0005],[109.5434,-0.0025],[109.5492,-0.0072],[109.5486,-0.0103],[109.5311,-0.0166],[109.5255,-0.0243],[109.5134,-0.0245],[109.5029,-0.0315],[109.5008,-0.024],[109.5105,-0.0093],[109.5075,0.0032],[109.5085,0.0085],[109.514,0.0246],[109.5209,0.0341],[109.522,0.0383],[109.5211,0.042],[109.508,0.0633],[109.5015,0.0691],[109.5001,0.087],[109.4954,0.0902],[109.4964,0.0927],[109.5011,0.0915],[109.5032,0.0926],[109.5008,0.0989],[109.5113,0.1179],[109.5078,0.1241],[109.5103,0.1277],[109.5073,0.1317],[109.5067,0.1358],[109.5037,0.136],[109.5013,0.1388],[109.5018,0.14],[109.5074,0.1391],[109.507,0.1455],[109.4996,0.1461],[109.5015,0.1499],[109.4998,0.1566],[109.4954,0.1607],[109.4949,0.1649],[109.4924,0.1645],[109.4915,0.1622],[109.4878,0.1665],[109.487,0.1756],[109.4901,0.1782],[109.4886,0.1858],[109.4908,0.185],[109.489,0.192],[109.493,0.2024],[109.4893,0.2064],[109.4878,0.2146],[109.4913,0.2202],[109.4944,0.2204],[109.4959,0.2221],[109.4944,0.2296],[109.4853,0.2345],[109.4739,0.2467],[109.4578,0.2495],[109.447,0.2548],[109.4056,0.2563],[109.3855,0.2543],[109.3618,0.2633],[109.3209,0.2674],[109.2811,0.2669],[109.2731,0.2638],[109.2599,0.2638],[109.2529,0.2729],[109.2458,0.2774],[109.2176,0.2805],[109.2005,0.2901],[109.204,0.3037],[109.2088,0.3147],[109.2163,0.3215],[109.2221,0.3238],[109.2365,0.32],[109.2353,0.3416],[109.254,0.3372],[109.2631,0.3369],[109.2867,0.3461],[109.2913,0.3488],[109.2958,0.3552],[109.3046,0.3602],[109.3223,0.3622],[109.3187,0.3918],[109.314,0.4033],[109.3118,0.4079],[109.3013,0.4203],[109.297,0.4201],[109.296,0.4252],[109.2928,0.4299],[109.2786,0.4383],[109.274,0.4482],[109.2692,0.4531],[109.263,0.4561],[109.2564,0.455],[109.2531,0.4525],[109.2475,0.4542],[109.2471,0.4615],[109.2406,0.465],[109.2414,0.4721],[109.2371,0.4729],[109.2326,0.4701],[109.2306,0.4714],[109.2295,0.4689],[109.2232,0.469],[109.2235,0.4899],[109.2276,0.5013],[109.2376,0.5171],[109.2383,0.5268],[109.2469,0.5519],[109.2531,0.5623],[109.2648,0.5751],[109.2752,0.5795],[109.2821,0.5882],[109.2898,0.6065],[109.2784,0.6263],[109.2661,0.6328],[109.263,0.6361],[109.2601,0.6452],[109.2559,0.6443],[109.2501,0.6379],[109.2447,0.6351],[109.2295,0.6433],[109.2129,0.643],[109.2037,0.6502],[109.1904,0.6555],[109.1859,0.6663],[109.1812,0.671],[109.1668,0.6715],[109.153,0.6837],[109.1489,0.686],[109.1435,0.6846],[109.1448,0.6889],[109.1491,0.6937],[109.1571,0.6961],[109.1927,0.7008],[109.2002,0.7059],[109.2117,0.7249],[109.2152,0.7271],[109.2232,0.7256],[109.2309,0.7219],[109.2352,0.7223],[109.2517,0.7311],[109.2598,0.7463],[109.2659,0.7505],[109.2751,0.7429],[109.2744,0.7361],[109.2762,0.7271],[109.2819,0.7168],[109.2872,0.7125],[109.2929,0.7117],[109.3068,0.7202],[109.3359,0.7587],[109.3506,0.766],[109.3582,0.7668],[109.3622,0.7649],[109.3671,0.7561],[109.3736,0.7597],[109.3765,0.759],[109.3774,0.7559],[109.3848,0.7511],[109.3958,0.7339],[109.4071,0.7309],[109.4144,0.7328],[109.4318,0.7409],[109.4415,0.7518],[109.4714,0.777],[109.4768,0.7771],[109.4799,0.7682],[109.4856,0.7596],[109.4853,0.7575],[109.4948,0.7441],[109.5073,0.7318],[109.5198,0.732],[109.5226,0.7308],[109.5249,0.7281],[109.5299,0.7144],[109.5329,0.7116],[109.541,0.7126],[109.5555,0.7197],[109.5811,0.7179],[109.6034,0.7298],[109.612,0.7316],[109.6329,0.7433],[109.6641,0.7502],[109.6718,0.7551],[109.676,0.7605],[109.6774,0.7739],[109.6758,0.8033],[109.6861,0.8382],[109.6914,0.8451],[109.7015,0.8498],[109.7323,0.8423],[109.7417,0.8415],[109.7455,0.8453],[109.7709,0.8435],[109.7727,0.8405],[109.7832,0.8406],[109.7861,0.846],[109.7933,0.8489],[109.8018,0.8497],[109.8095,0.8466],[109.8399,0.8627],[109.8502,0.8717],[109.8557,0.8854],[109.8558,0.9002],[109.8599,0.9075],[109.8747,0.9177],[109.8991,0.929],[109.9087,0.9352],[109.9258,0.9625],[109.9251,0.9753],[109.9192,0.9944],[109.9222,1.0013],[109.929,1.0047],[109.9299,1.008],[109.9284,1.014],[109.9132,1.0272],[109.911,1.0333],[109.917,1.0444],[109.9276,1.0535],[109.933,1.0513],[109.9529,1.0343],[109.9611,1.0308],[109.9793,1.0354],[109.9807,1.0305],[109.9826,1.0294],[109.9881,1.0293],[109.9961,1.0262],[110.0036,1.0268],[110.0104,1.024],[110.0223,1.0221],[110.0328,1.0256],[110.0351,1.0203],[110.0374,1.0192],[110.04,1.0211],[110.0438,1.0289],[110.053,1.0365],[110.056,1.0369],[110.069,1.0326],[110.0907,1.0284],[110.0925,1.0268],[110.0928,1.0198],[110.0993,1.022],[110.1063,1.0202],[110.1184,1.0204],[110.1269,1.0184],[110.1428,1.01],[110.1593,1.0038],[110.1758,1.0013],[110.1831,1.003],[110.2028,0.9994],[110.2137,0.99],[110.2169,0.9827],[110.2245,0.981],[110.218,0.9754],[110.2165,0.9709],[110.222,0.9674],[110.2262,0.9624],[110.224,0.9597],[110.2242,0.957],[110.217,0.9564],[110.2178,0.952],[110.2165,0.9475],[110.2074,0.9386],[110.2025,0.927],[110.2052,0.9249],[110.2081,0.9175],[110.2213,0.9159],[110.2249,0.9115],[110.2276,0.9066],[110.2278,0.8993],[110.2336,0.8872],[110.2576,0.8746],[110.2659,0.8677],[110.2645,0.8632],[110.2563,0.8565],[110.2478,0.8524],[110.2445,0.8479],[110.2247,0.8471],[110.2149,0.8428],[110.211,0.8442],[110.2088,0.8475],[110.2049,0.848],[110.2025,0.8459],[110.1973,0.8449],[110.1961,0.8416],[110.1923,0.8417],[110.192,0.8383],[110.1818,0.8363],[110.1781,0.8227],[110.1797,0.8164],[110.1774,0.8135],[110.1765,0.8075],[110.1799,0.8012],[110.1814,0.7914],[110.1915,0.7722],[110.1915,0.7663],[110.1953,0.7582],[110.2341,0.7318],[110.2398,0.7243],[110.2407,0.7094],[110.2434,0.7049],[110.2452,0.6968],[110.2303,0.6654],[110.2343,0.6495],[110.2254,0.6462],[110.2234,0.6358],[110.2205,0.6305],[110.2193,0.6236],[110.2235,0.6],[110.2281,0.5911],[110.2354,0.583],[110.241,0.5843],[110.2488,0.5907],[110.2551,0.5919],[110.2609,0.5901],[110.2631,0.5855],[110.2607,0.5786],[110.2571,0.5772],[110.2531,0.5729],[110.2552,0.5633],[110.2541,0.5572],[110.2564,0.5498],[110.2555,0.5482],[110.2393,0.5398],[110.2175,0.5369],[110.2004,0.5269],[110.2036,0.5063],[110.2076,0.4975],[110.2073,0.4837],[110.2042,0.4804],[110.1962,0.4795],[110.191,0.4849],[110.1874,0.4851],[110.1869,0.4776],[110.181,0.4662],[110.1713,0.4623],[110.1682,0.4582],[110.1618,0.4541],[110.1594,0.4502],[110.1589,0.4457],[110.1618,0.4411],[110.1742,0.4332],[110.186,0.4273],[110.1917,0.4272],[110.1948,0.4293],[110.2091,0.4265],[110.2127,0.4202],[110.2096,0.413],[110.203,0.4114],[110.1978,0.4071],[110.1909,0.3854],[110.1885,0.3823],[110.181,0.3792],[110.1709,0.3836],[110.1623,0.3819],[110.1539,0.3788],[110.1501,0.3716],[110.1486,0.3627],[110.1447,0.3569],[110.1449,0.3503],[110.1485,0.3412],[110.1484,0.3379],[110.1375,0.331],[110.1331,0.3232],[110.1322,0.3185],[110.1331,0.3085],[110.1429,0.2678],[110.1415,0.2618],[110.129,0.2491],[110.1293,0.2432],[110.1344,0.227],[110.1342,0.2211],[110.1297,0.2166],[110.1206,0.2128],[110.1159,0.2086],[110.111,0.2099],[110.1055,0.218],[110.1037,0.2184],[110.0977,0.2189],[110.0934,0.2173],[110.0876,0.2106],[110.0827,0.2148],[110.0735,0.2179],[110.0609,0.215],[110.0538,0.2156],[110.0454,0.2079],[110.0364,0.1857],[110.0298,0.1767],[110.0137,0.1682],[109.9973,0.1649],[109.9618,0.1687],[109.9504,0.1655],[109.9341,0.1524],[109.9201,0.1345],[109.9182,0.1161],[109.9129,0.1074],[109.9027,0.0987],[109.8963,0.0967],[109.8769,0.0952],[109.8692,0.0859],[109.8434,0.0905],[109.8304,0.0907],[109.8129,0.0849],[109.808,0.0876],[109.7946,0.0901],[109.7875,0.0869],[109.7833,0.0872],[109.7741,0.0782],[109.7683,0.0771],[109.7636,0.08],[109.754,0.0908],[109.7498,0.0926],[109.7466,0.0852],[109.7297,0.0766],[109.7249,0.0778],[109.7173,0.0759],[109.7135,0.0693],[109.7119,0.0734],[109.7064,0.0738],[109.701,0.0773],[109.6919,0.0705],[109.6956,0.0639],[109.689,0.0675],[109.6845,0.0644],[109.6812,0.0643],[109.6771,0.0682],[109.6733,0.0569],[109.6709,0.0615],[109.6724,0.0708],[109.6704,0.0722],[109.6669,0.0614],[109.6623,0.0664],[109.6586,0.0645],[109.6601,0.0615],[109.6675,0.0561],[109.6586,0.0596],[109.6562,0.0565],[109.6567,0.0503],[109.6643,0.0452],[109.664,0.0419],[109.6584,0.0422],[109.6528,0.0507],[109.6504,0.0518],[109.6491,0.0483],[109.6502,0.0438],[109.6568,0.0398],[109.6577,0.0374],[109.6536,0.0361],[109.6458,0.0388],[109.6425,0.0433],[109.6459,0.0514],[109.6388,0.0515],[109.6291,0.0471],[109.6359,0.0413],[109.6355,0.0334],[109.6339,0.0324],[109.6316,0.0352]]]}},{"type":"Feature","properties":{"name":"Melawi","name_en":"Melawi","admin_level":"5","osm_id":""},"geometry":{"type":"Polygon","coordinates":[[[111.2614,-1.0916],[111.241,-1.0627],[111.2386,-1.0571],[111.2369,-1.0567],[111.2249,-1.04],[111.2179,-1.0351],[111.2115,-1.0238],[111.2059,-1.0186],[111.1984,-1.015],[111.153,-1.0097],[111.1439,-1.0072],[111.1461,-0.9774],[111.1502,-0.9644],[111.1441,-0.9607],[111.1225,-0.9599],[111.1186,-0.9581],[111.1143,-0.9516],[111.1152,-0.9442],[111.1212,-0.9391],[111.1216,-0.9342],[111.1244,-0.9308],[111.1318,-0.9292],[111.1416,-0.9221],[111.1557,-0.9196],[111.17,-0.9099],[111.1706,-0.9042],[111.1679,-0.8953],[111.1558,-0.8746],[111.1637,-0.8631],[111.1708,-0.8611],[111.1778,-0.8622],[111.1846,-0.868],[111.1937,-0.88],[111.1967,-0.8805],[111.2052,-0.8775],[111.2177,-0.8636],[111.2164,-0.8558],[111.2183,-0.8475],[111.2173,-0.8422],[111.2118,-0.8319],[111.2339,-0.7839],[111.229,-0.741],[111.2373,-0.7326],[111.241,-0.7188],[111.2402,-0.7072],[111.242,-0.7007],[111.2402,-0.6898],[111.2215,-0.6637],[111.2217,-0.6587],[111.2461,-0.6283],[111.2477,-0.6205],[111.2651,-0.6098],[111.2681,-0.6013],[111.2655,-0.5878],[111.2461,-0.587],[111.2393,-0.5886],[111.2345,-0.5773],[111.2284,-0.5716],[111.2263,-0.5649],[111.2216,-0.562],[111.2152,-0.5403],[111.2021,-0.5252],[111.2101,-0.5208],[111.2217,-0.5197],[111.2357,-0.5106],[111.2406,-0.5048],[111.2445,-0.4963],[111.2463,-0.4865],[111.2503,-0.4803],[111.2584,-0.4731],[111.2665,-0.4627],[111.2745,-0.4594],[111.2777,-0.4493],[111.2934,-0.4467],[111.3041,-0.4401],[111.308,-0.4332],[111.3004,-0.4245],[111.318,-0.4113],[111.3245,-0.3974],[111.3301,-0.3911],[111.3355,-0.3889],[111.3411,-0.3899],[111.3493,-0.388],[111.354,-0.3847],[111.357,-0.3741],[111.368,-0.3616],[111.3764,-0.3557],[111.3898,-0.355],[111.4076,-0.3584],[111.4359,-0.3544],[111.4468,-0.3505],[111.4523,-0.3435],[111.4573,-0.302],[111.4635,-0.2864],[111.4651,-0.272],[111.4635,-0.2562],[111.4644,-0.2521],[111.4668,-0.2462],[111.4809,-0.2296],[111.4924,-0.2237],[111.5036,-0.2208],[111.5371,-0.2204],[111.5541,-0.2246],[111.57,-0.2227],[111.5788,-0.2119],[111.5983,-0.1963],[111.6078,-0.1863],[111.6135,-0.1896],[111.6219,-0.2047],[111.6468,-0.1973],[111.653,-0.1916],[111.6835,-0.1439],[111.6892,-0.1403],[111.6899,-0.1444],[111.7006,-0.1558],[111.7067,-0.1558],[111.7151,-0.1477],[111.7227,-0.1446],[111.7263,-0.1453],[111.7414,-0.1527],[111.7617,-0.1713],[111.7743,-0.1791],[111.7781,-0.1807],[111.7903,-0.1778],[111.7995,-0.1779],[111.8074,-0.1803],[111.8232,-0.1914],[111.838,-0.1957],[111.8544,-0.2088],[111.8587,-0.2249],[111.8644,-0.2355],[111.868,-0.2385],[111.8969,-0.2344],[111.9058,-0.2256],[111.9146,-0.2102],[111.9207,-0.204],[111.9434,-0.1958],[111.9542,-0.1955],[111.9624,-0.1981],[111.971,-0.2069],[111.9813,-0.2222],[111.9881,-0.2273],[111.9974,-0.2277],[112.018,-0.2159],[112.0232,-0.2145],[112.0307,-0.216],[112.0381,-0.2219],[112.0495,-0.2371],[112.0578,-0.2449],[112.0868,-0.2595],[112.1174,-0.2705],[112.1257,-0.2778],[112.1288,-0.2819],[112.1309,-0.2903],[112.1288,-0.3059],[112.148,-0.3022],[112.1907,-0.286],[112.201,-0.2791],[112.2242,-0.2538],[112.2434,-0.2417],[112.2683,-0.2317],[112.2904,-0.2306],[112.3075,-0.2266],[112.3193,-0.22],[112.3413,-0.202],[112.3614,-0.1885],[112.3809,-0.1818],[112.3731,-0.2078],[112.3703,-0.2313],[112.3715,-0.2906],[112.3699,-0.2954],[112.3736,-0.3059],[112.3704,-0.3366],[112.3679,-0.338],[112.3666,-0.3443],[112.373,-0.3499],[112.3705,-0.3566],[112.3755,-0.3716],[112.4059,-0.389],[112.416,-0.4012],[112.4196,-0.42],[112.4173,-0.4296],[112.4115,-0.4419],[112.4116,-0.4546],[112.4181,-0.466],[112.429,-0.4794],[112.4315,-0.4879],[112.4302,-0.5113],[112.4271,-0.5295],[112.4289,-0.5373],[112.4358,-0.5445],[112.4518,-0.5566],[112.4547,-0.5595],[112.4554,-0.5639],[112.4522,-0.5756],[112.4512,-0.5888],[112.4583,-0.6056],[112.4591,-0.6141],[112.4516,-0.6338],[112.4506,-0.6467],[112.4577,-0.6562],[112.4599,-0.6642],[112.4599,-0.6724],[112.4559,-0.6824],[112.4511,-0.6858],[112.4466,-0.6776],[112.4421,-0.6742],[112.4308,-0.6715],[112.425,-0.6725],[112.421,-0.6751],[112.413,-0.6899],[112.3989,-0.7005],[112.3662,-0.7134],[112.3523,-0.7162],[112.3422,-0.716],[112.3343,-0.7042],[112.3305,-0.7044],[112.3227,-0.7121],[112.3163,-0.7212],[112.3117,-0.7328],[112.3084,-0.7348],[112.2983,-0.7266],[112.2884,-0.7122],[112.268,-0.6682],[112.2508,-0.6431],[112.2425,-0.6334],[112.2272,-0.62],[112.2111,-0.6133],[112.1981,-0.6146],[112.1913,-0.6193],[112.1866,-0.6321],[112.1832,-0.6364],[112.1732,-0.6365],[112.1656,-0.6491],[112.1603,-0.6538],[112.1587,-0.6583],[112.1589,-0.6816],[112.1571,-0.6831],[112.1526,-0.678],[112.1477,-0.6798],[112.146,-0.6823],[112.1532,-0.7062],[112.1618,-0.7235],[112.1588,-0.7273],[112.1548,-0.7289],[112.1389,-0.7288],[112.1272,-0.7266],[112.1115,-0.7158],[112.1019,-0.715],[112.0786,-0.7066],[112.0508,-0.7002],[112.0346,-0.7002],[112.0234,-0.7025],[112.0165,-0.7104],[112.0146,-0.7223],[112.0245,-0.7542],[112.0357,-0.7818],[112.0355,-0.787],[112.0323,-0.7928],[112.0159,-0.8017],[112.0089,-0.7996],[112.0021,-0.8003],[111.9897,-0.8032],[111.9611,-0.8167],[111.9517,-0.816],[111.9352,-0.8065],[111.9281,-0.7987],[111.9197,-0.777],[111.9134,-0.7721],[111.9096,-0.7724],[111.9063,-0.7754],[111.9064,-0.8054],[111.9018,-0.8308],[111.9057,-0.8428],[111.9161,-0.8586],[111.9207,-0.8694],[111.9123,-0.8711],[111.9015,-0.8683],[111.8907,-0.8628],[111.878,-0.863],[111.8698,-0.8666],[111.867,-0.8724],[111.8671,-0.8833],[111.8617,-0.8962],[111.8554,-0.9026],[111.8487,-0.9064],[111.8347,-0.9117],[111.8216,-0.9128],[111.7875,-0.9089],[111.7521,-0.9225],[111.7285,-0.9242],[111.7234,-0.9377],[111.7169,-0.9446],[111.6748,-0.9657],[111.6651,-0.9731],[111.657,-0.9766],[111.6272,-0.9831],[111.6236,-0.9856],[111.6183,-0.992],[111.6146,-1.0115],[111.6235,-1.0409],[111.6209,-1.0491],[111.6181,-1.0494],[111.6123,-1.0453],[111.6082,-1.0476],[111.6001,-1.0607],[111.5967,-1.0715],[111.57,-1.0754],[111.5535,-1.0991],[111.5524,-1.1213],[111.567,-1.1313],[111.5702,-1.1457],[111.5542,-1.1672],[111.5551,-1.1748],[111.5727,-1.1857],[111.5733,-1.1944],[111.5682,-1.203],[111.5593,-1.2097],[111.5429,-1.2095],[111.5394,-1.2136],[111.5286,-1.2163],[111.5188,-1.2152],[111.4939,-1.2211],[111.4868,-1.2308],[111.4783,-1.2332],[111.4576,-1.2304],[111.4065,-1.2416],[111.4012,-1.2476],[111.4005,-1.2705],[111.3971,-1.2764],[111.3901,-1.2734],[111.3785,-1.2785],[111.3715,-1.285],[111.3656,-1.3093],[111.3628,-1.3154],[111.3589,-1.3191],[111.3521,-1.3142],[111.3247,-1.3013],[111.3154,-1.2931],[111.3142,-1.2712],[111.3154,-1.2624],[111.3133,-1.2574],[111.302,-1.2555],[111.2714,-1.2585],[111.266,-1.2538],[111.2604,-1.244],[111.2569,-1.2308],[111.2611,-1.2142],[111.2604,-1.2091],[111.2473,-1.1977],[111.2396,-1.1935],[111.2351,-1.183],[111.2371,-1.1751],[111.2618,-1.1356],[111.2647,-1.1254],[111.2641,-1.1136],[111.2662,-1.1018],[111.2614,-1.0916]]]}},{"type":"Feature","properties":{"name":"Pontianak","name_en":"Pontianak","admin_level":"5","osm_id":""},"geometry":{"type":"Polygon","coordinates":[[[109.3163,0.0366],[109.3093,0.0381],[109.3103,0.0341],[109.3058,0.0333],[109.3057,0.0288],[109.2975,0.0298],[109.2893,0.0086],[109.2476,0.0266],[109.2335,0.0345],[109.1795,0.0724],[109.1693,0.0848],[109.1574,0.1077],[109.1418,0.1228],[109.1342,0.1357],[109.1325,0.1408],[109.1325,0.1654],[109.1272,0.1901],[109.1179,0.2106],[109.1099,0.2238],[109.0934,0.2431],[109.0779,0.2567],[109.031,0.2884],[109.0063,0.2998],[108.9672,0.3134],[108.9638,0.3138],[108.9547,0.3106],[108.941,0.3168],[108.9268,0.3194],[108.9194,0.3231],[108.9124,0.3361],[108.9131,0.3383],[108.9209,0.3429],[108.9349,0.3579],[108.9398,0.3669],[108.9449,0.3844],[108.9463,0.4232],[108.9429,0.4394],[108.9389,0.4484],[108.9312,0.459],[108.9192,0.4686],[108.9128,0.4717],[108.9082,0.4785],[108.9087,0.5],[108.9076,0.5049],[108.9261,0.561],[108.9279,0.5607],[108.9259,0.5581],[108.9269,0.5564],[108.929,0.559],[108.9305,0.5585],[108.9295,0.5534],[108.9325,0.5516],[108.93,0.5526],[108.9289,0.5514],[108.9335,0.5486],[108.9314,0.5462],[108.9462,0.5407],[108.9475,0.5384],[108.9504,0.5395],[108.9494,0.5342],[108.9515,0.5296],[108.9533,0.5298],[108.9542,0.5279],[108.9568,0.528],[108.9586,0.5314],[108.9617,0.5285],[108.9653,0.5292],[108.9666,0.5322],[108.9675,0.5287],[108.9714,0.5293],[108.9702,0.5324],[108.974,0.5375],[108.9782,0.5386],[108.9791,0.542],[108.9826,0.5402],[108.9832,0.5453],[108.9817,0.5471],[108.9887,0.5511],[108.9901,0.5538],[108.9937,0.5476],[108.9931,0.5446],[108.996,0.5417],[108.9987,0.5417],[108.9988,0.544],[109.0031,0.546],[109.0015,0.5502],[109.0026,0.5536],[109.0089,0.5577],[109.0074,0.5616],[109.0111,0.5606],[109.0107,0.5642],[109.0131,0.5657],[109.0147,0.5646],[109.0163,0.5664],[109.0213,0.5669],[109.0232,0.5693],[109.0272,0.5677],[109.0278,0.5703],[109.0294,0.5691],[109.0315,0.5701],[109.0304,0.575],[109.0338,0.5794],[109.0333,0.587],[109.0392,0.5939],[109.0488,0.5969],[109.0715,0.5986],[109.0783,0.6043],[109.1013,0.6304],[109.108,0.6446],[109.124,0.6524],[109.1333,0.6598],[109.1399,0.6802],[109.1453,0.686],[109.1489,0.686],[109.153,0.6837],[109.1668,0.6715],[109.1812,0.671],[109.1859,0.6663],[109.1904,0.6555],[109.2037,0.6502],[109.2129,0.643],[109.2295,0.6433],[109.2447,0.6351],[109.2501,0.6379],[109.2559,0.6443],[109.2601,0.6452],[109.263,0.6361],[109.2661,0.6328],[109.2784,0.6263],[109.2898,0.6065],[109.2821,0.5882],[109.2752,0.5795],[109.2648,0.5751],[109.2531,0.5623],[109.2469,0.5519],[109.2383,0.5268],[109.2376,0.5171],[109.2276,0.5013],[109.2235,0.4899],[109.2232,0.469],[109.2295,0.4689],[109.2306,0.4714],[109.2326,0.4701],[109.2371,0.4729],[109.2414,0.4721],[109.2406,0.465],[109.2471,0.4615],[109.2475,0.4542],[109.2531,0.4525],[109.2564,0.455],[109.263,0.4561],[109.2692,0.4531],[109.274,0.4482],[109.2786,0.4383],[109.2928,0.4299],[109.296,0.4252],[109.297,0.4201],[109.3013,0.4203],[109.3118,0.4079],[109.314,0.4033],[109.3187,0.3918],[109.3223,0.3622],[109.3046,0.3602],[109.2958,0.3552],[109.2913,0.3488],[109.2867,0.3461],[109.2631,0.3369],[109.254,0.3372],[109.2353,0.3416],[109.2365,0.32],[109.2221,0.3238],[109.2163,0.3215],[109.2088,0.3147],[109.204,0.3037],[109.2005,0.2901],[109.2176,0.2805],[109.2458,0.2774],[109.2529,0.2729],[109.2599,0.2638],[109.2731,0.2638],[109.2811,0.2669],[109.3209,0.2674],[109.3618,0.2633],[109.3836,0.2551],[109.3793,0.2521],[109.3639,0.2337],[109.3546,0.218],[109.3514,0.2066],[109.3508,0.132],[109.3579,0.1224],[109.3592,0.1181],[109.3574,0.1019],[109.359,0.0891],[109.3714,0.0685],[109.3693,0.0616],[109.3642,0.0544],[109.3636,0.0474],[109.3685,0.036],[109.3708,0.0211],[109.3163,0.0366]]]}},{"type":"Feature","properties":{"name":"Sambas","name_en":"Sambas","admin_level":"5","osm_id":""},"geometry":{"type":"Polygon","coordinates":[[[109.0812,0.9991],[109.0758,0.9926],[109.0669,0.9921],[109.0627,0.9896],[109.0222,0.9905],[108.9788,0.9892],[108.9781,1.0083],[108.974,1.0276],[108.9652,1.0482],[108.9579,1.0607],[108.9581,1.0636],[108.9621,1.066],[108.958,1.069],[108.9506,1.0684],[108.9387,1.0946],[108.9315,1.0975],[108.9325,1.102],[108.9312,1.1067],[108.9344,1.1196],[108.9331,1.1208],[108.9274,1.1162],[108.9234,1.1195],[108.9043,1.1658],[108.9049,1.1713],[108.9078,1.1744],[108.9273,1.176],[108.9477,1.1654],[108.9607,1.1678],[108.9712,1.176],[108.9678,1.1833],[108.9695,1.1879],[108.9687,1.1928],[108.9661,1.1966],[108.9627,1.1978],[108.9598,1.2048],[108.9626,1.2154],[108.9869,1.2558],[108.9898,1.2665],[108.9896,1.2695],[108.9872,1.2715],[108.9899,1.2736],[108.9896,1.2758],[109.0088,1.2928],[109.0254,1.3137],[109.0386,1.3348],[109.045,1.3542],[109.0458,1.3752],[109.0441,1.3776],[109.0444,1.3867],[109.0421,1.4019],[109.0405,1.4034],[109.0396,1.4128],[109.0382,1.4138],[109.0369,1.4488],[109.0419,1.4836],[109.0532,1.5144],[109.0612,1.5267],[109.0903,1.5537],[109.0903,1.5552],[109.1232,1.5825],[109.1507,1.5989],[109.2073,1.6242],[109.2196,1.632],[109.2417,1.6495],[109.2585,1.6695],[109.2667,1.6914],[109.2703,1.7078],[109.2702,1.7157],[109.2802,1.7191],[109.2858,1.7249],[109.285,1.7329],[109.2861,1.7357],[109.2848,1.7405],[109.2879,1.7438],[109.2885,1.7526],[109.2978,1.7614],[109.3015,1.768],[109.2974,1.7735],[109.2952,1.7829],[109.3322,1.8247],[109.3371,1.8323],[109.3388,1.8438],[109.3384,1.8564],[109.3406,1.8618],[109.3402,1.8652],[109.3448,1.8734],[109.3444,1.8762],[109.3244,1.9207],[109.3236,1.9263],[109.3345,1.9338],[109.3386,1.9419],[109.3496,1.9446],[109.3829,1.9443],[109.4106,1.9465],[109.4294,1.9497],[109.4355,1.9521],[109.4506,1.9672],[109.4534,1.9728],[109.4529,1.9748],[109.4551,1.976],[109.4543,1.9781],[109.4626,1.9784],[109.4824,1.9845],[109.4932,1.9845],[109.4991,1.9871],[109.5077,1.9865],[109.5131,1.9887],[109.5392,1.9899],[109.5789,1.9889],[109.5875,1.991],[109.5926,1.9958],[109.5987,2.0121],[109.6021,2.014],[109.6047,2.0265],[109.6066,2.0272],[109.6166,2.0435],[109.6207,2.054],[109.6245,2.0569],[109.6254,2.0645],[109.6284,2.0679],[109.6312,2.0686],[109.6362,2.076],[109.6439,2.081],[109.629,2.0462],[109.6294,2.0366],[109.636,2.028],[109.6289,2.0143],[109.6288,2.0047],[109.6257,2.0014],[109.6241,1.9959],[109.6153,1.9844],[109.597,1.9762],[109.5897,1.9708],[109.5808,1.9754],[109.5728,1.9723],[109.5618,1.9734],[109.5518,1.9668],[109.548,1.956],[109.5544,1.9558],[109.5607,1.9525],[109.5604,1.9484],[109.5635,1.9469],[109.5636,1.9446],[109.5582,1.941],[109.5597,1.9369],[109.5567,1.9351],[109.5535,1.9281],[109.5561,1.9178],[109.5431,1.9094],[109.5398,1.9043],[109.5442,1.8981],[109.5421,1.8938],[109.5444,1.8913],[109.547,1.8822],[109.5466,1.8782],[109.5531,1.8715],[109.5517,1.8618],[109.5531,1.8578],[109.5605,1.8508],[109.5626,1.8445],[109.5696,1.8436],[109.5763,1.8456],[109.5801,1.838],[109.576,1.8328],[109.5758,1.8299],[109.5781,1.8272],[109.5776,1.8243],[109.5724,1.8204],[109.574,1.8186],[109.5821,1.8181],[109.5796,1.8145],[109.5807,1.8092],[109.5759,1.8001],[109.5846,1.791],[109.5994,1.7976],[109.6039,1.7962],[109.6115,1.7967],[109.6213,1.8038],[109.6244,1.8041],[109.6282,1.8011],[109.6354,1.8051],[109.6417,1.7978],[109.6477,1.7969],[109.6562,1.7983],[109.6632,1.7955],[109.6714,1.7887],[109.6764,1.7874],[109.6798,1.7829],[109.6829,1.785],[109.6836,1.7676],[109.6773,1.7507],[109.6714,1.7442],[109.6667,1.7338],[109.6657,1.7168],[109.668,1.7015],[109.6611,1.6954],[109.6568,1.6704],[109.6626,1.66],[109.6628,1.6503],[109.658,1.6398],[109.6607,1.6193],[109.6694,1.6135],[109.6781,1.6121],[109.6857,1.6081],[109.6943,1.5902],[109.7083,1.5792],[109.7168,1.5658],[109.7236,1.5616],[109.7311,1.553],[109.7401,1.5466],[109.742,1.5414],[109.7499,1.532],[109.7501,1.5204],[109.7417,1.5019],[109.7369,1.4977],[109.7337,1.4969],[109.7273,1.4871],[109.7239,1.4855],[109.7197,1.4768],[109.7123,1.4738],[109.7042,1.4759],[109.701,1.4672],[109.6958,1.4633],[109.6844,1.4622],[109.6834,1.4584],[109.6787,1.4551],[109.6795,1.4501],[109.678,1.4486],[109.6533,1.4358],[109.6456,1.4396],[109.6429,1.4429],[109.6393,1.4435],[109.6303,1.4404],[109.6275,1.4368],[109.6217,1.4333],[109.6095,1.4324],[109.6085,1.4254],[109.6031,1.4168],[109.6064,1.409],[109.6024,1.4076],[109.6014,1.4047],[109.6026,1.4006],[109.6091,1.3936],[109.6094,1.3888],[109.6038,1.3909],[109.5939,1.3856],[109.5858,1.3856],[109.5762,1.3814],[109.5758,1.3764],[109.5816,1.3734],[109.592,1.3698],[109.5971,1.3706],[109.5999,1.3736],[109.611,1.3678],[109.6149,1.3636],[109.6188,1.3553],[109.6264,1.3319],[109.6262,1.3262],[109.6215,1.3118],[109.6141,1.3015],[109.6072,1.286],[109.6108,1.275],[109.61,1.2604],[109.6061,1.2551],[109.6012,1.2385],[109.6016,1.2239],[109.5983,1.2126],[109.589,1.202],[109.5519,1.2003],[109.5402,1.1937],[109.5374,1.1937],[109.5264,1.1767],[109.5208,1.1627],[109.5183,1.1428],[109.5198,1.1328],[109.5155,1.1181],[109.5074,1.108],[109.4945,1.0783],[109.4831,1.0635],[109.4762,1.0351],[109.4692,1.0203],[109.4425,1.0332],[109.4385,1.0359],[109.4354,1.0425],[109.4247,1.045],[109.4213,1.0518],[109.4126,1.0512],[109.4076,1.0525],[109.3997,1.0466],[109.3886,1.0442],[109.3804,1.0441],[109.3765,1.0467],[109.3634,1.0466],[109.3532,1.0418],[109.3464,1.0459],[109.3429,1.0448],[109.3398,1.0468],[109.3323,1.0448],[109.3272,1.0464],[109.312,1.0462],[109.2935,1.041],[109.2792,1.0428],[109.272,1.042],[109.2511,1.0355],[109.2416,1.0234],[109.2359,1.0188],[109.2309,1.0015],[109.2336,0.9947],[109.23,0.9889],[109.2264,0.9876],[109.2178,0.9891],[109.2133,0.9878],[109.211,0.9815],[109.2052,0.979],[109.2038,0.9722],[109.1955,0.9665],[109.1874,0.964],[109.1789,0.9658],[109.1752,0.9646],[109.1729,0.9665],[109.1761,0.9746],[109.1737,0.9794],[109.1714,0.9773],[109.1658,0.9773],[109.165,0.9761],[109.1672,0.9737],[109.1626,0.9722],[109.1599,0.9769],[109.1549,0.9795],[109.1498,0.98],[109.1501,0.9872],[109.1469,0.988],[109.1451,0.9904],[109.1509,0.9931],[109.1468,1.0031],[109.147,1.0103],[109.1429,1.012],[109.1352,1.0115],[109.1302,1.0184],[109.1209,1.0111],[109.1083,1.012],[109.108,1.005],[109.0963,1.0049],[109.0983,0.9944],[109.0956,0.9912],[109.0886,0.9909],[109.0848,1.0009],[109.0812,0.9991]]]}},{"type":"Feature","properties":{"name":"Sanggau","name_en":"Sanggau","admin_level":"5","osm_id":""},"geometry":{"type":"Polygon","coordinates":[[[110.0149,-0.4551],[110.0145,-0.4582],[110.0091,-0.4616],[110.005,-0.4721],[109.9966,-0.4714],[109.9937,-0.4726],[109.9922,-0.4787],[109.996,-0.4833],[109.996,-0.4854],[109.9906,-0.484],[109.9875,-0.4852],[109.9808,-0.4908],[109.9759,-0.4984],[109.9645,-0.4965],[109.966,-0.4943],[109.9608,-0.4908],[109.9587,-0.4863],[109.9722,-0.4775],[109.9732,-0.4712],[109.9715,-0.461],[109.9667,-0.4525],[109.9503,-0.4483],[109.9472,-0.4463],[109.946,-0.4428],[109.9485,-0.44],[109.9529,-0.4396],[109.9638,-0.4442],[109.9684,-0.4446],[109.9722,-0.4408],[109.9717,-0.4331],[109.9671,-0.4292],[109.9534,-0.4254],[109.9274,-0.4133],[109.9215,-0.4056],[109.9202,-0.3825],[109.9206,-0.3646],[109.9225,-0.3569],[109.9301,-0.3523],[109.9385,-0.3529],[109.9438,-0.3515],[109.9484,-0.3465],[109.9464,-0.3403],[109.9334,-0.3284],[109.9305,-0.3222],[109.9306,-0.3186],[109.9362,-0.3107],[109.9503,-0.3024],[109.9657,-0.2814],[109.9648,-0.2741],[109.9618,-0.2684],[109.9515,-0.2616],[109.9482,-0.2576],[109.9497,-0.2481],[109.949,-0.241],[109.9415,-0.2249],[109.9403,-0.2139],[109.9419,-0.1893],[109.9381,-0.163],[109.9389,-0.1434],[109.9238,-0.1514],[109.9192,-0.1519],[109.9147,-0.15],[109.9199,-0.1473],[109.9202,-0.1453],[109.9068,-0.1374],[109.9012,-0.1292],[109.9004,-0.1199],[109.9037,-0.1069],[109.895,-0.1032],[109.8904,-0.0967],[109.8795,-0.0866],[109.875,-0.0807],[109.8734,-0.0707],[109.8664,-0.0659],[109.8602,-0.0567],[109.8478,-0.0459],[109.8418,-0.0],[109.8347,0.0217],[109.8381,0.0253],[109.8563,0.025],[109.8641,0.0384],[109.8599,0.0465],[109.8608,0.0512],[109.8592,0.0691],[109.8608,0.0759],[109.8769,0.0952],[109.8963,0.0967],[109.9027,0.0987],[109.9129,0.1074],[109.9182,0.1161],[109.9201,0.1345],[109.9341,0.1524],[109.9504,0.1655],[109.9618,0.1687],[109.9973,0.1649],[110.0137,0.1682],[110.0298,0.1767],[110.0364,0.1857],[110.0454,0.2079],[110.0538,0.2156],[110.0609,0.215],[110.0735,0.2179],[110.0827,0.2148],[110.0876,0.2106],[110.0934,0.2173],[110.0977,0.2189],[110.1037,0.2184],[110.1055,0.218],[110.111,0.2099],[110.1159,0.2086],[110.1206,0.2128],[110.1297,0.2166],[110.1342,0.2211],[110.1344,0.227],[110.1293,0.2432],[110.129,0.2491],[110.1415,0.2618],[110.1429,0.2678],[110.1331,0.3085],[110.1322,0.3185],[110.1331,0.3232],[110.1375,0.331],[110.1484,0.3379],[110.1485,0.3412],[110.1449,0.3503],[110.1447,0.3569],[110.1486,0.3627],[110.1501,0.3716],[110.1539,0.3788],[110.1623,0.3819],[110.1709,0.3836],[110.181,0.3792],[110.1885,0.3823],[110.1909,0.3854],[110.1978,0.4071],[110.203,0.4114],[110.2096,0.413],[110.2127,0.4202],[110.2091,0.4265],[110.1948,0.4293],[110.1917,0.4272],[110.186,0.4273],[110.1742,0.4332],[110.1618,0.4411],[110.1589,0.4457],[110.1594,0.4502],[110.1618,0.4541],[110.1682,0.4582],[110.1713,0.4623],[110.181,0.4662],[110.1869,0.4776],[110.1874,0.4851],[110.191,0.4849],[110.1962,0.4795],[110.2042,0.4804],[110.2073,0.4837],[110.2076,0.4975],[110.2036,0.5063],[110.2004,0.5269],[110.2175,0.5369],[110.2324,0.5382],[110.2426,0.5411],[110.2524,0.5459],[110.2564,0.5498],[110.2541,0.5572],[110.2552,0.5633],[110.2531,0.5729],[110.2571,0.5772],[110.2607,0.5786],[110.2626,0.5882],[110.2587,0.5911],[110.2519,0.5914],[110.2459,0.5888],[110.241,0.5843],[110.2354,0.583],[110.2281,0.5911],[110.2235,0.6],[110.2193,0.6236],[110.2254,0.6462],[110.2343,0.6495],[110.2303,0.6654],[110.2452,0.6968],[110.2434,0.7049],[110.2407,0.7094],[110.2398,0.7243],[110.2341,0.7318],[110.1953,0.7582],[110.1915,0.7663],[110.1915,0.7722],[110.1814,0.7914],[110.1799,0.8012],[110.1765,0.8083],[110.1774,0.8135],[110.1797,0.8164],[110.1781,0.8227],[110.1818,0.8363],[110.192,0.8383],[110.1923,0.8417],[110.1961,0.8416],[110.1973,0.8449],[110.2025,0.8459],[110.2049,0.848],[110.2088,0.8475],[110.211,0.8442],[110.2149,0.8428],[110.2247,0.8471],[110.2445,0.8479],[110.2478,0.8524],[110.2563,0.8565],[110.2645,0.8632],[110.2659,0.8677],[110.2576,0.8746],[110.2336,0.8872],[110.2278,0.8993],[110.2276,0.9066],[110.2249,0.9115],[110.2213,0.9159],[110.2081,0.9175],[110.2052,0.9249],[110.2025,0.927],[110.2074,0.9386],[110.2165,0.9475],[110.2178,0.952],[110.217,0.9564],[110.2242,0.957],[110.2257,0.9633],[110.222,0.9674],[110.2173,0.9695],[110.2165,0.9718],[110.218,0.9754],[110.2245,0.981],[110.2169,0.9827],[110.2137,0.99],[110.2018,1.0],[110.1831,1.003],[110.1758,1.0013],[110.1593,1.0038],[110.122,1.0195],[110.1281,1.0194],[110.132,1.0214],[110.1358,1.025],[110.1379,1.0316],[110.1281,1.0435],[110.1154,1.0555],[110.1127,1.0612],[110.1124,1.0667],[110.1152,1.074],[110.1283,1.0814],[110.1296,1.0872],[110.1265,1.0904],[110.1174,1.0936],[110.1047,1.1038],[110.0887,1.1051],[110.0812,1.1079],[110.0752,1.1135],[110.0717,1.1221],[110.0716,1.1313],[110.0746,1.138],[110.0847,1.146],[110.095,1.1473],[110.1006,1.15],[110.1062,1.1587],[110.1222,1.1753],[110.1283,1.1946],[110.1311,1.1953],[110.1334,1.1991],[110.1357,1.1975],[110.1421,1.1998],[110.1564,1.1967],[110.1707,1.1862],[110.1822,1.1831],[110.1892,1.1785],[110.206,1.1521],[110.2067,1.1441],[110.2045,1.1292],[110.2063,1.1215],[110.2095,1.1168],[110.2249,1.1141],[110.2283,1.1177],[110.231,1.1173],[110.2353,1.1157],[110.2416,1.1101],[110.2437,1.102],[110.244,1.083],[110.2462,1.0794],[110.2599,1.0687],[110.2611,1.0528],[110.2754,1.0499],[110.2778,1.0474],[110.2787,1.0435],[110.2734,1.0332],[110.2772,1.0162],[110.2729,1.0028],[110.2753,0.9977],[110.2785,0.9958],[110.2915,0.9954],[110.294,0.9981],[110.3009,0.9958],[110.304,0.9994],[110.3057,0.9989],[110.3067,1.0034],[110.3093,1.0037],[110.3105,1.0003],[110.3153,0.9997],[110.317,1.0018],[110.3206,1.0007],[110.3265,0.992],[110.3295,0.9952],[110.33,0.9985],[110.3362,0.9984],[110.3398,0.997],[110.3464,0.9904],[110.3544,0.9864],[110.3606,0.9858],[110.3591,0.9844],[110.3616,0.9833],[110.3674,0.9871],[110.3721,0.9878],[110.3722,0.9912],[110.38,0.9957],[110.385,0.9959],[110.3933,0.9936],[110.4014,0.9857],[110.4052,0.977],[110.4072,0.9647],[110.4061,0.9521],[110.4074,0.9505],[110.4127,0.9485],[110.4249,0.9479],[110.4308,0.9447],[110.4321,0.9466],[110.4363,0.9452],[110.4394,0.9378],[110.4336,0.9276],[110.4346,0.9224],[110.4398,0.914],[110.448,0.9074],[110.4499,0.9085],[110.4569,0.9059],[110.4661,0.8943],[110.4705,0.8916],[110.4758,0.8908],[110.4804,0.8827],[110.4874,0.8781],[110.4994,0.8743],[110.5334,0.8691],[110.5549,0.8594],[110.5699,0.8606],[110.5713,0.8562],[110.5733,0.8567],[110.5768,0.8537],[110.5804,0.8582],[110.5876,0.8577],[110.5911,0.8602],[110.597,0.8576],[110.599,0.8587],[110.6011,0.8666],[110.6032,0.8688],[110.6113,0.8664],[110.6144,0.8689],[110.6224,0.8659],[110.6249,0.8691],[110.6302,0.869],[110.6286,0.8712],[110.6319,0.8753],[110.6331,0.8742],[110.6365,0.8757],[110.6381,0.88],[110.6339,0.8834],[110.6376,0.8887],[110.6362,0.8931],[110.634,0.8946],[110.6347,0.8954],[110.6395,0.8923],[110.6435,0.8948],[110.6445,0.8976],[110.646,0.8973],[110.6477,0.8882],[110.6537,0.8825],[110.6533,0.8776],[110.655,0.8756],[110.658,0.8756],[110.6603,0.871],[110.6636,0.8705],[110.6645,0.8734],[110.6716,0.8756],[110.672,0.8774],[110.674,0.8761],[110.6763,0.8782],[110.6773,0.8775],[110.676,0.8755],[110.6813,0.8718],[110.6822,0.8689],[110.6846,0.8677],[110.6878,0.8703],[110.6894,0.8687],[110.6896,0.8648],[110.6929,0.8632],[110.6939,0.8609],[110.6975,0.8645],[110.6973,0.8677],[110.7004,0.8695],[110.7005,0.8731],[110.6978,0.8745],[110.6973,0.8768],[110.6989,0.8779],[110.699,0.8841],[110.7041,0.8863],[110.7058,0.8913],[110.7103,0.8942],[110.7117,0.897],[110.7132,0.8964],[110.7177,0.906],[110.7203,0.9047],[110.723,0.9068],[110.7275,0.9056],[110.7288,0.9073],[110.7361,0.9073],[110.7427,0.9033],[110.7498,0.9032],[110.7514,0.8996],[110.757,0.8992],[110.7609,0.9057],[110.7662,0.9081],[110.7644,0.9156],[110.7618,0.9177],[110.7632,0.9233],[110.7662,0.9244],[110.7671,0.9294],[110.7729,0.9321],[110.7784,0.9304],[110.782,0.9261],[110.7852,0.9123],[110.7913,0.9122],[110.7931,0.908],[110.7975,0.906],[110.7789,0.8942],[110.7765,0.8911],[110.7816,0.8887],[110.7892,0.8806],[110.8087,0.8678],[110.8092,0.8627],[110.8078,0.8579],[110.8051,0.856],[110.8047,0.8512],[110.801,0.85],[110.7998,0.8479],[110.7921,0.8469],[110.7907,0.8448],[110.7873,0.8292],[110.7876,0.8242],[110.7844,0.8207],[110.788,0.8144],[110.7873,0.8113],[110.7816,0.8099],[110.7892,0.7977],[110.7933,0.7807],[110.8058,0.7606],[110.8135,0.7525],[110.8318,0.7465],[110.8675,0.7587],[110.8939,0.7352],[110.9048,0.7309],[110.9179,0.7331],[110.9389,0.7409],[110.9569,0.7417],[110.9699,0.7442],[110.9916,0.7542],[110.9994,0.7539],[111.0207,0.7455],[111.0535,0.74],[111.0538,0.7377],[111.0403,0.7122],[111.0249,0.6969],[111.0103,0.688],[111.0082,0.6852],[111.0073,0.6819],[111.0092,0.6742],[111.0125,0.6687],[111.0133,0.6619],[111.0095,0.6407],[111.0108,0.6184],[111.0098,0.605],[111.0009,0.5804],[111.0019,0.5629],[110.9963,0.5518],[110.9744,0.5252],[110.9625,0.5021],[110.9565,0.4973],[110.9515,0.4815],[110.9425,0.4618],[110.9428,0.4429],[110.9398,0.4318],[110.9427,0.4142],[110.9464,0.4054],[110.9459,0.4007],[110.9479,0.3982],[110.9513,0.3973],[110.9533,0.3909],[110.9608,0.3854],[110.9636,0.3851],[110.9733,0.36],[110.972,0.3475],[110.968,0.3341],[110.9543,0.3205],[110.9462,0.3092],[110.9447,0.2941],[110.9352,0.2575],[110.9218,0.2293],[110.9152,0.2263],[110.903,0.2277],[110.8961,0.2235],[110.8883,0.2148],[110.8861,0.206],[110.8889,0.1955],[110.8889,0.1864],[110.8825,0.1603],[110.8773,0.153],[110.8732,0.1239],[110.868,0.1146],[110.8557,0.1006],[110.8484,0.0933],[110.8401,0.0901],[110.8356,0.0935],[110.8119,0.091],[110.7689,0.0771],[110.7547,0.0688],[110.7496,0.0609],[110.7501,0.0452],[110.7563,0.0284],[110.7538,0.0131],[110.7503,0.0],[110.7404,-0.0136],[110.7301,-0.0227],[110.7258,-0.033],[110.719,-0.0393],[110.7142,-0.0784],[110.7156,-0.0921],[110.7201,-0.1069],[110.7384,-0.128],[110.7407,-0.1406],[110.7454,-0.148],[110.7459,-0.1563],[110.75,-0.1644],[110.7163,-0.1695],[110.7015,-0.1687],[110.6869,-0.1621],[110.6692,-0.1566],[110.6507,-0.1456],[110.6436,-0.1447],[110.6403,-0.1503],[110.6301,-0.2041],[110.6099,-0.2244],[110.6053,-0.2377],[110.584,-0.2485],[110.5707,-0.2505],[110.5651,-0.2531],[110.5601,-0.2587],[110.5611,-0.2731],[110.5697,-0.2823],[110.5697,-0.2859],[110.5616,-0.3038],[110.5606,-0.3115],[110.5555,-0.3244],[110.5562,-0.3427],[110.5608,-0.3507],[110.5618,-0.3657],[110.5282,-0.3383],[110.4716,-0.3256],[110.4584,-0.3308],[110.4384,-0.3462],[110.4338,-0.3548],[110.4269,-0.363],[110.4165,-0.3674],[110.4024,-0.3771],[110.4065,-0.3831],[110.4129,-0.4022],[110.4109,-0.4123],[110.413,-0.4204],[110.411,-0.4253],[110.4144,-0.4341],[110.412,-0.4377],[110.4118,-0.4431],[110.4059,-0.443],[110.4044,-0.448],[110.4002,-0.4499],[110.3981,-0.4557],[110.3985,-0.4598],[110.3951,-0.4632],[110.3962,-0.4687],[110.3917,-0.4667],[110.3913,-0.4739],[110.3891,-0.4738],[110.3845,-0.4699],[110.3818,-0.471],[110.3762,-0.4674],[110.3697,-0.466],[110.3685,-0.4616],[110.3713,-0.4495],[110.3697,-0.4457],[110.3561,-0.4453],[110.3521,-0.4421],[110.3506,-0.4379],[110.3505,-0.4336],[110.3572,-0.4207],[110.3713,-0.4124],[110.3721,-0.4038],[110.3701,-0.3983],[110.3668,-0.3955],[110.3577,-0.3961],[110.3452,-0.3928],[110.334,-0.3987],[110.3308,-0.4028],[110.3216,-0.4069],[110.3149,-0.4124],[110.3118,-0.4175],[110.3115,-0.426],[110.3072,-0.432],[110.3066,-0.4378],[110.3027,-0.4418],[110.3024,-0.4464],[110.2999,-0.449],[110.2953,-0.448],[110.2747,-0.4372],[110.2638,-0.4385],[110.2511,-0.444],[110.2456,-0.4377],[110.2314,-0.4326],[110.2262,-0.4271],[110.2153,-0.4237],[110.2155,-0.4208],[110.213,-0.4193],[110.1943,-0.4213],[110.1914,-0.4185],[110.1841,-0.4185],[110.1672,-0.423],[110.1564,-0.4284],[110.1505,-0.4354],[110.1468,-0.4344],[110.1414,-0.4289],[110.1353,-0.4281],[110.1305,-0.4248],[110.12,-0.4248],[110.1201,-0.4223],[110.1138,-0.4219],[110.1131,-0.4242],[110.1122,-0.4225],[110.1104,-0.4257],[110.111,-0.4276],[110.1085,-0.4274],[110.1063,-0.4261],[110.1081,-0.4239],[110.1062,-0.4208],[110.108,-0.4185],[110.1032,-0.4188],[110.1042,-0.4144],[110.1,-0.4073],[110.1006,-0.4053],[110.1032,-0.4043],[110.0998,-0.4007],[110.0988,-0.3968],[110.0923,-0.3984],[110.0858,-0.398],[110.0794,-0.3944],[110.0773,-0.3885],[110.0603,-0.3885],[110.0579,-0.3857],[110.0513,-0.3865],[110.0483,-0.3926],[110.0425,-0.3956],[110.0398,-0.3998],[110.0399,-0.4045],[110.0436,-0.4143],[110.0365,-0.4232],[110.0361,-0.4272],[110.0381,-0.4307],[110.0373,-0.4348],[110.0283,-0.4436],[110.0153,-0.447],[110.0149,-0.4551]]]}},{"type":"Feature","properties":{"name":"Sekadau","name_en":"Sekadau","admin_level":"5","osm_id":""},"geometry":{"type":"Polygon","coordinates":[[[110.6983,-0.6328],[110.6782,-0.6216],[110.6701,-0.6196],[110.6491,-0.6164],[110.6369,-0.6191],[110.6299,-0.5672],[110.6317,-0.5468],[110.6218,-0.5302],[110.6137,-0.5072],[110.6157,-0.4875],[110.6132,-0.4679],[110.6168,-0.4594],[110.6042,-0.4229],[110.5954,-0.4082],[110.5663,-0.3793],[110.5615,-0.3665],[110.5608,-0.3507],[110.5562,-0.3427],[110.5548,-0.3321],[110.556,-0.3206],[110.5697,-0.2859],[110.5697,-0.2823],[110.5667,-0.2777],[110.5611,-0.2731],[110.5601,-0.2587],[110.5651,-0.2531],[110.5707,-0.2505],[110.584,-0.2485],[110.6053,-0.2377],[110.6099,-0.2244],[110.6301,-0.2041],[110.6403,-0.1503],[110.6436,-0.1447],[110.6507,-0.1456],[110.6692,-0.1566],[110.6869,-0.1621],[110.7015,-0.1687],[110.7163,-0.1695],[110.75,-0.1644],[110.7459,-0.1563],[110.7454,-0.148],[110.7407,-0.1406],[110.7384,-0.128],[110.7201,-0.1069],[110.7156,-0.0921],[110.7142,-0.0784],[110.719,-0.0393],[110.7258,-0.033],[110.7301,-0.0227],[110.7404,-0.0136],[110.7503,0.0],[110.7538,0.0131],[110.7563,0.0284],[110.7501,0.0452],[110.7496,0.0609],[110.7547,0.0688],[110.7689,0.0771],[110.8119,0.091],[110.8356,0.0935],[110.8401,0.0901],[110.8484,0.0933],[110.8557,0.1006],[110.868,0.1146],[110.8732,0.1239],[110.8773,0.153],[110.8825,0.1603],[110.8889,0.1864],[110.8889,0.1955],[110.8861,0.206],[110.8883,0.2148],[110.8961,0.2235],[110.903,0.2277],[110.9152,0.2263],[110.9218,0.2293],[110.9352,0.2575],[110.9447,0.2941],[110.9462,0.3092],[110.9543,0.3205],[110.968,0.3341],[110.972,0.3475],[110.9733,0.36],[110.9636,0.3851],[110.9608,0.3854],[110.9533,0.3909],[110.9513,0.3973],[110.9479,0.3982],[110.9459,0.4007],[110.9464,0.4054],[110.9427,0.4142],[110.9398,0.4318],[110.9428,0.4429],[110.9425,0.4618],[110.9515,0.4815],[110.9565,0.4973],[110.9625,0.5021],[110.9744,0.5252],[110.9963,0.5518],[111.0019,0.5629],[111.0009,0.5804],[111.0098,0.605],[111.0108,0.6184],[111.0095,0.6407],[111.0133,0.6619],[111.0125,0.6687],[111.0092,0.6742],[111.0073,0.6819],[111.0082,0.6852],[111.0317,0.7031],[111.0403,0.7122],[111.0501,0.7289],[111.0535,0.74],[111.0601,0.7403],[111.1003,0.7279],[111.1054,0.7168],[111.1199,0.7059],[111.1229,0.6887],[111.1373,0.6782],[111.1559,0.6615],[111.1933,0.6128],[111.2048,0.6021],[111.2202,0.5927],[111.2301,0.5891],[111.2578,0.5955],[111.2624,0.5942],[111.2696,0.5891],[111.2735,0.5827],[111.2803,0.5647],[111.2913,0.5462],[111.2956,0.5246],[111.2927,0.509],[111.2854,0.4908],[111.2708,0.466],[111.2679,0.4554],[111.2669,0.4428],[111.26,0.4332],[111.258,0.4276],[111.258,0.4222],[111.2679,0.3919],[111.2674,0.3752],[111.2642,0.3695],[111.2592,0.3652],[111.253,0.3638],[111.2302,0.3664],[111.2203,0.3629],[111.2172,0.358],[111.2227,0.3437],[111.2215,0.341],[111.2265,0.336],[111.223,0.3339],[111.2233,0.3327],[111.2277,0.3319],[111.2277,0.3279],[111.2317,0.3309],[111.2299,0.3234],[111.2349,0.3257],[111.2358,0.3247],[111.2311,0.3097],[111.2317,0.3063],[111.2367,0.3057],[111.2372,0.3016],[111.2405,0.3009],[111.2441,0.2977],[111.2473,0.2976],[111.249,0.2939],[111.2526,0.2965],[111.2592,0.2949],[111.2561,0.2894],[111.2591,0.2784],[111.2548,0.2747],[111.2547,0.2724],[111.258,0.2691],[111.2611,0.2687],[111.2587,0.2663],[111.2632,0.2615],[111.2627,0.2604],[111.2597,0.2612],[111.263,0.2507],[111.261,0.2468],[111.267,0.2507],[111.269,0.2411],[111.2706,0.2443],[111.2689,0.249],[111.271,0.2489],[111.2731,0.2458],[111.2734,0.2411],[111.2703,0.2356],[111.2726,0.2324],[111.2712,0.2311],[111.266,0.2327],[111.2631,0.2227],[111.2669,0.2192],[111.2677,0.216],[111.2621,0.2125],[111.26,0.2042],[111.2643,0.1718],[111.266,0.1701],[111.2658,0.1648],[111.2688,0.157],[111.273,0.1492],[111.2749,0.1324],[111.2489,0.1269],[111.2385,0.1214],[111.2322,0.1091],[111.2242,0.0733],[111.2191,0.0642],[111.2144,0.0617],[111.2105,0.062],[111.2016,0.072],[111.1827,0.0766],[111.1784,0.0791],[111.1652,0.0987],[111.1595,0.1026],[111.1529,0.104],[111.1476,0.1024],[111.1237,0.0856],[111.1302,0.0751],[111.1346,0.0448],[111.1488,0.0015],[111.1459,-0.0701],[111.1353,-0.0996],[111.1359,-0.1129],[111.1286,-0.121],[111.1117,-0.1244],[111.0987,-0.1336],[111.0963,-0.1389],[111.0958,-0.152],[111.0978,-0.1661],[111.0949,-0.1816],[111.0874,-0.183],[111.0852,-0.1958],[111.0857,-0.2034],[111.0924,-0.2301],[111.0916,-0.2413],[111.0884,-0.2521],[111.0794,-0.2663],[111.0765,-0.2685],[111.0754,-0.2742],[111.0702,-0.2807],[111.0555,-0.2933],[111.0428,-0.2999],[111.034,-0.3102],[111.0289,-0.3276],[111.0272,-0.3473],[111.028,-0.3823],[111.0348,-0.4164],[111.0468,-0.438],[111.0574,-0.4482],[111.0671,-0.4652],[111.0777,-0.4747],[111.0863,-0.4857],[111.0885,-0.4972],[111.0689,-0.5019],[111.0654,-0.5007],[111.0509,-0.5029],[111.0296,-0.5012],[111.0178,-0.5036],[110.9718,-0.485],[110.947,-0.4815],[110.9357,-0.4701],[110.9258,-0.4678],[110.9214,-0.4622],[110.9072,-0.458],[110.8996,-0.4592],[110.8815,-0.4779],[110.8669,-0.4904],[110.8721,-0.5059],[110.8599,-0.516],[110.8504,-0.5272],[110.8463,-0.5413],[110.8468,-0.5553],[110.8437,-0.5678],[110.8127,-0.5896],[110.8039,-0.6011],[110.7827,-0.6068],[110.7755,-0.6068],[110.7744,-0.6089],[110.7651,-0.6094],[110.7489,-0.6221],[110.7362,-0.6255],[110.7319,-0.6294],[110.7281,-0.6226],[110.7203,-0.6223],[110.7154,-0.6231],[110.7032,-0.632],[110.6983,-0.6328]]]}},{"type":"Feature","properties":{"name":"Singkawang","name_en":"Singkawang","admin_level":"5","osm_id":""},"geometry":{"type":"Polygon","coordinates":[[[108.9613,0.8085],[108.9511,0.8101],[108.9484,0.8126],[108.9422,0.8126],[108.9379,0.8079],[108.9351,0.808],[108.915,0.8181],[108.9095,0.832],[108.9067,0.8347],[108.8972,0.8336],[108.874,0.841],[108.8915,0.8581],[108.8907,0.8655],[108.8924,0.8666],[108.8933,0.8709],[108.8994,0.8659],[108.9016,0.8687],[108.9037,0.8656],[108.9078,0.8651],[108.9113,0.8627],[108.9162,0.8674],[108.924,0.871],[108.9463,0.8951],[108.9585,0.915],[108.9686,0.9365],[108.9774,0.9698],[108.9788,0.9892],[109.0222,0.9905],[109.0627,0.9896],[109.0669,0.9921],[109.0758,0.9926],[109.0796,0.9981],[109.0848,1.0009],[109.0886,0.9909],[109.0956,0.9912],[109.0983,0.9944],[109.0963,1.0049],[109.108,1.005],[109.1083,1.012],[109.1209,1.0111],[109.1302,1.0184],[109.1352,1.0115],[109.1429,1.012],[109.147,1.0103],[109.1468,1.0031],[109.1509,0.9931],[109.1451,0.9904],[109.1469,0.988],[109.1501,0.9872],[109.1498,0.98],[109.1549,0.9795],[109.1599,0.9769],[109.1625,0.9722],[109.1672,0.9737],[109.165,0.9761],[109.1658,0.9773],[109.1714,0.9773],[109.1732,0.9794],[109.1761,0.9746],[109.1726,0.9673],[109.1768,0.9633],[109.17,0.96],[109.169,0.9555],[109.1667,0.954],[109.1654,0.9504],[109.1626,0.9491],[109.1655,0.9456],[109.1603,0.9409],[109.1627,0.938],[109.1603,0.9343],[109.1607,0.9183],[109.1574,0.9031],[109.1471,0.9023],[109.1442,0.9007],[109.1324,0.884],[109.1245,0.8822],[109.1167,0.8751],[109.1028,0.8673],[109.0927,0.862],[109.0585,0.8509],[109.0522,0.8461],[109.0409,0.8315],[109.0355,0.7787],[109.0314,0.7716],[109.0223,0.7661],[109.0132,0.7641],[109.0037,0.7643],[108.9954,0.7669],[108.9803,0.775],[108.9705,0.7768],[108.9663,0.7866],[108.9661,0.8001],[108.9613,0.8085]]]}},{"type":"Feature","properties":{"name":"Sintang","name_en":"Sintang","admin_level":"5","osm_id":""},"geometry":{"type":"Polygon","coordinates":[[[112.4552,-0.6532],[112.4506,-0.6467],[112.4506,-0.6426],[112.4516,-0.6338],[112.4591,-0.6141],[112.4583,-0.6056],[112.4512,-0.5888],[112.4522,-0.5756],[112.4554,-0.5639],[112.4547,-0.5595],[112.4518,-0.5566],[112.4358,-0.5445],[112.4289,-0.5373],[112.4271,-0.5295],[112.4302,-0.5113],[112.4315,-0.4879],[112.429,-0.4794],[112.4181,-0.466],[112.4116,-0.4546],[112.4115,-0.4419],[112.4173,-0.4296],[112.4196,-0.42],[112.416,-0.4012],[112.4059,-0.389],[112.3755,-0.3716],[112.3705,-0.3566],[112.373,-0.3499],[112.3666,-0.3443],[112.3679,-0.338],[112.3704,-0.3366],[112.3736,-0.3059],[112.3699,-0.2954],[112.3715,-0.2906],[112.3703,-0.2313],[112.3731,-0.2078],[112.3809,-0.1818],[112.3614,-0.1885],[112.3413,-0.202],[112.3193,-0.22],[112.3075,-0.2266],[112.2904,-0.2306],[112.2683,-0.2317],[112.2434,-0.2417],[112.2242,-0.2538],[112.201,-0.2791],[112.1907,-0.286],[112.148,-0.3022],[112.1288,-0.3059],[112.1309,-0.2903],[112.1288,-0.2819],[112.1257,-0.2778],[112.1174,-0.2705],[112.0868,-0.2595],[112.0578,-0.2449],[112.0495,-0.2371],[112.0381,-0.2219],[112.0307,-0.216],[112.0232,-0.2145],[112.018,-0.2159],[111.9974,-0.2277],[111.9881,-0.2273],[111.9813,-0.2222],[111.971,-0.2069],[111.9624,-0.1981],[111.9542,-0.1955],[111.9434,-0.1958],[111.9207,-0.204],[111.9146,-0.2102],[111.9058,-0.2256],[111.8969,-0.2344],[111.868,-0.2385],[111.8644,-0.2355],[111.8587,-0.2249],[111.8544,-0.2088],[111.838,-0.1957],[111.8232,-0.1914],[111.8074,-0.1803],[111.7995,-0.1779],[111.7903,-0.1778],[111.7781,-0.1807],[111.7743,-0.1791],[111.7617,-0.1713],[111.7414,-0.1527],[111.7263,-0.1453],[111.7227,-0.1446],[111.7151,-0.1477],[111.7067,-0.1558],[111.7006,-0.1558],[111.6899,-0.1444],[111.6892,-0.1403],[111.6835,-0.1439],[111.653,-0.1916],[111.6468,-0.1973],[111.6219,-0.2047],[111.6135,-0.1896],[111.6078,-0.1863],[111.5983,-0.1963],[111.5788,-0.2119],[111.57,-0.2227],[111.5541,-0.2246],[111.5371,-0.2204],[111.5036,-0.2208],[111.4924,-0.2237],[111.4809,-0.2296],[111.4668,-0.2462],[111.4644,-0.2521],[111.4635,-0.2562],[111.4651,-0.272],[111.4635,-0.2864],[111.4573,-0.302],[111.4523,-0.3435],[111.4468,-0.3505],[111.4359,-0.3544],[111.4076,-0.3584],[111.3898,-0.355],[111.3764,-0.3557],[111.368,-0.3616],[111.357,-0.3741],[111.354,-0.3847],[111.3493,-0.388],[111.3411,-0.3899],[111.3355,-0.3889],[111.3301,-0.3911],[111.3245,-0.3974],[111.318,-0.4113],[111.3004,-0.4245],[111.308,-0.4332],[111.3041,-0.4401],[111.2934,-0.4467],[111.2777,-0.4493],[111.2745,-0.4594],[111.2665,-0.4627],[111.2584,-0.4731],[111.2503,-0.4803],[111.2463,-0.4865],[111.2445,-0.4963],[111.2406,-0.5048],[111.2293,-0.5158],[111.2217,-0.5197],[111.2101,-0.5208],[111.2021,-0.5252],[111.1964,-0.5195],[111.1805,-0.5138],[111.1546,-0.5161],[111.1384,-0.5144],[111.13,-0.5116],[111.1192,-0.5042],[111.0958,-0.5036],[111.0916,-0.502],[111.0863,-0.4857],[111.0777,-0.4747],[111.0671,-0.4652],[111.0574,-0.4482],[111.0468,-0.438],[111.0348,-0.4164],[111.028,-0.3823],[111.0272,-0.3473],[111.0289,-0.3276],[111.034,-0.3102],[111.0366,-0.3063],[111.0428,-0.2999],[111.0555,-0.2933],[111.0702,-0.2807],[111.0754,-0.2742],[111.0765,-0.2685],[111.0794,-0.2663],[111.0876,-0.2537],[111.0915,-0.2422],[111.0924,-0.231],[111.0857,-0.2034],[111.0852,-0.1958],[111.0874,-0.183],[111.0949,-0.1816],[111.0978,-0.1661],[111.0958,-0.152],[111.0963,-0.1389],[111.0987,-0.1336],[111.1117,-0.1244],[111.1286,-0.121],[111.1359,-0.1129],[111.1353,-0.0996],[111.1459,-0.0701],[111.1488,0.0015],[111.1346,0.0448],[111.1302,0.0751],[111.1237,0.0856],[111.1476,0.1024],[111.1529,0.104],[111.1595,0.1026],[111.1652,0.0987],[111.1784,0.0791],[111.1827,0.0766],[111.2016,0.072],[111.2105,0.062],[111.2144,0.0617],[111.2191,0.0642],[111.2242,0.0733],[111.2322,0.1091],[111.2385,0.1214],[111.2489,0.1269],[111.2749,0.1324],[111.273,0.1492],[111.2688,0.157],[111.2658,0.1648],[111.266,0.1701],[111.2643,0.1718],[111.26,0.2042],[111.2621,0.2125],[111.2677,0.216],[111.2669,0.2192],[111.2631,0.2227],[111.266,0.2327],[111.2712,0.2311],[111.2726,0.2324],[111.2703,0.2356],[111.2734,0.2411],[111.2731,0.2458],[111.271,0.2489],[111.2689,0.249],[111.2706,0.2443],[111.269,0.2411],[111.267,0.2507],[111.261,0.2468],[111.263,0.2507],[111.2597,0.2612],[111.2627,0.2604],[111.2632,0.2615],[111.2587,0.2663],[111.2611,0.2687],[111.258,0.2691],[111.2547,0.2724],[111.2548,0.2747],[111.2591,0.2784],[111.2561,0.2894],[111.2592,0.2949],[111.2526,0.2965],[111.249,0.2939],[111.2473,0.2976],[111.2441,0.2977],[111.2405,0.3009],[111.2372,0.3016],[111.2367,0.3057],[111.2317,0.3063],[111.2311,0.3097],[111.2358,0.3247],[111.2349,0.3257],[111.2299,0.3234],[111.2317,0.3309],[111.2277,0.3279],[111.2277,0.3319],[111.2233,0.3327],[111.223,0.3339],[111.2265,0.336],[111.2215,0.341],[111.2227,0.3437],[111.2172,0.358],[111.2203,0.3629],[111.2302,0.3664],[111.253,0.3638],[111.2592,0.3652],[111.2642,0.3695],[111.2674,0.3752],[111.2679,0.3919],[111.258,0.4222],[111.258,0.4276],[111.26,0.4332],[111.2669,0.4428],[111.2679,0.4554],[111.2708,0.466],[111.2854,0.4908],[111.2927,0.509],[111.2956,0.5246],[111.294,0.5368],[111.2913,0.5462],[111.2803,0.5647],[111.2735,0.5827],[111.2696,0.5891],[111.2624,0.5942],[111.2578,0.5955],[111.2301,0.5891],[111.2202,0.5927],[111.2025,0.6039],[111.1933,0.6128],[111.1559,0.6615],[111.1373,0.6782],[111.1229,0.6887],[111.1199,0.7059],[111.1054,0.7168],[111.1003,0.7279],[111.0601,0.7403],[111.0535,0.74],[111.018,0.7462],[110.9952,0.7544],[110.9893,0.7536],[110.9699,0.7442],[110.9569,0.7417],[110.9389,0.7409],[110.9179,0.7331],[110.9048,0.7309],[110.8939,0.7352],[110.8675,0.7587],[110.8318,0.7465],[110.8135,0.7525],[110.8058,0.7606],[110.7933,0.7807],[110.7892,0.7977],[110.7816,0.8099],[110.7873,0.8113],[110.788,0.8144],[110.7844,0.8207],[110.7876,0.8242],[110.7873,0.8292],[110.7907,0.8448],[110.7921,0.8469],[110.7998,0.8479],[110.801,0.85],[110.8047,0.8512],[110.8051,0.856],[110.8115,0.8627],[110.8113,0.8686],[110.8002,0.8831],[110.7987,0.8896],[110.801,0.8952],[110.8104,0.9007],[110.8113,0.9031],[110.8083,0.9092],[110.809,0.9159],[110.8076,0.9225],[110.8028,0.9282],[110.8002,0.936],[110.8012,0.944],[110.8157,0.95],[110.8292,0.9515],[110.8393,0.9521],[110.8512,0.9496],[110.8615,0.9631],[110.8863,0.9838],[110.89,0.9929],[110.8895,1.0026],[110.8923,1.0099],[110.8983,1.0194],[110.9033,1.0242],[110.9095,1.0273],[110.9183,1.0276],[110.9339,1.024],[110.9633,1.0288],[110.9939,1.0285],[111.0009,1.0325],[111.0215,1.0339],[111.0418,1.0388],[111.0624,1.0491],[111.0814,1.0506],[111.0928,1.0483],[111.1033,1.0506],[111.1088,1.0494],[111.113,1.0515],[111.1459,1.0508],[111.1589,1.0558],[111.1616,1.0596],[111.1653,1.0611],[111.1854,1.0599],[111.1936,1.063],[111.2105,1.0719],[111.2258,1.0839],[111.2296,1.085],[111.2388,1.081],[111.2467,1.0712],[111.2522,1.0677],[111.2527,1.07],[111.2714,1.0674],[111.2857,1.0563],[111.2965,1.0544],[111.3129,1.0466],[111.3328,1.0432],[111.353,1.0368],[111.3648,1.0306],[111.378,1.0203],[111.4112,1.0091],[111.4261,1.0099],[111.4426,1.0135],[111.453,1.0217],[111.462,1.033],[111.4679,1.0366],[111.4807,1.0355],[111.4916,1.0297],[111.5057,1.0185],[111.5146,1.0064],[111.521,0.9907],[111.5248,0.9703],[111.5276,0.9649],[111.5314,0.9493],[111.5359,0.9377],[111.5436,0.9282],[111.5524,0.922],[111.5668,0.9165],[111.5845,0.9189],[111.5959,0.927],[111.6057,0.9311],[111.6147,0.9296],[111.6234,0.9249],[111.6292,0.9177],[111.6277,0.9073],[111.6371,0.8827],[111.6381,0.861],[111.6565,0.8518],[111.6643,0.8454],[111.6725,0.8315],[111.6756,0.8158],[111.6777,0.8119],[111.701,0.7998],[111.7266,0.781],[111.7392,0.7677],[111.7484,0.75],[111.7489,0.7443],[111.7449,0.7372],[111.7293,0.7301],[111.7265,0.7265],[111.7257,0.7161],[111.7167,0.6984],[111.7157,0.6856],[111.7182,0.6755],[111.7173,0.6667],[111.6966,0.6419],[111.6878,0.626],[111.6923,0.6162],[111.6992,0.6106],[111.7192,0.603],[111.7219,0.6042],[111.7262,0.6028],[111.7346,0.5971],[111.7394,0.5913],[111.7409,0.5783],[111.7377,0.5729],[111.7323,0.5697],[111.7163,0.5646],[111.7125,0.5602],[111.7101,0.5544],[111.712,0.541],[111.7237,0.5157],[111.7294,0.4991],[111.7314,0.4798],[111.7295,0.4717],[111.7138,0.4446],[111.7104,0.4287],[111.6986,0.4099],[111.6873,0.3782],[111.6796,0.372],[111.6706,0.3683],[111.6617,0.3616],[111.6555,0.3527],[111.6528,0.3451],[111.6517,0.3366],[111.6555,0.3218],[111.6654,0.2931],[111.6772,0.2721],[111.6863,0.2648],[111.6992,0.2588],[111.731,0.2465],[111.7507,0.2411],[111.7733,0.2372],[111.7842,0.2372],[111.8078,0.2308],[111.8174,0.2299],[111.8252,0.231],[111.8365,0.2285],[111.8427,0.2244],[111.8509,0.2135],[111.8576,0.192],[111.8615,0.1859],[111.8717,0.1804],[111.8779,0.1792],[111.9107,0.1797],[111.9189,0.1826],[111.9645,0.187],[111.9765,0.1957],[111.9866,0.2076],[111.9953,0.2132],[111.9986,0.2142],[112.0103,0.2117],[112.0274,0.2026],[112.0521,0.186],[112.0895,0.1702],[112.0956,0.1549],[112.0915,0.1331],[112.0925,0.127],[112.1068,0.1151],[112.1104,0.1073],[112.1144,0.0906],[112.1208,0.0816],[112.1234,0.0809],[112.1355,0.0836],[112.1467,0.0799],[112.1538,0.0807],[112.1709,0.0898],[112.1889,0.0931],[112.2055,0.1053],[112.2164,0.1099],[112.233,0.1076],[112.2435,0.1092],[112.2497,0.1126],[112.2592,0.1227],[112.2728,0.1282],[112.28,0.1277],[112.2977,0.1212],[112.3176,0.1171],[112.3283,0.116],[112.3344,0.1176],[112.337,0.1163],[112.3476,0.1172],[112.3723,0.121],[112.3977,0.1286],[112.4176,0.1429],[112.4228,0.1444],[112.4737,0.1311],[112.4997,0.1211],[112.5133,0.1192],[112.5151,0.1212],[112.515,0.1288],[112.5065,0.1431],[112.505,0.1527],[112.5069,0.1592],[112.5177,0.1794],[112.5217,0.1837],[112.5354,0.1795],[112.5411,0.1798],[112.5469,0.1914],[112.568,0.2029],[112.575,0.2012],[112.5822,0.188],[112.589,0.1814],[112.6064,0.1525],[112.6143,0.1476],[112.6191,0.1481],[112.6405,0.1613],[112.6463,0.1668],[112.6486,0.1717],[112.6448,0.1807],[112.6281,0.199],[112.6276,0.2026],[112.6305,0.2092],[112.6387,0.2164],[112.6609,0.2277],[112.677,0.2389],[112.6832,0.241],[112.6915,0.2409],[112.7018,0.2379],[112.7292,0.2198],[112.7422,0.2164],[112.7546,0.2187],[112.7792,0.2372],[112.7936,0.241],[112.8188,0.2333],[112.8447,0.2158],[112.8582,0.21],[112.892,0.2092],[112.9184,0.2066],[112.9486,0.1999],[112.9577,0.1996],[112.9639,0.2028],[112.9659,0.2059],[112.9701,0.2248],[112.9618,0.2473],[112.9619,0.2567],[112.9695,0.2706],[112.9787,0.2809],[112.986,0.2926],[112.9912,0.2969],[113.0017,0.2989],[113.0122,0.3084],[113.036,0.3088],[113.0574,0.3174],[113.0616,0.3176],[113.0688,0.3115],[113.075,0.2997],[113.0821,0.2918],[113.0982,0.2873],[113.1025,0.2832],[113.104,0.2763],[113.1011,0.2599],[113.111,0.249],[113.1268,0.2423],[113.1331,0.242],[113.1402,0.2451],[113.1526,0.2574],[113.1616,0.2609],[113.1708,0.2619],[113.2048,0.2542],[113.2568,0.245],[113.273,0.2404],[113.2729,0.2339],[113.2762,0.2301],[113.2823,0.2284],[113.3254,0.1802],[113.3408,0.1674],[113.3592,0.1585],[113.3806,0.1539],[113.4137,0.1305],[113.4198,0.123],[113.4226,0.1158],[113.4143,0.108],[113.4125,0.1032],[113.4164,0.0765],[113.4105,0.0525],[113.4129,0.0436],[113.4402,0.0154],[113.4421,0.0116],[113.44,0.0067],[113.4365,0.0015],[113.4334,-0.0001],[113.4287,-0.0083],[113.4274,-0.0166],[113.4288,-0.0294],[113.4201,-0.0351],[113.4165,-0.0411],[113.4165,-0.0473],[113.4192,-0.0504],[113.4346,-0.0529],[113.438,-0.0577],[113.4399,-0.0709],[113.4363,-0.0775],[113.4235,-0.0919],[113.4212,-0.0981],[113.422,-0.1116],[113.4202,-0.1152],[113.4164,-0.1185],[113.4011,-0.119],[113.3973,-0.1226],[113.3964,-0.127],[113.3969,-0.1297],[113.4002,-0.132],[113.4194,-0.1365],[113.4211,-0.139],[113.4198,-0.1442],[113.4101,-0.1608],[113.406,-0.1625],[113.3982,-0.1603],[113.3931,-0.161],[113.3866,-0.1656],[113.3857,-0.1699],[113.3872,-0.1796],[113.3854,-0.1861],[113.373,-0.1936],[113.3523,-0.2213],[113.3377,-0.2255],[113.3236,-0.2348],[113.3154,-0.2365],[113.292,-0.2376],[113.2877,-0.2404],[113.2782,-0.2517],[113.2756,-0.2653],[113.271,-0.2704],[113.2604,-0.2715],[113.2552,-0.2744],[113.2348,-0.2976],[113.2257,-0.3289],[113.2179,-0.334],[113.2108,-0.3348],[113.207,-0.338],[113.2058,-0.3422],[113.2073,-0.3446],[113.2217,-0.347],[113.2297,-0.3643],[113.2383,-0.3701],[113.2462,-0.3789],[113.2594,-0.3856],[113.2631,-0.3902],[113.2624,-0.3955],[113.2589,-0.4],[113.2569,-0.408],[113.2669,-0.418],[113.2663,-0.431],[113.2635,-0.4377],[113.2458,-0.453],[113.2404,-0.4636],[113.2289,-0.4743],[113.2266,-0.4801],[113.2262,-0.4916],[113.2228,-0.4996],[113.2185,-0.5039],[113.2152,-0.5054],[113.2098,-0.5046],[113.2015,-0.4994],[113.1986,-0.4955],[113.1996,-0.4797],[113.1986,-0.4776],[113.1914,-0.4783],[113.1878,-0.4676],[113.1851,-0.4655],[113.1821,-0.4646],[113.165,-0.4696],[113.1579,-0.4699],[113.1545,-0.4654],[113.1539,-0.4531],[113.1505,-0.4474],[113.1421,-0.4431],[113.1304,-0.4498],[113.1249,-0.4571],[113.1214,-0.4656],[113.1126,-0.4743],[113.1114,-0.484],[113.1097,-0.4865],[113.095,-0.4843],[113.0616,-0.4989],[113.0532,-0.4976],[113.0398,-0.4869],[113.0354,-0.4859],[113.0297,-0.4849],[113.0228,-0.4861],[113.0034,-0.4938],[112.9981,-0.4928],[112.9945,-0.4865],[112.9899,-0.4857],[112.9868,-0.4902],[112.981,-0.5054],[112.9766,-0.5099],[112.9607,-0.5111],[112.9263,-0.5207],[112.9166,-0.5276],[112.9044,-0.528],[112.8937,-0.5309],[112.8721,-0.5447],[112.8592,-0.5594],[112.8556,-0.5657],[112.8504,-0.5691],[112.8255,-0.5737],[112.8205,-0.5759],[112.8135,-0.5751],[112.7977,-0.5649],[112.7565,-0.5661],[112.751,-0.5681],[112.7419,-0.5799],[112.7413,-0.5839],[112.7421,-0.6051],[112.7451,-0.6151],[112.7435,-0.6205],[112.7395,-0.6233],[112.723,-0.6222],[112.7122,-0.626],[112.7044,-0.6212],[112.7004,-0.627],[112.702,-0.6302],[112.7016,-0.6355],[112.694,-0.6414],[112.6903,-0.6497],[112.6865,-0.651],[112.6776,-0.6504],[112.6663,-0.6546],[112.6561,-0.6557],[112.6508,-0.6527],[112.647,-0.6538],[112.6431,-0.6575],[112.6393,-0.6558],[112.6376,-0.653],[112.6288,-0.6537],[112.6184,-0.6616],[112.6063,-0.665],[112.6035,-0.6681],[112.5978,-0.6846],[112.5909,-0.688],[112.5726,-0.6893],[112.557,-0.6862],[112.5503,-0.6864],[112.5447,-0.6911],[112.5415,-0.6972],[112.5383,-0.6987],[112.5064,-0.692],[112.4883,-0.692],[112.485,-0.6951],[112.4832,-0.7224],[112.4815,-0.7271],[112.4758,-0.7307],[112.4692,-0.7301],[112.4614,-0.7265],[112.4552,-0.7204],[112.4523,-0.7137],[112.4524,-0.6924],[112.4511,-0.6858],[112.4559,-0.6824],[112.4603,-0.6681],[112.4577,-0.6562],[112.4552,-0.6532]]]}}]}