{"type":"FeatureCollection","metadata":{"parent_osm_id":"gid_IDN_27_1","parent_name":"SulawesiTengah","parent_name_1":"SulawesiTengah","parent_gid":"IDN.27_1","parent_level":"4","child_level":"5","count":11,"source":"GADM 4.1","generated":"2026-05-07"},"features":[{"type":"Feature","properties":{"name":"Banggai","name_en":"Banggai","admin_level":"5","osm_id":""},"geometry":{"type":"Polygon","coordinates":[[[122.3386,-1.5219],[122.3236,-1.5231],[122.304,-1.5329],[122.283,-1.5499],[122.2787,-1.5567],[122.2684,-1.5596],[122.2536,-1.5734],[122.2439,-1.5741],[122.2246,-1.5946],[122.222,-1.6002],[122.2127,-1.606],[122.2124,-1.6049],[122.1967,-1.6087],[122.1555,-1.608],[122.0916,-1.6167],[122.0637,-1.616],[122.0598,-1.612],[122.0397,-1.5874],[122.0318,-1.5745],[122.0297,-1.5673],[122.0325,-1.5218],[122.0307,-1.5226],[122.0329,-1.5215],[122.0427,-1.4929],[122.0269,-1.4741],[122.0148,-1.4666],[122.0127,-1.4531],[122.0191,-1.4442],[122.0236,-1.4422],[122.0434,-1.4406],[122.0421,-1.4354],[122.0362,-1.4257],[122.0533,-1.4231],[122.0541,-1.4116],[122.0416,-1.3922],[122.0288,-1.3538],[122.0232,-1.3494],[122.0077,-1.3423],[122.0074,-1.3385],[122.0119,-1.3362],[122.0153,-1.339],[122.0232,-1.3387],[122.0271,-1.3404],[122.0336,-1.3502],[122.0374,-1.3513],[122.0392,-1.3501],[122.0481,-1.3326],[122.0848,-1.3002],[122.0891,-1.2823],[122.0972,-1.2668],[122.1008,-1.249],[122.0956,-1.2392],[122.0963,-1.2369],[122.0927,-1.226],[122.0881,-1.2235],[122.0843,-1.2179],[122.0811,-1.2184],[122.0813,-1.215],[122.0784,-1.212],[122.0788,-1.2105],[122.0822,-1.2105],[122.0545,-1.1762],[122.0432,-1.14],[122.031,-1.12],[122.026,-1.131],[122.019,-1.1408],[122.0062,-1.1423],[122.0073,-1.133],[122.0061,-1.1315],[122.0031,-1.1329],[122.0032,-1.1284],[122.0005,-1.1279],[121.9969,-1.13],[121.9952,-1.126],[121.9905,-1.1274],[121.9883,-1.1231],[121.9756,-1.1221],[121.9749,-1.1232],[121.9727,-1.1221],[121.9701,-1.1231],[121.9666,-1.12],[121.9668,-1.1182],[121.9636,-1.1193],[121.9609,-1.1174],[121.9601,-1.1142],[121.9563,-1.1145],[121.9559,-1.1105],[121.9492,-1.1135],[121.9489,-1.1168],[121.9511,-1.116],[121.9522,-1.1179],[121.9502,-1.1196],[121.9498,-1.1253],[121.9477,-1.1275],[121.9413,-1.1269],[121.9399,-1.1289],[121.9423,-1.1337],[121.9369,-1.1374],[121.9293,-1.1391],[121.9246,-1.143],[121.8985,-1.1489],[121.8856,-1.1173],[121.8526,-1.0476],[121.8425,-0.962],[121.8475,-0.963],[121.8518,-0.9615],[121.8489,-0.9686],[121.8517,-0.9694],[121.8637,-0.9668],[121.8662,-0.9696],[121.8702,-0.9692],[121.8786,-0.9739],[121.8818,-0.9745],[121.8848,-0.9729],[121.8871,-0.9745],[121.8945,-0.9746],[121.9005,-0.9787],[121.9102,-0.989],[121.9232,-0.9856],[121.9288,-0.9872],[121.9362,-0.9864],[121.9424,-0.9887],[121.9565,-0.9824],[121.9629,-0.9724],[121.9701,-0.9706],[121.9729,-0.9675],[121.977,-0.966],[121.9798,-0.9599],[121.9837,-0.9581],[121.9873,-0.9506],[121.986,-0.9465],[121.9886,-0.9425],[121.9946,-0.9432],[122.0052,-0.933],[122.0128,-0.9363],[122.0191,-0.9316],[122.0237,-0.9317],[122.0254,-0.9321],[122.0274,-0.9356],[122.0374,-0.9411],[122.0424,-0.9391],[122.0515,-0.9434],[122.0581,-0.9405],[122.064,-0.9457],[122.0764,-0.9438],[122.0877,-0.9514],[122.0905,-0.9514],[122.0929,-0.9547],[122.1037,-0.9514],[122.1192,-0.9394],[122.1281,-0.9285],[122.1293,-0.9248],[122.1351,-0.9207],[122.1454,-0.9046],[122.1481,-0.8922],[122.1445,-0.8747],[122.1476,-0.8704],[122.1466,-0.8596],[122.1523,-0.852],[122.1616,-0.8466],[122.1657,-0.838],[122.1631,-0.835],[122.1571,-0.8328],[122.1549,-0.8299],[122.1585,-0.8141],[122.1646,-0.8139],[122.1753,-0.8078],[122.1867,-0.8119],[122.1949,-0.7995],[122.1949,-0.7948],[122.2,-0.7907],[122.1997,-0.7876],[122.2117,-0.7922],[122.2202,-0.7898],[122.2221,-0.7874],[122.2277,-0.7851],[122.235,-0.787],[122.2415,-0.7865],[122.2542,-0.7897],[122.264,-0.7857],[122.2729,-0.7882],[122.2834,-0.7862],[122.2869,-0.79],[122.2906,-0.7905],[122.2939,-0.7878],[122.2987,-0.7882],[122.3027,-0.7939],[122.3104,-0.7926],[122.3163,-0.7862],[122.3222,-0.7837],[122.3306,-0.7771],[122.3353,-0.777],[122.3388,-0.7813],[122.344,-0.7837],[122.3503,-0.7822],[122.3603,-0.776],[122.364,-0.7786],[122.3698,-0.7787],[122.3832,-0.7845],[122.388,-0.7812],[122.4016,-0.7837],[122.4063,-0.7817],[122.4141,-0.7833],[122.4287,-0.7762],[122.4385,-0.7655],[122.4589,-0.7587],[122.4658,-0.7617],[122.4692,-0.7599],[122.4827,-0.7675],[122.4853,-0.7667],[122.4901,-0.7695],[122.5001,-0.7706],[122.508,-0.7687],[122.5097,-0.7669],[122.5215,-0.7775],[122.5224,-0.7843],[122.5248,-0.786],[122.529,-0.7817],[122.5316,-0.7809],[122.5343,-0.7825],[122.5403,-0.78],[122.5469,-0.7822],[122.5519,-0.7798],[122.5561,-0.7811],[122.56,-0.7796],[122.5662,-0.7826],[122.5805,-0.7837],[122.5856,-0.7809],[122.5895,-0.774],[122.5993,-0.7732],[122.615,-0.7615],[122.6198,-0.7652],[122.6306,-0.7636],[122.6314,-0.7649],[122.6373,-0.766],[122.6358,-0.7683],[122.6279,-0.7669],[122.6264,-0.7689],[122.6307,-0.7694],[122.6316,-0.7721],[122.6331,-0.769],[122.6343,-0.7698],[122.6402,-0.7772],[122.6556,-0.7892],[122.6498,-0.79],[122.6665,-0.8001],[122.68,-0.803],[122.6817,-0.8056],[122.6848,-0.8065],[122.6856,-0.8103],[122.7015,-0.809],[122.728,-0.8127],[122.7427,-0.8039],[122.7505,-0.8018],[122.7757,-0.7829],[122.7827,-0.7809],[122.7907,-0.776],[122.7978,-0.7768],[122.8012,-0.7807],[122.8034,-0.781],[122.8064,-0.7788],[122.8122,-0.7788],[122.815,-0.7805],[122.8194,-0.7788],[122.8217,-0.7809],[122.8258,-0.7791],[122.8284,-0.7798],[122.8349,-0.7761],[122.8378,-0.7769],[122.8442,-0.7698],[122.8454,-0.7703],[122.8509,-0.7666],[122.857,-0.7677],[122.8632,-0.7761],[122.8677,-0.7741],[122.8706,-0.7756],[122.8772,-0.7743],[122.8787,-0.7711],[122.8901,-0.7685],[122.904,-0.7687],[122.9176,-0.7661],[122.9235,-0.7634],[122.9229,-0.7612],[122.9248,-0.759],[122.9292,-0.7623],[122.9316,-0.755],[122.9364,-0.7518],[122.9421,-0.7511],[122.9454,-0.7533],[122.9612,-0.7542],[122.9616,-0.7511],[122.9656,-0.7514],[122.9622,-0.7431],[122.9575,-0.7409],[122.952,-0.7408],[122.9503,-0.7356],[122.9475,-0.736],[122.9446,-0.741],[122.9424,-0.7415],[122.9387,-0.7372],[122.9362,-0.7364],[122.908,-0.7387],[122.9055,-0.734],[122.902,-0.7341],[122.9013,-0.7363],[122.8981,-0.7362],[122.8975,-0.7379],[122.8959,-0.7379],[122.8951,-0.7347],[122.8937,-0.7386],[122.889,-0.7317],[122.8871,-0.722],[122.8801,-0.7172],[122.8717,-0.7162],[122.8694,-0.7111],[122.8499,-0.713],[122.8484,-0.7092],[122.833,-0.7096],[122.8282,-0.7054],[122.8193,-0.7034],[122.8153,-0.7035],[122.8042,-0.7083],[122.7866,-0.7036],[122.7839,-0.7014],[122.7828,-0.7049],[122.7816,-0.7049],[122.7782,-0.701],[122.7661,-0.6978],[122.7666,-0.6952],[122.7643,-0.6928],[122.7497,-0.6837],[122.7476,-0.6789],[122.7375,-0.6757],[122.7319,-0.6761],[122.7272,-0.6663],[122.7245,-0.6646],[122.7251,-0.6625],[122.7258,-0.6608],[122.7327,-0.663],[122.7393,-0.6613],[122.7432,-0.6643],[122.7574,-0.6635],[122.7627,-0.6643],[122.769,-0.6691],[122.7814,-0.6695],[122.786,-0.6645],[122.793,-0.6608],[122.7966,-0.6548],[122.8005,-0.6516],[122.8027,-0.6472],[122.8019,-0.641],[122.8074,-0.6341],[122.8229,-0.6298],[122.8207,-0.6343],[122.8181,-0.6353],[122.8174,-0.6378],[122.8185,-0.6386],[122.8272,-0.6342],[122.8331,-0.6362],[122.8341,-0.6408],[122.842,-0.6415],[122.8473,-0.6395],[122.852,-0.6318],[122.852,-0.6288],[122.8599,-0.6261],[122.8599,-0.6278],[122.8613,-0.6225],[122.8633,-0.6217],[122.8652,-0.6218],[122.8645,-0.6254],[122.8675,-0.6283],[122.8736,-0.6292],[122.8746,-0.6351],[122.8791,-0.6385],[122.8816,-0.6385],[122.894,-0.6341],[122.8968,-0.6269],[122.8945,-0.6229],[122.905,-0.6256],[122.9203,-0.6264],[122.9234,-0.6259],[122.9243,-0.6205],[122.9281,-0.6183],[122.9405,-0.6212],[122.9541,-0.6179],[122.9426,-0.6231],[122.94,-0.6272],[122.9427,-0.6256],[122.9459,-0.6265],[122.9452,-0.6307],[122.9478,-0.6334],[122.9465,-0.6376],[122.9517,-0.6378],[122.9527,-0.6442],[122.9573,-0.6441],[122.9564,-0.6336],[122.9619,-0.6328],[122.9624,-0.6262],[122.9681,-0.6189],[122.9817,-0.6181],[122.982,-0.6202],[122.9864,-0.6164],[122.9868,-0.6208],[122.9894,-0.6233],[122.9938,-0.6169],[122.9986,-0.6171],[123.0063,-0.612],[123.0125,-0.605],[123.0124,-0.6011],[123.0227,-0.5984],[123.0258,-0.5958],[123.0289,-0.5988],[123.0309,-0.5986],[123.0312,-0.6052],[123.0311,-0.5986],[123.0337,-0.5963],[123.0425,-0.5948],[123.0485,-0.5876],[123.0516,-0.5906],[123.0487,-0.5872],[123.0532,-0.5783],[123.0498,-0.5742],[123.0501,-0.5686],[123.057,-0.5643],[123.064,-0.5654],[123.0779,-0.5714],[123.0833,-0.5701],[123.0872,-0.5714],[123.0892,-0.5728],[123.0867,-0.5754],[123.0897,-0.5769],[123.0976,-0.5767],[123.0993,-0.5744],[123.1151,-0.57],[123.1258,-0.5729],[123.125,-0.5807],[123.1259,-0.5728],[123.1374,-0.576],[123.1443,-0.5748],[123.1494,-0.5762],[123.1505,-0.5783],[123.1499,-0.5768],[123.1636,-0.5837],[123.1742,-0.5829],[123.1895,-0.5741],[123.1946,-0.5694],[123.198,-0.5691],[123.2029,-0.5697],[123.2201,-0.5786],[123.2346,-0.5823],[123.2448,-0.583],[123.2615,-0.5795],[123.2627,-0.58],[123.2627,-0.5884],[123.2628,-0.5803],[123.2685,-0.5824],[123.3086,-0.6103],[123.3118,-0.6114],[123.3178,-0.6101],[123.325,-0.6148],[123.3494,-0.6249],[123.354,-0.6311],[123.3726,-0.6362],[123.3759,-0.6394],[123.3796,-0.6373],[123.3793,-0.6421],[123.3849,-0.6456],[123.3885,-0.6455],[123.3945,-0.6418],[123.4005,-0.6486],[123.4075,-0.6505],[123.4112,-0.6541],[123.4112,-0.6552],[123.401,-0.6566],[123.3873,-0.6617],[123.3831,-0.6614],[123.3817,-0.6641],[123.3848,-0.6642],[123.3843,-0.6686],[123.3809,-0.6675],[123.3807,-0.6702],[123.3858,-0.6694],[123.3862,-0.6715],[123.3842,-0.6719],[123.3869,-0.6725],[123.3871,-0.6743],[123.3924,-0.6691],[123.3934,-0.6762],[123.3872,-0.6811],[123.3904,-0.6795],[123.3945,-0.6861],[123.3963,-0.6925],[123.4015,-0.6934],[123.3961,-0.6966],[123.4017,-0.6935],[123.4043,-0.699],[123.4132,-0.7038],[123.4155,-0.7074],[123.419,-0.7091],[123.4205,-0.7142],[123.4177,-0.7141],[123.4208,-0.718],[123.4245,-0.7185],[123.4261,-0.7157],[123.4287,-0.7155],[123.431,-0.713],[123.4318,-0.7096],[123.4353,-0.7077],[123.4387,-0.7086],[123.4412,-0.7076],[123.4439,-0.7105],[123.4442,-0.7124],[123.4382,-0.7172],[123.4382,-0.7281],[123.4359,-0.7295],[123.4358,-0.7331],[123.4329,-0.7371],[123.4274,-0.7399],[123.4266,-0.7446],[123.4274,-0.7468],[123.4327,-0.7478],[123.4447,-0.7451],[123.446,-0.7497],[123.4445,-0.7498],[123.4459,-0.7498],[123.4461,-0.7527],[123.4522,-0.7589],[123.452,-0.7629],[123.4576,-0.7691],[123.4571,-0.7702],[123.4516,-0.7678],[123.4465,-0.7707],[123.4418,-0.7849],[123.4413,-0.7911],[123.4341,-0.7996],[123.4336,-0.8125],[123.4316,-0.8148],[123.4317,-0.8185],[123.4325,-0.8211],[123.433,-0.82],[123.444,-0.8282],[123.4408,-0.8331],[123.4439,-0.838],[123.4355,-0.8377],[123.4345,-0.8432],[123.4287,-0.8441],[123.4235,-0.849],[123.4188,-0.8492],[123.4106,-0.8554],[123.4066,-0.8614],[123.4046,-0.8683],[123.405,-0.8745],[123.3991,-0.8758],[123.3916,-0.8902],[123.3917,-0.8975],[123.3946,-0.9057],[123.3928,-0.9072],[123.3889,-0.9067],[123.3862,-0.9118],[123.3836,-0.9313],[123.3853,-0.9365],[123.3974,-0.953],[123.3958,-0.9549],[123.3884,-0.9572],[123.3865,-0.9615],[123.3814,-0.9668],[123.3773,-0.976],[123.3796,-0.9862],[123.375,-1.0066],[123.3535,-1.033],[123.3467,-1.0374],[123.346,-1.0358],[123.3465,-1.0373],[123.3438,-1.0393],[123.331,-1.0463],[123.3217,-1.0497],[123.311,-1.0509],[123.2885,-1.0481],[123.2797,-1.0434],[123.2717,-1.0443],[123.2651,-1.0424],[123.2575,-1.0364],[123.2592,-1.0355],[123.2574,-1.0362],[123.2494,-1.0226],[123.2508,-1.0218],[123.2457,-1.0084],[123.2433,-1.0081],[123.2364,-1.0017],[123.2385,-1.0002],[123.2365,-1.0016],[123.208,-0.9905],[123.1934,-0.971],[123.1927,-0.9719],[123.1912,-0.9695],[123.1869,-0.9683],[123.1747,-0.9571],[123.1677,-0.9543],[123.1688,-0.9525],[123.1678,-0.9539],[123.1581,-0.9503],[123.1474,-0.9553],[123.1431,-0.9532],[123.1405,-0.9503],[123.141,-0.9447],[123.1481,-0.9371],[123.1452,-0.9306],[123.1395,-0.9264],[123.1388,-0.9226],[123.141,-0.9109],[123.1359,-0.9059],[123.1339,-0.8994],[123.1437,-0.8957],[123.1458,-0.9015],[123.1521,-0.901],[123.1534,-0.8998],[123.153,-0.894],[123.1478,-0.897],[123.147,-0.8942],[123.1483,-0.8922],[123.1461,-0.889],[123.1482,-0.8891],[123.1463,-0.8885],[123.1492,-0.888],[123.1511,-0.8856],[123.15,-0.8829],[123.1414,-0.8767],[123.1359,-0.8704],[123.1284,-0.8553],[123.1197,-0.8482],[123.1136,-0.8459],[123.106,-0.8381],[123.1002,-0.8355],[123.0957,-0.8385],[123.0904,-0.8487],[123.0796,-0.8547],[123.0771,-0.8627],[123.0684,-0.8638],[123.0699,-0.8667],[123.0657,-0.8677],[123.0649,-0.8697],[123.0628,-0.8681],[123.06,-0.8715],[123.06,-0.8769],[123.0646,-0.8769],[123.0658,-0.8801],[123.0681,-0.8775],[123.0708,-0.877],[123.0737,-0.879],[123.0742,-0.8824],[123.0737,-0.8856],[123.0719,-0.8866],[123.0708,-0.8835],[123.066,-0.8823],[123.0614,-0.8851],[123.0592,-0.8967],[123.0527,-0.8997],[123.0461,-0.8999],[123.0426,-0.8985],[123.0433,-0.8922],[123.0415,-0.8973],[123.0372,-0.8943],[123.0367,-0.8906],[123.0386,-0.8869],[123.0379,-0.8785],[123.0431,-0.8741],[123.0427,-0.8718],[123.0367,-0.8755],[123.0327,-0.8835],[123.0296,-0.8806],[123.0276,-0.8815],[123.0298,-0.8851],[123.0265,-0.8871],[123.0316,-0.8946],[123.0279,-0.8944],[123.0288,-0.8967],[123.0386,-0.902],[123.0416,-0.9062],[123.0413,-0.9082],[123.0248,-0.9091],[123.0076,-0.9011],[123.0065,-0.8997],[123.0075,-0.8941],[123.0056,-0.8936],[123.0036,-0.8976],[123.0007,-0.8983],[123.0011,-0.8996],[122.982,-0.9009],[122.9521,-0.911],[122.9364,-0.9129],[122.9286,-0.9171],[122.9057,-0.9203],[122.8992,-0.9266],[122.8898,-0.9296],[122.8864,-0.9299],[122.8857,-0.9272],[122.8861,-0.93],[122.881,-0.9299],[122.8771,-0.9252],[122.8716,-0.9226],[122.8654,-0.9227],[122.8597,-0.9248],[122.8589,-0.9229],[122.8572,-0.9257],[122.852,-0.927],[122.8397,-0.9291],[122.8354,-0.9277],[122.8305,-0.9288],[122.8229,-0.9322],[122.8196,-0.9366],[122.8094,-0.9369],[122.8091,-0.9392],[122.8017,-0.9422],[122.7965,-0.949],[122.7924,-0.9489],[122.7908,-0.9555],[122.795,-0.9546],[122.798,-0.9497],[122.7993,-0.9501],[122.7993,-0.9528],[122.7931,-0.9595],[122.7931,-0.9645],[122.7893,-0.9678],[122.7867,-0.9746],[122.7876,-0.9821],[122.7959,-0.9911],[122.7984,-1.0035],[122.7668,-1.0491],[122.7499,-1.0621],[122.7422,-1.074],[122.7352,-1.078],[122.7284,-1.0864],[122.722,-1.102],[122.7139,-1.1148],[122.7151,-1.1343],[122.7081,-1.1384],[122.6911,-1.1345],[122.6692,-1.1377],[122.6667,-1.1393],[122.6649,-1.1437],[122.6632,-1.1514],[122.6647,-1.1594],[122.6618,-1.1645],[122.6432,-1.1706],[122.6351,-1.1651],[122.6363,-1.1772],[122.6319,-1.1874],[122.6369,-1.1789],[122.6367,-1.1924],[122.6338,-1.1979],[122.6293,-1.2016],[122.629,-1.2057],[122.6305,-1.2099],[122.6338,-1.2131],[122.6356,-1.2207],[122.6331,-1.2354],[122.6202,-1.2414],[122.599,-1.2477],[122.5686,-1.262],[122.5599,-1.2681],[122.5593,-1.2708],[122.5613,-1.273],[122.5672,-1.2756],[122.5699,-1.2858],[122.5684,-1.2923],[122.5649,-1.2942],[122.563,-1.3064],[122.56,-1.312],[122.5517,-1.3152],[122.5426,-1.3256],[122.54,-1.3239],[122.5416,-1.3262],[122.5316,-1.3343],[122.5299,-1.3382],[122.5081,-1.3476],[122.4934,-1.3611],[122.4884,-1.3718],[122.4897,-1.381],[122.4881,-1.3857],[122.4723,-1.4043],[122.4574,-1.4111],[122.437,-1.4241],[122.4183,-1.4406],[122.4152,-1.4464],[122.416,-1.4506],[122.4089,-1.4571],[122.408,-1.4606],[122.4107,-1.4655],[122.3922,-1.493],[122.3714,-1.5062],[122.369,-1.5103],[122.3591,-1.5172],[122.3386,-1.5219]]]}},{"type":"Feature","properties":{"name":"BanggaiKepulauan","name_en":"BanggaiKepulauan","admin_level":"5","osm_id":""},"geometry":{"type":"Polygon","coordinates":[[[123.2572,-1.6272],[123.2572,-1.635],[123.2544,-1.6396],[123.2509,-1.6414],[123.2501,-1.64],[123.2514,-1.6389],[123.2491,-1.6385],[123.2478,-1.6395],[123.2501,-1.6428],[123.249,-1.645],[123.2467,-1.6434],[123.243,-1.6493],[123.2406,-1.648],[123.241,-1.6455],[123.2368,-1.6442],[123.2337,-1.6328],[123.2336,-1.6222],[123.2316,-1.6175],[123.2315,-1.6125],[123.2332,-1.611],[123.2318,-1.6102],[123.2317,-1.6019],[123.2298,-1.5982],[123.2272,-1.5963],[123.2281,-1.5986],[123.2257,-1.5953],[123.2264,-1.5972],[123.2254,-1.5997],[123.2241,-1.5993],[123.2247,-1.6015],[123.2233,-1.6015],[123.2235,-1.5984],[123.2218,-1.6017],[123.2227,-1.6027],[123.2192,-1.6015],[123.2202,-1.6045],[123.2185,-1.6059],[123.2158,-1.6043],[123.2135,-1.6055],[123.2139,-1.6075],[123.2122,-1.6066],[123.2125,-1.6089],[123.2081,-1.6082],[123.2081,-1.6102],[123.206,-1.6104],[123.2086,-1.6143],[123.2088,-1.62],[123.2045,-1.6154],[123.2049,-1.6167],[123.2014,-1.6172],[123.1999,-1.6192],[123.1982,-1.6155],[123.1963,-1.6146],[123.1968,-1.6124],[123.1942,-1.6143],[123.194,-1.6124],[123.1968,-1.6102],[123.1973,-1.6085],[123.1941,-1.6118],[123.1948,-1.6081],[123.1926,-1.6087],[123.1901,-1.613],[123.1933,-1.6136],[123.1908,-1.6141],[123.1922,-1.6149],[123.191,-1.6165],[123.1905,-1.6153],[123.1889,-1.616],[123.1885,-1.6202],[123.1853,-1.6245],[123.1853,-1.6228],[123.1841,-1.6239],[123.1829,-1.6226],[123.1837,-1.6247],[123.182,-1.63],[123.1798,-1.6302],[123.1799,-1.6328],[123.1768,-1.6345],[123.1732,-1.6315],[123.171,-1.633],[123.1717,-1.6285],[123.1704,-1.6284],[123.1687,-1.6336],[123.1641,-1.6357],[123.1647,-1.637],[123.163,-1.6402],[123.1615,-1.6401],[123.162,-1.638],[123.1635,-1.6382],[123.1629,-1.6365],[123.1606,-1.639],[123.1566,-1.6388],[123.1548,-1.6408],[123.1533,-1.6367],[123.1553,-1.6313],[123.1533,-1.6266],[123.1563,-1.6239],[123.1536,-1.6243],[123.1507,-1.6171],[123.151,-1.6143],[123.1546,-1.6139],[123.1533,-1.6127],[123.151,-1.6116],[123.147,-1.6155],[123.1437,-1.6126],[123.1449,-1.6102],[123.1442,-1.6098],[123.1404,-1.6105],[123.1392,-1.6137],[123.1379,-1.6094],[123.1331,-1.6074],[123.1299,-1.612],[123.1227,-1.6134],[123.1149,-1.6122],[123.1088,-1.6052],[123.1114,-1.5912],[123.1015,-1.6038],[123.0986,-1.6005],[123.0978,-1.5926],[123.0997,-1.581],[123.1017,-1.576],[123.1064,-1.5722],[123.1074,-1.5666],[123.1192,-1.5647],[123.1228,-1.5655],[123.126,-1.5685],[123.1282,-1.5681],[123.1306,-1.5655],[123.131,-1.5608],[123.1432,-1.5511],[123.1447,-1.5463],[123.1532,-1.5421],[123.1609,-1.5411],[123.1702,-1.536],[123.1709,-1.5324],[123.175,-1.5287],[123.1778,-1.5225],[123.1829,-1.5193],[123.1848,-1.5144],[123.1805,-1.5006],[123.176,-1.4984],[123.1765,-1.4889],[123.1783,-1.4876],[123.1786,-1.4848],[123.1745,-1.476],[123.1765,-1.4702],[123.1729,-1.4642],[123.1743,-1.4597],[123.1722,-1.4564],[123.1723,-1.4534],[123.167,-1.4503],[123.1656,-1.4557],[123.1632,-1.4532],[123.1653,-1.4387],[123.1667,-1.4384],[123.167,-1.4464],[123.1726,-1.4283],[123.1671,-1.4218],[123.1666,-1.4144],[123.1689,-1.4138],[123.1665,-1.413],[123.1672,-1.4091],[123.1648,-1.4079],[123.1637,-1.4015],[123.1647,-1.398],[123.1689,-1.3982],[123.1692,-1.3952],[123.1653,-1.3919],[123.168,-1.3864],[123.1633,-1.3867],[123.1609,-1.3838],[123.16,-1.3845],[123.1593,-1.3776],[123.1579,-1.3768],[123.1599,-1.3754],[123.1612,-1.3773],[123.1622,-1.3754],[123.1634,-1.3773],[123.1651,-1.3756],[123.1605,-1.3734],[123.1579,-1.3742],[123.1564,-1.3685],[123.1584,-1.3527],[123.1556,-1.3364],[123.1578,-1.3258],[123.1592,-1.3261],[123.1607,-1.3199],[123.1593,-1.3189],[123.1598,-1.3108],[123.1585,-1.3088],[123.1658,-1.3031],[123.1624,-1.3001],[123.1611,-1.3025],[123.1493,-1.2967],[123.143,-1.297],[123.137,-1.2995],[123.1299,-1.3132],[123.1219,-1.3186],[123.1193,-1.3094],[123.1194,-1.3016],[123.1216,-1.2946],[123.12,-1.2952],[123.1184,-1.3013],[123.1143,-1.3067],[123.1135,-1.3133],[123.11,-1.3141],[123.1098,-1.3174],[123.108,-1.3169],[123.1089,-1.3199],[123.1036,-1.3319],[123.0992,-1.3369],[123.1004,-1.3387],[123.0981,-1.3389],[123.0967,-1.3413],[123.0968,-1.3455],[123.093,-1.3461],[123.0923,-1.35],[123.0913,-1.3484],[123.0886,-1.3484],[123.0854,-1.3566],[123.0793,-1.3613],[123.0764,-1.3672],[123.0716,-1.3713],[123.0681,-1.3801],[123.0663,-1.3794],[123.0639,-1.384],[123.0612,-1.3855],[123.0612,-1.3874],[123.0574,-1.3894],[123.0537,-1.3998],[123.0449,-1.4136],[123.044,-1.413],[123.0436,-1.4164],[123.041,-1.4168],[123.0431,-1.418],[123.0386,-1.419],[123.0371,-1.4214],[123.0368,-1.4337],[123.0346,-1.4371],[123.0354,-1.4388],[123.0326,-1.4419],[123.0341,-1.4487],[123.0317,-1.4462],[123.0315,-1.4381],[123.0284,-1.4373],[123.0295,-1.4426],[123.0279,-1.4485],[123.0287,-1.4568],[123.0247,-1.464],[123.0227,-1.4756],[123.0172,-1.4873],[123.0168,-1.493],[123.0114,-1.4957],[123.0089,-1.5032],[123.0072,-1.5043],[123.0071,-1.5025],[123.0048,-1.5014],[123.0054,-1.4992],[123.0032,-1.5004],[123.001,-1.5083],[122.9994,-1.509],[122.9987,-1.516],[122.9944,-1.5138],[122.9917,-1.516],[122.9911,-1.5143],[122.9863,-1.5188],[122.9868,-1.5204],[122.9848,-1.5207],[122.9837,-1.5238],[122.979,-1.5253],[122.9772,-1.524],[122.9776,-1.5261],[122.9762,-1.5269],[122.9756,-1.5278],[122.9776,-1.5269],[122.9743,-1.5303],[122.9749,-1.5331],[122.9718,-1.5336],[122.9713,-1.5309],[122.9692,-1.5378],[122.9648,-1.5386],[122.9673,-1.542],[122.9637,-1.5424],[122.9638,-1.5463],[122.9586,-1.5466],[122.9577,-1.5434],[122.9532,-1.5418],[122.9515,-1.5419],[122.9533,-1.5425],[122.9523,-1.5441],[122.9512,-1.5433],[122.9502,-1.5439],[122.9527,-1.546],[122.9495,-1.545],[122.9497,-1.543],[122.9464,-1.5448],[122.9446,-1.5497],[122.943,-1.5491],[122.9418,-1.5524],[122.9402,-1.552],[122.9391,-1.557],[122.9372,-1.5586],[122.9382,-1.5612],[122.935,-1.5629],[122.9319,-1.5621],[122.9339,-1.5652],[122.9312,-1.5662],[122.9275,-1.5743],[122.9274,-1.5823],[122.9226,-1.5781],[122.9225,-1.5798],[122.9191,-1.5809],[122.9186,-1.5831],[122.9217,-1.5818],[122.9228,-1.5849],[122.9237,-1.5837],[122.9245,-1.585],[122.9167,-1.5918],[122.9171,-1.5931],[122.9061,-1.5998],[122.879,-1.6006],[122.8687,-1.5957],[122.8628,-1.5867],[122.8491,-1.5782],[122.8495,-1.5675],[122.8542,-1.5589],[122.8524,-1.5504],[122.8484,-1.5438],[122.8494,-1.5427],[122.8471,-1.5426],[122.8463,-1.5406],[122.8469,-1.5383],[122.846,-1.5354],[122.8457,-1.538],[122.8436,-1.5333],[122.8385,-1.5305],[122.8371,-1.5275],[122.839,-1.5267],[122.841,-1.5297],[122.8436,-1.5296],[122.8394,-1.5264],[122.8418,-1.5234],[122.8398,-1.5246],[122.8389,-1.5232],[122.8406,-1.5215],[122.8391,-1.5199],[122.8393,-1.5148],[122.8379,-1.5145],[122.8391,-1.5125],[122.8389,-1.5107],[122.8371,-1.5127],[122.8377,-1.5195],[122.8362,-1.5198],[122.8379,-1.5244],[122.8316,-1.5169],[122.8325,-1.5162],[122.8278,-1.5133],[122.8268,-1.5096],[122.8302,-1.5098],[122.8302,-1.5076],[122.8275,-1.5084],[122.8276,-1.5058],[122.824,-1.5049],[122.8186,-1.4996],[122.8203,-1.4982],[122.8221,-1.4999],[122.8246,-1.4988],[122.8262,-1.5002],[122.8251,-1.4988],[122.8263,-1.4931],[122.8227,-1.4921],[122.8205,-1.4823],[122.8173,-1.4839],[122.815,-1.4824],[122.8138,-1.4841],[122.8164,-1.4844],[122.8174,-1.4886],[122.8135,-1.4892],[122.8128,-1.4883],[122.8149,-1.4874],[122.8133,-1.4835],[122.8105,-1.4855],[122.8068,-1.4837],[122.8084,-1.4814],[122.8049,-1.4823],[122.8004,-1.4851],[122.8019,-1.4882],[122.8027,-1.4858],[122.8047,-1.4875],[122.8044,-1.4893],[122.8008,-1.4897],[122.8009,-1.4918],[122.799,-1.4919],[122.7977,-1.4882],[122.795,-1.4883],[122.7903,-1.4813],[122.79,-1.4747],[122.7916,-1.4727],[122.793,-1.4732],[122.794,-1.4682],[122.7901,-1.4674],[122.7911,-1.4654],[122.7901,-1.4624],[122.7862,-1.464],[122.7892,-1.459],[122.7859,-1.4568],[122.7869,-1.4546],[122.789,-1.4552],[122.791,-1.4535],[122.788,-1.4449],[122.7933,-1.4396],[122.7944,-1.4325],[122.7941,-1.4267],[122.7913,-1.4239],[122.7903,-1.4181],[122.791,-1.4082],[122.7935,-1.4022],[122.7935,-1.3854],[122.7973,-1.3775],[122.7961,-1.3711],[122.7981,-1.3696],[122.8,-1.3633],[122.8039,-1.3577],[122.8031,-1.3501],[122.8167,-1.3335],[122.8169,-1.3301],[122.8135,-1.3253],[122.8133,-1.318],[122.8157,-1.3078],[122.8204,-1.3042],[122.8248,-1.295],[122.8242,-1.2885],[122.8306,-1.2784],[122.8363,-1.2732],[122.8429,-1.271],[122.8573,-1.2598],[122.8626,-1.2587],[122.871,-1.2498],[122.8725,-1.2452],[122.8716,-1.2414],[122.8748,-1.2405],[122.8763,-1.2349],[122.8822,-1.2277],[122.8821,-1.2151],[122.8848,-1.2115],[122.8914,-1.208],[122.8988,-1.1988],[122.8994,-1.1901],[122.9052,-1.1825],[122.9121,-1.1803],[122.927,-1.1841],[122.9371,-1.1824],[122.9459,-1.1855],[122.9546,-1.1947],[122.9617,-1.2063],[122.9626,-1.2084],[122.9615,-1.2088],[122.9649,-1.2098],[122.9671,-1.2152],[122.9704,-1.2143],[122.9718,-1.2162],[122.9743,-1.2109],[122.9761,-1.2124],[122.9768,-1.2115],[122.9753,-1.2071],[122.9778,-1.2034],[122.9809,-1.2026],[122.9848,-1.2039],[123.0023,-1.1937],[123.0038,-1.1941],[122.9994,-1.197],[123.0069,-1.1949],[123.0062,-1.1939],[123.0082,-1.1939],[123.009,-1.1922],[123.0044,-1.1943],[123.006,-1.1923],[123.0175,-1.1901],[123.0329,-1.1778],[123.0459,-1.1787],[123.0548,-1.1757],[123.0574,-1.1762],[123.0565,-1.1768],[123.0583,-1.1794],[123.0632,-1.1759],[123.0594,-1.1768],[123.0603,-1.1755],[123.0743,-1.1702],[123.0852,-1.1703],[123.0981,-1.1625],[123.1053,-1.1607],[123.109,-1.1628],[123.1205,-1.1792],[123.1333,-1.1924],[123.137,-1.1998],[123.1372,-1.2027],[123.1355,-1.2029],[123.1385,-1.2035],[123.1389,-1.2079],[123.1427,-1.2086],[123.1447,-1.2112],[123.1487,-1.2091],[123.1486,-1.2063],[123.1462,-1.2059],[123.1608,-1.1866],[123.1638,-1.1516],[123.1712,-1.149],[123.1905,-1.1511],[123.1936,-1.1537],[123.1992,-1.1709],[123.2056,-1.1802],[123.2165,-1.1913],[123.2188,-1.2038],[123.2214,-1.2086],[123.2294,-1.2153],[123.246,-1.2245],[123.2487,-1.2294],[123.2425,-1.2323],[123.2391,-1.2358],[123.2392,-1.2328],[123.2351,-1.2354],[123.2345,-1.2337],[123.2336,-1.236],[123.233,-1.2323],[123.2314,-1.232],[123.2303,-1.2347],[123.2292,-1.2322],[123.2299,-1.2355],[123.2316,-1.2356],[123.2314,-1.238],[123.232,-1.236],[123.2328,-1.2377],[123.2344,-1.2361],[123.2351,-1.237],[123.2319,-1.241],[123.23,-1.2479],[123.2279,-1.2475],[123.2263,-1.25],[123.2238,-1.2628],[123.2176,-1.2705],[123.2134,-1.2726],[123.211,-1.2719],[123.2076,-1.2684],[123.198,-1.2641],[123.1986,-1.2613],[123.1962,-1.263],[123.1953,-1.2609],[123.1912,-1.2593],[123.1917,-1.2617],[123.19,-1.2638],[123.1883,-1.2642],[123.1861,-1.2622],[123.1902,-1.2674],[123.1961,-1.2703],[123.1967,-1.2722],[123.1955,-1.2716],[123.1954,-1.2731],[123.1965,-1.2732],[123.195,-1.2746],[123.1967,-1.2748],[123.1969,-1.277],[123.1954,-1.2796],[123.1966,-1.2798],[123.1979,-1.2844],[123.1956,-1.2965],[123.1924,-1.3012],[123.1907,-1.3008],[123.1911,-1.3029],[123.1872,-1.3041],[123.186,-1.3064],[123.1836,-1.3206],[123.1884,-1.3229],[123.19,-1.3265],[123.1881,-1.3202],[123.1907,-1.3196],[123.1948,-1.3258],[123.1947,-1.3301],[123.1961,-1.331],[123.1971,-1.3281],[123.198,-1.332],[123.202,-1.3333],[123.2036,-1.3377],[123.2068,-1.3374],[123.205,-1.3391],[123.2073,-1.3407],[123.2063,-1.3431],[123.2076,-1.3427],[123.2088,-1.3465],[123.2106,-1.346],[123.209,-1.3482],[123.2128,-1.3513],[123.2124,-1.3534],[123.2147,-1.354],[123.2128,-1.3543],[123.2125,-1.3569],[123.2135,-1.3548],[123.2141,-1.3561],[123.2158,-1.3549],[123.2153,-1.3589],[123.2167,-1.3585],[123.217,-1.3598],[123.2145,-1.3596],[123.2175,-1.3621],[123.2166,-1.3648],[123.2192,-1.3652],[123.2198,-1.3518],[123.2244,-1.3587],[123.2273,-1.3593],[123.2292,-1.3664],[123.2272,-1.3691],[123.2294,-1.3704],[123.23,-1.3755],[123.2388,-1.3827],[123.2366,-1.3848],[123.2314,-1.3853],[123.2282,-1.3881],[123.2303,-1.3883],[123.2304,-1.3905],[123.2336,-1.3933],[123.237,-1.3929],[123.237,-1.3968],[123.2417,-1.3976],[123.2416,-1.3996],[123.2444,-1.3982],[123.2471,-1.3905],[123.2606,-1.3898],[123.2699,-1.382],[123.2702,-1.3788],[123.2667,-1.3793],[123.2692,-1.3776],[123.2734,-1.3691],[123.2838,-1.3584],[123.2874,-1.346],[123.2856,-1.3443],[123.2842,-1.3471],[123.2825,-1.3443],[123.283,-1.341],[123.2807,-1.3363],[123.2838,-1.3345],[123.2809,-1.3353],[123.2823,-1.3327],[123.2812,-1.3312],[123.2803,-1.3326],[123.2792,-1.3292],[123.2814,-1.3261],[123.2811,-1.3242],[123.2819,-1.3254],[123.2829,-1.3243],[123.2816,-1.3226],[123.2846,-1.3209],[123.2868,-1.3217],[123.2853,-1.3197],[123.2885,-1.3183],[123.2874,-1.3166],[123.291,-1.3136],[123.2909,-1.3116],[123.2835,-1.3173],[123.2819,-1.3213],[123.2826,-1.3172],[123.2892,-1.3091],[123.2968,-1.305],[123.3003,-1.3052],[123.3005,-1.3073],[123.3036,-1.3079],[123.3139,-1.3041],[123.323,-1.2927],[123.324,-1.282],[123.3306,-1.2672],[123.3451,-1.253],[123.3648,-1.2273],[123.3753,-1.2217],[123.3811,-1.2206],[123.3889,-1.2238],[123.391,-1.2229],[123.3917,-1.2292],[123.3983,-1.2351],[123.4011,-1.2344],[123.4046,-1.2303],[123.4059,-1.2237],[123.4041,-1.2186],[123.409,-1.2222],[123.4082,-1.2245],[123.4127,-1.2247],[123.4119,-1.2274],[123.4147,-1.2289],[123.4115,-1.2324],[123.4116,-1.2355],[123.4043,-1.2432],[123.4028,-1.2469],[123.4038,-1.2524],[123.4073,-1.2541],[123.4073,-1.2572],[123.4096,-1.2586],[123.416,-1.2548],[123.4196,-1.2574],[123.4217,-1.2571],[123.4199,-1.2607],[123.4204,-1.2649],[123.4207,-1.2629],[123.4264,-1.2662],[123.4258,-1.2679],[123.4282,-1.2694],[123.4404,-1.2685],[123.4417,-1.2674],[123.4413,-1.2629],[123.4436,-1.2673],[123.4456,-1.2668],[123.4454,-1.2623],[123.4413,-1.2585],[123.4396,-1.2525],[123.4395,-1.2476],[123.441,-1.245],[123.4401,-1.2413],[123.4434,-1.2389],[123.4423,-1.2344],[123.4481,-1.2388],[123.4575,-1.2405],[123.4679,-1.2482],[123.473,-1.2498],[123.4804,-1.2637],[123.4874,-1.2697],[123.4923,-1.2688],[123.4994,-1.2703],[123.5138,-1.2662],[123.518,-1.2627],[123.5221,-1.2644],[123.5246,-1.2689],[123.512,-1.2815],[123.5246,-1.269],[123.5337,-1.2749],[123.5405,-1.2741],[123.5445,-1.2772],[123.5499,-1.2785],[123.5533,-1.2763],[123.5593,-1.2814],[123.5586,-1.2879],[123.5556,-1.293],[123.5573,-1.2949],[123.5563,-1.2961],[123.5574,-1.3072],[123.5598,-1.3095],[123.5573,-1.3157],[123.5586,-1.3192],[123.5574,-1.3304],[123.5526,-1.3363],[123.5532,-1.3393],[123.5516,-1.3436],[123.539,-1.3537],[123.5385,-1.3574],[123.5351,-1.3603],[123.5368,-1.3627],[123.536,-1.3641],[123.5344,-1.3634],[123.5344,-1.3672],[123.5363,-1.369],[123.5372,-1.3752],[123.5398,-1.3791],[123.5396,-1.3839],[123.5368,-1.3878],[123.5395,-1.3958],[123.5363,-1.4038],[123.53,-1.413],[123.5256,-1.4304],[123.5233,-1.4317],[123.5242,-1.4339],[123.5115,-1.4571],[123.5088,-1.46],[123.5065,-1.4588],[123.5023,-1.4608],[123.4973,-1.4667],[123.4864,-1.47],[123.483,-1.4661],[123.4816,-1.4677],[123.4796,-1.4671],[123.479,-1.4638],[123.4739,-1.4606],[123.4708,-1.4701],[123.4726,-1.4774],[123.4712,-1.4769],[123.4712,-1.4787],[123.473,-1.4805],[123.471,-1.4839],[123.4717,-1.486],[123.4694,-1.4863],[123.4723,-1.4881],[123.4719,-1.4894],[123.4709,-1.4901],[123.4717,-1.488],[123.4704,-1.4878],[123.4691,-1.4906],[123.47,-1.4979],[123.4683,-1.5017],[123.4664,-1.5003],[123.4652,-1.5035],[123.4631,-1.5032],[123.4576,-1.5152],[123.458,-1.5189],[123.4498,-1.5156],[123.4443,-1.5103],[123.4433,-1.5064],[123.4397,-1.505],[123.4377,-1.5068],[123.4376,-1.5112],[123.4364,-1.5111],[123.4396,-1.5174],[123.4367,-1.5199],[123.426,-1.5151],[123.4187,-1.5193],[123.4165,-1.5187],[123.4116,-1.5226],[123.4151,-1.5298],[123.4125,-1.5307],[123.408,-1.5273],[123.4057,-1.5272],[123.4041,-1.5252],[123.4041,-1.5238],[123.4055,-1.5241],[123.4045,-1.5217],[123.3992,-1.5149],[123.3975,-1.5151],[123.3987,-1.5135],[123.3963,-1.5137],[123.397,-1.5116],[123.3932,-1.5115],[123.3928,-1.5089],[123.3892,-1.506],[123.3913,-1.5061],[123.3887,-1.5023],[123.384,-1.4994],[123.3843,-1.5014],[123.3805,-1.5029],[123.3752,-1.4989],[123.3711,-1.498],[123.3679,-1.5006],[123.3652,-1.5005],[123.359,-1.5242],[123.3577,-1.5259],[123.3543,-1.5256],[123.354,-1.5187],[123.3556,-1.5133],[123.3526,-1.4833],[123.3554,-1.4732],[123.354,-1.4702],[123.348,-1.4734],[123.3435,-1.4717],[123.341,-1.4695],[123.3409,-1.4652],[123.3382,-1.4641],[123.3367,-1.4612],[123.3343,-1.4609],[123.3319,-1.4561],[123.3289,-1.4545],[123.3268,-1.447],[123.3251,-1.4457],[123.3254,-1.443],[123.3236,-1.4419],[123.3212,-1.4357],[123.3224,-1.4353],[123.3212,-1.4341],[123.3225,-1.426],[123.3205,-1.4259],[123.3233,-1.4232],[123.3255,-1.4245],[123.3241,-1.4196],[123.3261,-1.4186],[123.3246,-1.4175],[123.3257,-1.4153],[123.3228,-1.4183],[123.3227,-1.4205],[123.3208,-1.4199],[123.3215,-1.4215],[123.3182,-1.4222],[123.315,-1.4207],[123.3114,-1.4147],[123.3078,-1.4126],[123.3054,-1.414],[123.3041,-1.4125],[123.303,-1.414],[123.2996,-1.4104],[123.2959,-1.4131],[123.2945,-1.4114],[123.2949,-1.4135],[123.2894,-1.4162],[123.2893,-1.4146],[123.2872,-1.4189],[123.2835,-1.4204],[123.2824,-1.4368],[123.2758,-1.443],[123.2714,-1.444],[123.2672,-1.4403],[123.2653,-1.4433],[123.2646,-1.442],[123.2636,-1.4433],[123.262,-1.4424],[123.2589,-1.4443],[123.2566,-1.4423],[123.257,-1.4615],[123.2588,-1.467],[123.2565,-1.468],[123.2555,-1.4656],[123.2547,-1.4696],[123.2521,-1.4723],[123.2539,-1.4726],[123.2563,-1.4785],[123.255,-1.4832],[123.2587,-1.4831],[123.2568,-1.4877],[123.2479,-1.489],[123.251,-1.4912],[123.2519,-1.4937],[123.2475,-1.4955],[123.249,-1.4967],[123.2472,-1.4997],[123.2486,-1.5007],[123.248,-1.5032],[123.2455,-1.5013],[123.2469,-1.4976],[123.2448,-1.5016],[123.2458,-1.5043],[123.248,-1.5047],[123.2468,-1.5074],[123.248,-1.5062],[123.2491,-1.5075],[123.2475,-1.5105],[123.2503,-1.5147],[123.248,-1.5172],[123.2503,-1.5174],[123.2507,-1.519],[123.2478,-1.5222],[123.2466,-1.5277],[123.248,-1.529],[123.2461,-1.5294],[123.2472,-1.532],[123.246,-1.5342],[123.2472,-1.5347],[123.2458,-1.5408],[123.2439,-1.5393],[123.244,-1.542],[123.2411,-1.5428],[123.2427,-1.5513],[123.2405,-1.5506],[123.2396,-1.5473],[123.2396,-1.55],[123.2377,-1.551],[123.2406,-1.5544],[123.2406,-1.5564],[123.2391,-1.5542],[123.2383,-1.5559],[123.2408,-1.5623],[123.2399,-1.5634],[123.2427,-1.5649],[123.24,-1.5695],[123.2416,-1.571],[123.2398,-1.5717],[123.2427,-1.5737],[123.2455,-1.5726],[123.2456,-1.5805],[123.2437,-1.5822],[123.2441,-1.5868],[123.2421,-1.5883],[123.2417,-1.5937],[123.2396,-1.5938],[123.2404,-1.5917],[123.2386,-1.5906],[123.2368,-1.5949],[123.235,-1.5923],[123.2356,-1.5949],[123.2345,-1.5953],[123.2374,-1.5988],[123.2367,-1.6028],[123.2454,-1.5959],[123.2488,-1.5967],[123.251,-1.6014],[123.254,-1.6019],[123.2555,-1.6069],[123.2582,-1.6091],[123.2566,-1.6145],[123.2606,-1.6239],[123.2604,-1.6261],[123.2572,-1.6272]]]}},{"type":"Feature","properties":{"name":"Buol","name_en":"Buol","admin_level":"5","osm_id":""},"geometry":{"type":"Polygon","coordinates":[[[121.484,0.8396],[121.4808,0.8376],[121.4766,0.8376],[121.4753,0.8415],[121.472,0.8422],[121.4668,0.8475],[121.4623,0.845],[121.4553,0.8476],[121.4372,0.847],[121.4332,0.8444],[121.4263,0.8435],[121.4201,0.8442],[121.4165,0.8479],[121.4112,0.8449],[121.4013,0.8434],[121.398,0.8494],[121.3939,0.8512],[121.3904,0.8505],[121.386,0.8543],[121.3788,0.8524],[121.3746,0.8532],[121.3672,0.8492],[121.3637,0.8524],[121.359,0.8534],[121.3548,0.8502],[121.3499,0.8508],[121.347,0.8483],[121.348,0.8438],[121.3519,0.8407],[121.3532,0.8345],[121.3505,0.8213],[121.3614,0.815],[121.3645,0.8068],[121.3634,0.801],[121.3573,0.8009],[121.3541,0.799],[121.3533,0.7953],[121.3446,0.7931],[121.3324,0.7946],[121.3262,0.7922],[121.3235,0.7881],[121.3175,0.7845],[121.3059,0.7919],[121.3032,0.7955],[121.2927,0.7949],[121.2892,0.7982],[121.2701,0.7958],[121.2521,0.7985],[121.2458,0.8012],[121.2375,0.8012],[121.2336,0.797],[121.2159,0.792],[121.2172,0.7837],[121.2138,0.7793],[121.2136,0.7734],[121.2083,0.7677],[121.2009,0.7661],[121.192,0.7666],[121.1904,0.7619],[121.1864,0.7572],[121.1856,0.75],[121.1821,0.7432],[121.1838,0.7374],[121.1827,0.7341],[121.1848,0.7314],[121.1874,0.7221],[121.1806,0.7138],[121.1789,0.7013],[121.1743,0.693],[121.173,0.6854],[121.1621,0.6794],[121.1625,0.6766],[121.1607,0.6759],[121.1567,0.6765],[121.1498,0.6814],[121.1261,0.6815],[121.1205,0.6867],[121.1083,0.6899],[121.1066,0.695],[121.102,0.6947],[121.0958,0.6987],[121.0777,0.697],[121.0626,0.7011],[121.0618,0.6977],[121.0578,0.6931],[121.055,0.694],[121.0515,0.6906],[121.0359,0.6952],[121.0268,0.7028],[121.02,0.7032],[121.0106,0.708],[121.0024,0.7012],[120.9779,0.6949],[120.9725,0.6927],[120.9702,0.6897],[120.9546,0.6928],[120.9345,0.6863],[120.9183,0.6913],[120.9084,0.6925],[120.8912,0.6985],[120.8832,0.7029],[120.8738,0.7004],[120.8704,0.7046],[120.8608,0.7089],[120.8423,0.6959],[120.8794,0.7499],[120.8909,0.7804],[120.8919,0.788],[120.9002,0.7926],[120.9126,0.7946],[120.9153,0.7969],[120.9167,0.8036],[120.9247,0.8111],[120.9301,0.8187],[120.9328,0.8193],[120.9318,0.8267],[120.9505,0.8273],[120.9635,0.8364],[120.9728,0.8374],[120.9775,0.841],[120.9844,0.8427],[120.9903,0.8416],[120.9959,0.8524],[120.9986,0.8544],[121.0002,0.8596],[121.006,0.8615],[121.0062,0.8666],[121.0079,0.8686],[121.0072,0.8765],[121.0025,0.8806],[121.0022,0.8828],[121.006,0.8868],[121.0053,0.892],[121.0125,0.9384],[121.0173,0.965],[121.0204,0.9723],[121.019,0.9777],[121.0215,0.9819],[121.0194,0.9882],[121.0213,0.9951],[121.0239,0.9984],[121.0265,0.9991],[121.027,1.002],[121.0239,1.0148],[121.0144,1.0162],[121.0121,1.0204],[121.012,1.0242],[121.0068,1.0322],[121.0111,1.0349],[121.0264,1.0393],[121.0339,1.0468],[121.0402,1.0488],[121.0414,1.0614],[121.0481,1.0698],[121.0504,1.0698],[121.0561,1.0782],[121.0653,1.0831],[121.0731,1.0837],[121.0793,1.0894],[121.0951,1.0934],[121.0913,1.0951],[121.0893,1.0995],[121.0926,1.1076],[121.0893,1.1225],[121.084,1.1272],[121.0802,1.1333],[121.0852,1.1347],[121.081,1.1427],[121.0802,1.1516],[121.0928,1.1673],[121.0928,1.1753],[121.0987,1.1762],[121.0983,1.1838],[121.1151,1.1916],[121.1214,1.1966],[121.1293,1.2062],[121.1338,1.2049],[121.137,1.2059],[121.1488,1.2259],[121.1481,1.2311],[121.151,1.2346],[121.1514,1.2388],[121.1496,1.2414],[121.1579,1.243],[121.1589,1.2447],[121.1652,1.24],[121.1676,1.2425],[121.1712,1.2424],[121.1724,1.2446],[121.1753,1.245],[121.1775,1.2488],[121.1767,1.2605],[121.1816,1.2651],[121.1843,1.2656],[121.203,1.2517],[121.2425,1.2328],[121.255,1.2307],[121.2688,1.2321],[121.2731,1.2341],[121.2761,1.2414],[121.2862,1.2386],[121.2951,1.2419],[121.3005,1.2516],[121.3063,1.253],[121.3084,1.2555],[121.3159,1.2563],[121.3183,1.254],[121.3247,1.2541],[121.3258,1.2554],[121.3301,1.2531],[121.3325,1.2537],[121.3352,1.2553],[121.3372,1.2624],[121.3438,1.2603],[121.3466,1.2523],[121.3538,1.2484],[121.361,1.2497],[121.3698,1.2556],[121.3796,1.2573],[121.3851,1.2616],[121.3971,1.2603],[121.4045,1.2621],[121.4111,1.2682],[121.4105,1.2779],[121.4127,1.2774],[121.4236,1.2833],[121.4259,1.2884],[121.4298,1.2891],[121.4287,1.2917],[121.4314,1.2943],[121.4289,1.2988],[121.4341,1.3035],[121.4353,1.308],[121.4438,1.3103],[121.4441,1.3128],[121.4626,1.3087],[121.4711,1.3008],[121.4715,1.2971],[121.4644,1.2836],[121.47,1.2784],[121.4721,1.2626],[121.4652,1.2588],[121.4633,1.2561],[121.4627,1.2511],[121.4552,1.2495],[121.4493,1.2455],[121.4442,1.2464],[121.445,1.2444],[121.44,1.2407],[121.4321,1.2394],[121.4305,1.2441],[121.4251,1.2426],[121.4215,1.2441],[121.4163,1.2395],[121.413,1.2323],[121.4132,1.2305],[121.4166,1.2326],[121.4194,1.2312],[121.4263,1.2327],[121.4314,1.2357],[121.4345,1.2345],[121.4286,1.2305],[121.4329,1.2284],[121.4355,1.223],[121.4344,1.2173],[121.4356,1.2088],[121.4325,1.2058],[121.429,1.1943],[121.4275,1.1952],[121.4227,1.1938],[121.4219,1.1927],[121.4238,1.1909],[121.4221,1.1913],[121.4216,1.1887],[121.4342,1.1634],[121.4483,1.1532],[121.4538,1.1412],[121.4834,1.1132],[121.4838,1.1081],[121.4893,1.1077],[121.5007,1.0946],[121.5102,1.0876],[121.5274,1.0827],[121.5511,1.0654],[121.5582,1.0622],[121.5662,1.0617],[121.5682,1.0635],[121.5733,1.0634],[121.5839,1.0575],[121.5872,1.058],[121.6021,1.0547],[121.609,1.0562],[121.6085,1.0599],[121.6127,1.0621],[121.6217,1.0617],[121.6222,1.06],[121.6281,1.0621],[121.6324,1.0611],[121.6388,1.055],[121.6433,1.0553],[121.6481,1.053],[121.648,1.0453],[121.6515,1.04],[121.6548,1.0407],[121.6571,1.0521],[121.656,1.0533],[121.6576,1.0553],[121.653,1.0529],[121.6511,1.0536],[121.6498,1.0591],[121.6549,1.0651],[121.6719,1.0692],[121.6786,1.0654],[121.6835,1.0678],[121.6835,1.0712],[121.685,1.072],[121.6928,1.0684],[121.6946,1.0647],[121.6967,1.0638],[121.6953,1.0622],[121.6977,1.0563],[121.7057,1.0541],[121.7084,1.0509],[121.7044,1.0461],[121.7069,1.0458],[121.7073,1.0419],[121.7058,1.0385],[121.7132,1.0405],[121.7173,1.0438],[121.7148,1.0431],[121.7112,1.0452],[121.7079,1.0541],[121.7081,1.0597],[121.7039,1.0681],[121.7001,1.0682],[121.7025,1.0742],[121.7069,1.073],[121.7065,1.0787],[121.7106,1.0818],[121.7163,1.0807],[121.721,1.0777],[121.7218,1.0756],[121.7255,1.0745],[121.7301,1.0767],[121.7354,1.0722],[121.7355,1.0685],[121.7403,1.065],[121.741,1.0619],[121.7437,1.0669],[121.7421,1.0684],[121.7451,1.0727],[121.7511,1.0721],[121.7523,1.0735],[121.7605,1.0704],[121.7668,1.0712],[121.7754,1.0781],[121.7791,1.0754],[121.7801,1.0771],[121.7832,1.0763],[121.7838,1.0809],[121.7868,1.0829],[121.8001,1.0815],[121.8026,1.0827],[121.8089,1.0808],[121.8099,1.0779],[121.8126,1.0822],[121.819,1.0811],[121.8206,1.0896],[121.8236,1.0921],[121.8282,1.0906],[121.8294,1.0867],[121.8319,1.0885],[121.8358,1.0868],[121.8441,1.0873],[121.8463,1.0901],[121.8461,1.0929],[121.8483,1.0935],[121.8552,1.0889],[121.8574,1.0855],[121.8599,1.0853],[121.8584,1.0895],[121.8632,1.0943],[121.8637,1.0888],[121.8742,1.0838],[121.8741,1.0819],[121.8792,1.0802],[121.8842,1.0809],[121.8877,1.0823],[121.8888,1.0843],[121.8879,1.0875],[121.8912,1.0911],[121.9081,1.0928],[121.9137,1.095],[121.9164,1.0988],[121.9269,1.1026],[121.9345,1.1004],[121.9362,1.0948],[121.9335,1.0892],[121.9358,1.0857],[121.9354,1.0789],[121.9442,1.076],[121.9504,1.0677],[121.9505,1.0561],[121.9527,1.0563],[121.9563,1.061],[121.9582,1.0608],[121.9542,1.0494],[121.9531,1.041],[121.9559,1.0379],[121.9724,1.0281],[121.9756,1.0282],[121.9818,1.0234],[121.9868,1.0233],[121.994,1.028],[122.0002,1.0289],[122.0028,1.0369],[122.0108,1.035],[122.0154,1.0399],[122.0191,1.041],[122.0219,1.04],[122.0283,1.0454],[122.031,1.0432],[122.0347,1.0469],[122.0417,1.0476],[122.0465,1.0531],[122.0506,1.0547],[122.0513,1.0624],[122.0533,1.0663],[122.0592,1.0642],[122.0598,1.0683],[122.0563,1.0704],[122.0559,1.0727],[122.0653,1.0744],[122.0691,1.0734],[122.0701,1.0703],[122.0673,1.0697],[122.0634,1.0643],[122.0716,1.0646],[122.0747,1.0595],[122.0792,1.0625],[122.079,1.0648],[122.0901,1.0653],[122.093,1.0689],[122.0984,1.07],[122.104,1.0681],[122.109,1.0688],[122.1096,1.0663],[122.1066,1.0622],[122.1085,1.0576],[122.1104,1.0587],[122.1124,1.0566],[122.1179,1.0569],[122.1186,1.0548],[122.1172,1.0516],[122.1188,1.0511],[122.1192,1.0476],[122.1228,1.0454],[122.1252,1.0501],[122.1268,1.05],[122.1243,1.0536],[122.1301,1.0569],[122.1372,1.0524],[122.1402,1.0524],[122.1413,1.0464],[122.1486,1.0462],[122.1541,1.0499],[122.1596,1.0369],[122.1633,1.0333],[122.1693,1.035],[122.1705,1.0455],[122.1725,1.0473],[122.1821,1.0441],[122.1816,1.0527],[122.1843,1.0571],[122.1864,1.057],[122.1848,1.0512],[122.186,1.0482],[122.1916,1.0409],[122.1955,1.0385],[122.1892,1.0393],[122.1862,1.037],[122.1755,1.0363],[122.1753,1.0302],[122.1703,1.0278],[122.1606,1.0299],[122.1563,1.0256],[122.1413,1.0184],[122.1363,1.0199],[122.1255,1.0182],[122.123,1.0123],[122.1131,1.0131],[122.0927,0.9998],[122.0844,0.9986],[122.0759,1.0062],[122.0622,0.998],[122.052,0.9945],[122.0449,0.9891],[122.0423,0.9895],[122.0231,0.9581],[122.0179,0.9569],[122.017,0.9546],[122.01,0.952],[122.0077,0.9484],[122.0003,0.9431],[121.9933,0.9417],[121.9833,0.9265],[121.9836,0.9217],[121.9865,0.9191],[121.9852,0.9105],[121.9818,0.9067],[121.9758,0.9042],[121.9649,0.9073],[121.9547,0.9077],[121.9487,0.9141],[121.9473,0.9187],[121.9442,0.9196],[121.9382,0.9278],[121.932,0.9296],[121.9267,0.9275],[121.9217,0.9278],[121.9178,0.9341],[121.916,0.9418],[121.9021,0.9639],[121.896,0.9669],[121.8903,0.9748],[121.8842,0.9788],[121.8788,0.98],[121.8761,0.9831],[121.8676,0.9862],[121.8629,0.9908],[121.8515,0.9927],[121.8467,0.9858],[121.8489,0.9808],[121.8479,0.9785],[121.8374,0.9738],[121.8307,0.9608],[121.8212,0.9616],[121.8119,0.9502],[121.8064,0.951],[121.7941,0.9482],[121.7856,0.9397],[121.78,0.9394],[121.7617,0.9322],[121.7354,0.9297],[121.7193,0.9202],[121.7092,0.9173],[121.7052,0.9138],[121.7015,0.9071],[121.6962,0.9064],[121.6913,0.9026],[121.6841,0.9005],[121.6734,0.9035],[121.6581,0.8918],[121.6546,0.8912],[121.6494,0.8947],[121.6458,0.8952],[121.6352,0.891],[121.6233,0.8821],[121.6104,0.8822],[121.6031,0.8729],[121.5879,0.8732],[121.574,0.8706],[121.5668,0.8746],[121.5632,0.8739],[121.557,0.878],[121.5478,0.8785],[121.5369,0.8759],[121.5346,0.868],[121.5357,0.8601],[121.5324,0.8527],[121.5264,0.8522],[121.5059,0.8459],[121.5014,0.8461],[121.5012,0.8429],[121.4994,0.8432],[121.4937,0.8395],[121.484,0.8396]]]}},{"type":"Feature","properties":{"name":"Donggala","name_en":"Donggala","admin_level":"5","osm_id":""},"geometry":{"type":"Polygon","coordinates":[[[119.6526,-0.0864],[119.65,-0.085],[119.6496,-0.0807],[119.6518,-0.0771],[119.651,-0.0743],[119.6484,-0.0754],[119.6434,-0.0688],[119.6441,-0.0632],[119.6427,-0.0609],[119.6386,-0.0594],[119.6345,-0.0609],[119.6347,-0.0582],[119.632,-0.0557],[119.6295,-0.0477],[119.6242,-0.0445],[119.6153,-0.0319],[119.6068,-0.0147],[119.6054,-0.0077],[119.6064,-0.0042],[119.6104,-0.0043],[119.626,-0.0112],[119.6318,-0.011],[119.6366,-0.0085],[119.6472,-0.0111],[119.6592,-0.0178],[119.6663,-0.0173],[119.668,-0.0152],[119.6666,-0.0141],[119.6676,-0.0105],[119.6733,0.001],[119.6722,0.0032],[119.6685,0.0021],[119.6651,0.0059],[119.6622,0.0065],[119.6595,0.0173],[119.6634,0.0199],[119.6657,0.02],[119.6673,0.0173],[119.6707,0.0163],[119.6713,0.0121],[119.6739,0.0119],[119.6791,0.0079],[119.6984,0.0033],[119.7036,-0.0005],[119.7172,-0.0059],[119.7309,-0.019],[119.7396,-0.0295],[119.7428,-0.037],[119.7418,-0.0395],[119.7429,-0.048],[119.7394,-0.0523],[119.7393,-0.057],[119.7377,-0.0582],[119.7387,-0.0613],[119.7461,-0.069],[119.7523,-0.0725],[119.7617,-0.0718],[119.7689,-0.0768],[119.7748,-0.0937],[119.7724,-0.1039],[119.7739,-0.1073],[119.7765,-0.107],[119.7766,-0.1108],[119.7791,-0.109],[119.7776,-0.114],[119.7807,-0.1108],[119.7828,-0.1123],[119.798,-0.1065],[119.8174,-0.1127],[119.8191,-0.1169],[119.8231,-0.1161],[119.8397,-0.101],[119.842,-0.0978],[119.8435,-0.0906],[119.8572,-0.0679],[119.8668,-0.0578],[119.8711,-0.0471],[119.8714,-0.0424],[119.881,-0.027],[119.8857,-0.0012],[119.8811,0.0289],[119.8749,0.0431],[119.8793,0.0625],[119.8781,0.0702],[119.8789,0.0771],[119.8771,0.0841],[119.8714,0.0906],[119.8713,0.0974],[119.8681,0.1057],[119.8644,0.108],[119.8642,0.1097],[119.8623,0.1076],[119.8593,0.107],[119.8586,0.1085],[119.8633,0.1153],[119.8559,0.115],[119.8498,0.1264],[119.8415,0.1293],[119.8335,0.1373],[119.8295,0.1474],[119.8244,0.1522],[119.8117,0.1579],[119.8034,0.1659],[119.8032,0.1678],[119.8014,0.167],[119.7956,0.1717],[119.7938,0.1746],[119.7947,0.1759],[119.7887,0.183],[119.7781,0.1906],[119.7751,0.1945],[119.772,0.2019],[119.7705,0.2127],[119.782,0.2266],[119.7894,0.2307],[119.808,0.2364],[119.8132,0.234],[119.8208,0.2344],[119.825,0.2327],[119.8292,0.2286],[119.8288,0.2244],[119.8342,0.216],[119.8486,0.2184],[119.8533,0.2165],[119.8545,0.2144],[119.8591,0.2144],[119.8677,0.2182],[119.8687,0.2163],[119.8762,0.2172],[119.8875,0.211],[119.8983,0.2169],[119.9017,0.2207],[119.906,0.2324],[119.8982,0.2459],[119.8977,0.2668],[119.8941,0.2704],[119.8932,0.2872],[119.8884,0.2932],[119.8907,0.2961],[119.8874,0.2967],[119.8869,0.295],[119.8839,0.2962],[119.8817,0.294],[119.8752,0.2924],[119.873,0.2935],[119.8569,0.3244],[119.8561,0.3235],[119.8505,0.3271],[119.8452,0.3353],[119.8474,0.3376],[119.8483,0.3518],[119.8506,0.3559],[119.8553,0.3611],[119.8628,0.3658],[119.8656,0.3711],[119.8724,0.3765],[119.8745,0.3812],[119.8804,0.384],[119.8889,0.3942],[119.8879,0.4192],[119.8843,0.4268],[119.8778,0.4316],[119.8768,0.4335],[119.8778,0.436],[119.8768,0.435],[119.8763,0.4363],[119.8771,0.4433],[119.8821,0.4584],[119.8902,0.4649],[119.8985,0.4674],[119.9013,0.4717],[119.9008,0.479],[119.9067,0.481],[119.9089,0.4785],[119.9061,0.4799],[119.9062,0.4781],[119.9042,0.478],[119.9056,0.4759],[119.9104,0.4776],[119.9118,0.4748],[119.9162,0.4794],[119.918,0.4775],[119.9253,0.4769],[119.9248,0.4743],[119.9268,0.477],[119.9509,0.4742],[119.9681,0.4806],[119.9788,0.4819],[119.9809,0.4805],[119.989,0.4831],[119.9909,0.4819],[120.001,0.4838],[120.0191,0.4951],[120.0274,0.5029],[120.0466,0.5133],[120.0476,0.5295],[120.045,0.539],[120.0401,0.5459],[120.0382,0.5526],[120.0371,0.5616],[120.0381,0.57],[120.0345,0.588],[120.0333,0.6091],[120.0281,0.6218],[120.0229,0.6258],[120.0187,0.6427],[120.0142,0.6518],[120.0141,0.664],[120.0157,0.6692],[120.0184,0.6737],[120.0285,0.6794],[120.0301,0.6829],[120.0292,0.6865],[120.0344,0.6885],[120.0335,0.6925],[120.0351,0.6946],[120.039,0.6947],[120.038,0.702],[120.0407,0.7119],[120.0384,0.7174],[120.0435,0.7148],[120.043,0.7131],[120.0452,0.7117],[120.0546,0.7125],[120.057,0.7168],[120.0588,0.7161],[120.0609,0.7176],[120.0592,0.7272],[120.0647,0.7344],[120.0729,0.7405],[120.0766,0.7422],[120.0817,0.739],[120.0916,0.7391],[120.0964,0.7427],[120.0973,0.7464],[120.1011,0.7505],[120.1034,0.7471],[120.1018,0.7439],[120.1037,0.7411],[120.1118,0.7429],[120.124,0.7412],[120.1363,0.7473],[120.1393,0.7433],[120.1383,0.742],[120.1437,0.7331],[120.143,0.7319],[120.1515,0.7246],[120.1783,0.7133],[120.1839,0.7076],[120.1889,0.7065],[120.1966,0.7006],[120.1999,0.6734],[120.1989,0.6638],[120.1959,0.6581],[120.1962,0.6466],[120.1926,0.6304],[120.1931,0.6164],[120.192,0.6152],[120.1939,0.6027],[120.1927,0.5999],[120.1945,0.5861],[120.2023,0.5791],[120.2031,0.5748],[120.1924,0.5728],[120.1876,0.5697],[120.1831,0.5623],[120.1799,0.5525],[120.1803,0.5463],[120.1761,0.5407],[120.1586,0.5312],[120.161,0.5245],[120.1611,0.503],[120.1582,0.4927],[120.1593,0.4799],[120.1567,0.4684],[120.144,0.4679],[120.1367,0.46],[120.1301,0.4584],[120.124,0.4441],[120.1187,0.4388],[120.1139,0.4294],[120.1139,0.4268],[120.1174,0.4221],[120.1287,0.4155],[120.1266,0.408],[120.1222,0.4075],[120.1203,0.4],[120.1138,0.3952],[120.1,0.3913],[120.0958,0.3931],[120.0828,0.3858],[120.0791,0.3798],[120.079,0.3685],[120.0736,0.3615],[120.075,0.3461],[120.0623,0.3405],[120.0566,0.3345],[120.0566,0.3306],[120.0592,0.3264],[120.0593,0.3196],[120.0616,0.3169],[120.0618,0.3057],[120.0551,0.2995],[120.0589,0.2934],[120.0546,0.286],[120.0612,0.2809],[120.0652,0.2747],[120.0791,0.2743],[120.0902,0.25],[120.0925,0.2495],[120.0965,0.2444],[120.0927,0.236],[120.0959,0.2275],[120.1008,0.2252],[120.0969,0.2207],[120.0958,0.207],[120.0909,0.1981],[120.0803,0.1977],[120.0695,0.1904],[120.0701,0.1829],[120.0686,0.1813],[120.0524,0.1812],[120.052,0.179],[120.045,0.1728],[120.0436,0.1683],[120.045,0.1595],[120.0435,0.157],[120.0405,0.1587],[120.0401,0.1573],[120.046,0.1471],[120.0369,0.1389],[120.0342,0.1345],[120.0378,0.1288],[120.0015,0.1232],[120.0009,0.1108],[119.9906,0.1074],[119.9861,0.0952],[119.9836,0.0975],[119.9829,0.096],[119.9715,0.0961],[119.9672,0.0883],[119.9614,0.0844],[119.9576,0.0738],[119.9602,0.0719],[119.9538,0.0542],[119.9553,0.0458],[119.9574,0.0434],[119.9574,0.0321],[119.9523,0.0239],[119.9512,0.0176],[119.9448,0.0139],[119.9408,-0.0116],[119.9441,-0.02],[119.94,-0.0256],[119.9418,-0.0367],[119.94,-0.0383],[119.9433,-0.0442],[119.9442,-0.0658],[119.9473,-0.0689],[119.9476,-0.0717],[119.9433,-0.077],[119.9358,-0.1009],[119.9222,-0.1088],[119.9182,-0.1176],[119.9151,-0.116],[119.9125,-0.125],[119.9087,-0.1301],[119.9011,-0.1341],[119.8998,-0.1391],[119.9078,-0.1519],[119.9109,-0.1613],[119.9141,-0.1643],[119.9137,-0.1687],[119.9238,-0.1723],[119.9325,-0.2064],[119.9377,-0.2097],[119.9291,-0.215],[119.9227,-0.2286],[119.9182,-0.2343],[119.9125,-0.2369],[119.9145,-0.2467],[119.9211,-0.254],[119.9224,-0.2588],[119.919,-0.2625],[119.905,-0.2701],[119.9095,-0.2803],[119.9096,-0.2838],[119.9245,-0.2872],[119.9209,-0.2914],[119.9227,-0.2914],[119.9194,-0.2972],[119.9289,-0.3039],[119.9205,-0.3163],[119.9304,-0.323],[119.9269,-0.3289],[119.9299,-0.3348],[119.9206,-0.3482],[119.9143,-0.3518],[119.9138,-0.3557],[119.9166,-0.363],[119.9132,-0.3701],[119.9139,-0.3733],[119.9183,-0.3773],[119.9225,-0.3847],[119.923,-0.3905],[119.9255,-0.3932],[119.9256,-0.3987],[119.9203,-0.4087],[119.9214,-0.4128],[119.9184,-0.4132],[119.9204,-0.4185],[119.9191,-0.427],[119.9225,-0.4337],[119.9227,-0.4436],[119.9271,-0.4483],[119.937,-0.4476],[119.9411,-0.4603],[119.9376,-0.4692],[119.9372,-0.4803],[119.935,-0.4832],[119.9353,-0.4972],[119.9313,-0.505],[119.9388,-0.5158],[119.9436,-0.5167],[119.9506,-0.5273],[119.954,-0.5401],[119.9535,-0.5467],[119.9592,-0.5475],[119.9687,-0.5531],[119.9786,-0.571],[119.9879,-0.5772],[119.9881,-0.5848],[119.9903,-0.5871],[119.9992,-0.5892],[120.0015,-0.5911],[120.0035,-0.6072],[120.0068,-0.6102],[120.0081,-0.6153],[120.0047,-0.6246],[120.0055,-0.6302],[120.0024,-0.6333],[120.0108,-0.6394],[120.0154,-0.6379],[120.0197,-0.6418],[120.0171,-0.6505],[120.0196,-0.6606],[120.0172,-0.6649],[120.0248,-0.6714],[120.0329,-0.684],[120.0298,-0.6897],[120.0322,-0.6925],[120.0306,-0.7052],[120.027,-0.7084],[120.0205,-0.7083],[120.0196,-0.7233],[120.0244,-0.7288],[120.0241,-0.7373],[120.0273,-0.7442],[120.0258,-0.7453],[120.0262,-0.7475],[120.0193,-0.7472],[120.018,-0.751],[120.0238,-0.7633],[120.0259,-0.7744],[120.0233,-0.7809],[120.0275,-0.7875],[120.0324,-0.7901],[120.0341,-0.8076],[120.0422,-0.8211],[120.0412,-0.8227],[120.0445,-0.8297],[120.0417,-0.843],[120.0368,-0.848],[120.034,-0.8413],[120.0341,-0.8333],[120.0275,-0.8178],[120.0271,-0.8118],[120.0149,-0.7945],[120.0002,-0.7938],[119.9925,-0.7952],[119.9871,-0.8015],[119.98,-0.8033],[119.9741,-0.8083],[119.9545,-0.7975],[119.9398,-0.7986],[119.9341,-0.7968],[119.9273,-0.7921],[119.9211,-0.7929],[119.9165,-0.7891],[119.9127,-0.7738],[119.9036,-0.778],[119.8866,-0.7782],[119.8874,-0.7742],[119.8855,-0.7715],[119.8741,-0.7691],[119.8728,-0.7661],[119.8772,-0.7675],[119.8773,-0.7653],[119.8953,-0.7512],[119.8781,-0.7392],[119.8784,-0.7329],[119.8828,-0.7317],[119.8829,-0.7286],[119.8773,-0.7286],[119.8779,-0.7277],[119.8818,-0.7265],[119.8934,-0.729],[119.9064,-0.7192],[119.9414,-0.715],[119.9497,-0.7056],[119.9554,-0.7034],[119.9605,-0.6981],[119.9615,-0.6917],[119.96,-0.6873],[119.9516,-0.6905],[119.9536,-0.6883],[119.9548,-0.6807],[119.9259,-0.6966],[119.919,-0.6987],[119.8976,-0.6982],[119.8719,-0.6951],[119.8717,-0.6889],[119.8747,-0.6818],[119.8961,-0.6689],[119.9096,-0.6571],[119.9199,-0.6505],[119.925,-0.6448],[119.9283,-0.6354],[119.9236,-0.6367],[119.9152,-0.6351],[119.9107,-0.6365],[119.9044,-0.6348],[119.8986,-0.6358],[119.892,-0.6388],[119.8884,-0.6439],[119.8795,-0.6452],[119.875,-0.6481],[119.8698,-0.658],[119.8599,-0.6586],[119.855,-0.6627],[119.8598,-0.669],[119.8547,-0.6719],[119.8501,-0.691],[119.8437,-0.6968],[119.8378,-0.6947],[119.835,-0.6918],[119.8311,-0.6927],[119.8225,-0.6884],[119.8171,-0.6719],[119.8181,-0.6651],[119.8161,-0.6618],[119.8106,-0.6585],[119.8092,-0.6563],[119.8107,-0.6556],[119.8068,-0.6486],[119.8062,-0.6419],[119.8116,-0.6287],[119.8064,-0.6253],[119.8014,-0.6151],[119.7953,-0.61],[119.7936,-0.6073],[119.796,-0.6056],[119.7923,-0.6058],[119.7888,-0.596],[119.7899,-0.5929],[119.7897,-0.573],[119.7839,-0.5508],[119.7766,-0.5313],[119.7711,-0.529],[119.7712,-0.5263],[119.769,-0.5241],[119.7672,-0.506],[119.7597,-0.4972],[119.759,-0.4847],[119.7638,-0.476],[119.7638,-0.4726],[119.7609,-0.4509],[119.7544,-0.4375],[119.7572,-0.4326],[119.7561,-0.4261],[119.7585,-0.4208],[119.7583,-0.4161],[119.7615,-0.4125],[119.7645,-0.4005],[119.7608,-0.3847],[119.7526,-0.3735],[119.7515,-0.3674],[119.7558,-0.3565],[119.7624,-0.3524],[119.7639,-0.3488],[119.7631,-0.3384],[119.7699,-0.3274],[119.7713,-0.3177],[119.7738,-0.3123],[119.7735,-0.3039],[119.7771,-0.2923],[119.7763,-0.2859],[119.7787,-0.2772],[119.7807,-0.2755],[119.7865,-0.2619],[119.795,-0.2558],[119.7988,-0.2367],[119.8043,-0.2256],[119.8051,-0.213],[119.812,-0.204],[119.8161,-0.2013],[119.8181,-0.1958],[119.8182,-0.1917],[119.8134,-0.1769],[119.8014,-0.1648],[119.7987,-0.1554],[119.7998,-0.1528],[119.804,-0.1515],[119.8105,-0.142],[119.8103,-0.1367],[119.8016,-0.1241],[119.7938,-0.1218],[119.7879,-0.1258],[119.7791,-0.1244],[119.7717,-0.1291],[119.7653,-0.1294],[119.754,-0.138],[119.7501,-0.1376],[119.7377,-0.143],[119.7257,-0.1425],[119.7205,-0.1444],[119.7158,-0.1411],[119.7031,-0.1367],[119.6926,-0.1259],[119.6877,-0.1234],[119.6843,-0.1187],[119.6741,-0.1164],[119.6709,-0.1141],[119.6702,-0.1112],[119.6675,-0.1116],[119.668,-0.1087],[119.6657,-0.1087],[119.6631,-0.1059],[119.6636,-0.102],[119.6598,-0.0962],[119.6569,-0.0978],[119.6537,-0.0945],[119.6544,-0.0902],[119.6526,-0.0864]]]}},{"type":"Feature","properties":{"name":"Morowali","name_en":"Morowali","admin_level":"5","osm_id":""},"geometry":{"type":"Polygon","coordinates":[[[122.4292,-3.1983],[122.4291,-3.2005],[122.4241,-3.2018],[122.4228,-3.2053],[122.4261,-3.2093],[122.4247,-3.2163],[122.4268,-3.2177],[122.4289,-3.2247],[122.428,-3.2266],[122.4326,-3.2349],[122.43,-3.2351],[122.4305,-3.2386],[122.4337,-3.2408],[122.433,-3.243],[122.4295,-3.2449],[122.4309,-3.2451],[122.4304,-3.2474],[122.4283,-3.246],[122.4263,-3.247],[122.4257,-3.2433],[122.4226,-3.2449],[122.4235,-3.2474],[122.4282,-3.2507],[122.4285,-3.2556],[122.4334,-3.2576],[122.43,-3.2636],[122.4309,-3.2691],[122.4329,-3.2712],[122.4309,-3.2747],[122.4271,-3.2764],[122.4273,-3.2797],[122.4252,-3.279],[122.426,-3.2755],[122.4231,-3.2782],[122.4218,-3.2741],[122.4233,-3.2744],[122.424,-3.2724],[122.4222,-3.2707],[122.4235,-3.2663],[122.4214,-3.2644],[122.4233,-3.263],[122.4226,-3.2616],[122.4168,-3.2621],[122.4166,-3.2605],[122.4195,-3.2596],[122.4169,-3.2594],[122.4155,-3.2561],[122.4115,-3.2579],[122.4112,-3.2562],[122.4082,-3.2563],[122.4083,-3.2481],[122.4056,-3.2427],[122.4011,-3.2396],[122.3969,-3.243],[122.3989,-3.2474],[122.397,-3.2478],[122.3978,-3.2497],[122.3947,-3.2488],[122.3939,-3.2509],[122.3851,-3.2552],[122.3857,-3.2572],[122.3816,-3.2548],[122.3769,-3.257],[122.3774,-3.2531],[122.3741,-3.2546],[122.3749,-3.2523],[122.3735,-3.2502],[122.3716,-3.2532],[122.3718,-3.2493],[122.3739,-3.2494],[122.3746,-3.2474],[122.3724,-3.2456],[122.3716,-3.248],[122.3691,-3.2469],[122.3684,-3.2488],[122.3666,-3.2484],[122.3667,-3.2543],[122.365,-3.2566],[122.3638,-3.2544],[122.3592,-3.2552],[122.3582,-3.2528],[122.3563,-3.2524],[122.3567,-3.2505],[122.3594,-3.2498],[122.3601,-3.2472],[122.3633,-3.2481],[122.3639,-3.2452],[122.3617,-3.2464],[122.3621,-3.2445],[122.367,-3.2423],[122.3693,-3.2383],[122.3694,-3.2363],[122.365,-3.2378],[122.3634,-3.2354],[122.3638,-3.2332],[122.3705,-3.2291],[122.3681,-3.2255],[122.3659,-3.2264],[122.3668,-3.2278],[122.3652,-3.2267],[122.3618,-3.2287],[122.3631,-3.2318],[122.3611,-3.2326],[122.3569,-3.2296],[122.3568,-3.2311],[122.3476,-3.2369],[122.3437,-3.236],[122.3443,-3.2329],[122.3422,-3.231],[122.3389,-3.2317],[122.3394,-3.2338],[122.338,-3.2352],[122.3358,-3.2344],[122.3319,-3.2363],[122.3275,-3.2342],[122.3275,-3.2324],[122.3249,-3.2337],[122.3259,-3.2387],[122.3234,-3.2413],[122.3214,-3.2541],[122.3173,-3.2586],[122.3166,-3.2668],[122.314,-3.2721],[122.3108,-3.2729],[122.2997,-3.2623],[122.2956,-3.2553],[122.2976,-3.246],[122.302,-3.2377],[122.3003,-3.2326],[122.2956,-3.2262],[122.2954,-3.2206],[122.2985,-3.2125],[122.3026,-3.2089],[122.3109,-3.1942],[122.3154,-3.1746],[122.3144,-3.165],[122.2962,-3.1556],[122.2894,-3.1432],[122.2849,-3.1414],[122.2789,-3.1412],[122.2664,-3.1452],[122.2534,-3.135],[122.2325,-3.1406],[122.2287,-3.1399],[122.2222,-3.1349],[122.2056,-3.1116],[122.1918,-3.099],[122.1756,-3.0891],[122.1719,-3.0842],[122.1732,-3.0713],[122.1797,-3.047],[122.1809,-3.036],[122.1796,-3.0328],[122.1765,-3.03],[122.1615,-3.0259],[122.142,-3.022],[122.1306,-3.0221],[122.1081,-3.0137],[122.1,-3.009],[122.0894,-2.9969],[122.0812,-2.9804],[122.0848,-2.9715],[122.0849,-2.967],[122.0691,-2.9518],[122.0611,-2.9491],[122.055,-2.95],[122.0385,-2.9596],[122.0319,-2.958],[122.024,-2.9595],[122.0162,-2.9574],[122.0064,-2.9576],[121.9811,-2.9662],[121.9635,-2.9753],[121.9492,-2.9766],[121.9392,-2.9795],[121.9284,-2.9839],[121.9208,-2.99],[121.8992,-2.9832],[121.8824,-2.9751],[121.8704,-2.9715],[121.8655,-2.9674],[121.8575,-2.9639],[121.8531,-2.9645],[121.8511,-2.9673],[121.8462,-2.9679],[121.8425,-2.9707],[121.8355,-2.9707],[121.8334,-2.9722],[121.8255,-2.969],[121.8191,-2.9591],[121.8042,-2.9531],[121.7912,-2.9444],[121.7844,-2.9454],[121.7824,-2.9436],[121.7781,-2.9458],[121.775,-2.943],[121.7709,-2.9428],[121.7661,-2.9329],[121.7562,-2.9253],[121.7516,-2.9235],[121.7415,-2.9242],[121.7383,-2.9188],[121.7326,-2.918],[121.7304,-2.9159],[121.7249,-2.9168],[121.7217,-2.9194],[121.7142,-2.9203],[121.7126,-2.9195],[121.7107,-2.9138],[121.7029,-2.9118],[121.6939,-2.9022],[121.6855,-2.9008],[121.6904,-2.8887],[121.6912,-2.8823],[121.6883,-2.878],[121.6726,-2.869],[121.6721,-2.854],[121.6698,-2.8426],[121.6784,-2.8296],[121.6865,-2.821],[121.6987,-2.8144],[121.7031,-2.8144],[121.7094,-2.8182],[121.7123,-2.8182],[121.7198,-2.8141],[121.724,-2.808],[121.7222,-2.7683],[121.7242,-2.7658],[121.7415,-2.7563],[121.743,-2.7496],[121.7544,-2.7346],[121.7577,-2.7051],[121.7636,-2.6967],[121.7783,-2.6861],[121.7896,-2.667],[121.7904,-2.6604],[121.7887,-2.6545],[121.7806,-2.6492],[121.7784,-2.6449],[121.7799,-2.6307],[121.7753,-2.6246],[121.7556,-2.6105],[121.7384,-2.5927],[121.7041,-2.5381],[121.6983,-2.5329],[121.6938,-2.5316],[121.6894,-2.5325],[121.6873,-2.535],[121.6866,-2.5409],[121.6836,-2.5427],[121.6666,-2.5368],[121.6595,-2.5398],[121.6532,-2.5395],[121.649,-2.5342],[121.6437,-2.5227],[121.6363,-2.502],[121.631,-2.494],[121.6263,-2.49],[121.6175,-2.4858],[121.6115,-2.4848],[121.5858,-2.4918],[121.5598,-2.4911],[121.556,-2.4853],[121.5496,-2.4802],[121.5455,-2.4719],[121.5308,-2.467],[121.5272,-2.4618],[121.516,-2.4599],[121.5129,-2.455],[121.5066,-2.4516],[121.5013,-2.4526],[121.4903,-2.4302],[121.4688,-2.4216],[121.4603,-2.4198],[121.447,-2.4116],[121.4421,-2.405],[121.4406,-2.4068],[121.4162,-2.4066],[121.4104,-2.4105],[121.408,-2.4103],[121.3187,-2.3888],[121.2986,-2.378],[121.2406,-2.3666],[121.2306,-2.3613],[121.205,-2.3717],[121.1854,-2.3755],[121.181,-2.3749],[121.1756,-2.3698],[121.1629,-2.3514],[121.1492,-2.3399],[121.1408,-2.3204],[121.1127,-2.2909],[121.1051,-2.2792],[121.0985,-2.2753],[121.0778,-2.2698],[121.0532,-2.267],[121.0344,-2.2755],[121.0284,-2.2703],[121.0098,-2.2618],[121.0031,-2.252],[120.9951,-2.2463],[120.9606,-2.2337],[120.9365,-2.2282],[120.8803,-2.2198],[120.8421,-2.2184],[120.8415,-2.1832],[120.8387,-2.156],[120.8316,-2.1218],[120.8325,-2.1229],[120.8298,-2.0946],[120.8409,-2.038],[120.8437,-2.0309],[120.8585,-2.011],[120.8577,-2.0098],[120.8732,-1.9919],[120.9125,-1.9388],[120.9188,-1.9338],[120.921,-1.9234],[120.9203,-1.9199],[120.9238,-1.917],[120.9285,-1.9157],[120.9297,-1.913],[120.9283,-1.9052],[120.9245,-1.9051],[120.9211,-1.8984],[120.916,-1.8944],[120.9136,-1.8948],[120.9121,-1.8973],[120.9077,-1.8902],[120.9011,-1.8889],[120.9009,-1.8834],[120.8975,-1.8815],[120.8955,-1.8778],[120.8954,-1.8701],[120.8884,-1.8578],[120.8853,-1.8562],[120.8792,-1.8576],[120.8712,-1.8517],[120.8696,-1.8476],[120.8638,-1.842],[120.8626,-1.8393],[120.8653,-1.8341],[120.8641,-1.8257],[120.8564,-1.8084],[120.8525,-1.7921],[120.8483,-1.7834],[120.8394,-1.7723],[120.8343,-1.7607],[120.8356,-1.7612],[120.8341,-1.7508],[120.8575,-1.6813],[120.8823,-1.6249],[120.9295,-1.6249],[120.9826,-1.6225],[121.0071,-1.6242],[121.0201,-1.6187],[121.0737,-1.5804],[121.1258,-1.5728],[121.1435,-1.572],[121.1615,-1.5749],[121.1614,-1.5695],[121.1583,-1.5659],[121.1585,-1.5617],[121.1708,-1.5505],[121.185,-1.522],[121.1927,-1.515],[121.2084,-1.5095],[121.2153,-1.5168],[121.2209,-1.5161],[121.2273,-1.5084],[121.2257,-1.4995],[121.2573,-1.4755],[121.2633,-1.4726],[121.2751,-1.4713],[121.2978,-1.4729],[121.352,-1.4731],[121.3603,-1.4568],[121.3764,-1.4523],[121.4031,-1.4353],[121.4327,-1.4049],[121.466,-1.4049],[121.4662,-1.3988],[121.4748,-1.3754],[121.4752,-1.3777],[121.4748,-1.3744],[121.4884,-1.3755],[121.5029,-1.3745],[121.5062,-1.3758],[121.5149,-1.3837],[121.5184,-1.3979],[121.5257,-1.4014],[121.5405,-1.4031],[121.5481,-1.406],[121.5706,-1.425],[121.5872,-1.4182],[121.5896,-1.4142],[121.6146,-1.4062],[121.6287,-1.3958],[121.6306,-1.3929],[121.6435,-1.3867],[121.6537,-1.377],[121.6637,-1.3644],[121.6817,-1.3654],[121.6909,-1.3625],[121.7115,-1.3629],[121.7243,-1.3589],[121.7345,-1.3461],[121.7497,-1.3338],[121.7623,-1.3328],[121.7696,-1.3298],[121.7788,-1.3305],[121.8008,-1.3254],[121.804,-1.324],[121.8232,-1.306],[121.8279,-1.3064],[121.8319,-1.3132],[121.8401,-1.3112],[121.8494,-1.3159],[121.8691,-1.3157],[121.8695,-1.3083],[121.8735,-1.3041],[121.883,-1.3029],[121.8902,-1.3069],[121.8985,-1.3011],[121.909,-1.3009],[121.9147,-1.2951],[121.9201,-1.2987],[121.9251,-1.2989],[121.93,-1.2957],[121.9322,-1.2875],[121.9401,-1.2843],[121.9493,-1.2828],[121.9533,-1.2857],[121.9639,-1.2847],[121.9633,-1.29],[121.9682,-1.2914],[121.9635,-1.2946],[121.9634,-1.2978],[121.9651,-1.2988],[121.9632,-1.3],[121.9652,-1.3017],[121.963,-1.3024],[121.9625,-1.3071],[121.96,-1.3095],[121.9619,-1.3139],[121.9614,-1.3175],[121.9655,-1.3208],[121.9652,-1.322],[121.9628,-1.3218],[121.9626,-1.3293],[121.9652,-1.3325],[121.9744,-1.3341],[121.9748,-1.3359],[121.9723,-1.3391],[121.9728,-1.342],[121.98,-1.3478],[121.9873,-1.3508],[121.9947,-1.3514],[121.9996,-1.3552],[122.0019,-1.3544],[122.0064,-1.3477],[122.0096,-1.3462],[122.0082,-1.3426],[122.0232,-1.3494],[122.0288,-1.3538],[122.0416,-1.3922],[122.0541,-1.4116],[122.0533,-1.4231],[122.0362,-1.4257],[122.0421,-1.4354],[122.0434,-1.4406],[122.0236,-1.4422],[122.0191,-1.4442],[122.0127,-1.4531],[122.0148,-1.4666],[122.0269,-1.4741],[122.0427,-1.4929],[122.0329,-1.5215],[122.0307,-1.5226],[122.0325,-1.5218],[122.0297,-1.5673],[122.0318,-1.5745],[122.0397,-1.5874],[122.064,-1.6164],[122.0522,-1.616],[122.0485,-1.6125],[122.0459,-1.6139],[122.0434,-1.6112],[122.0375,-1.6104],[122.0297,-1.6123],[122.0228,-1.6166],[122.02,-1.6283],[122.0126,-1.6299],[122.0062,-1.6352],[122.0044,-1.6408],[121.9981,-1.6458],[121.9949,-1.6523],[121.9821,-1.6565],[121.9764,-1.6637],[121.9631,-1.6725],[121.9592,-1.6792],[121.9442,-1.6742],[121.9439,-1.6768],[121.9391,-1.6764],[121.9329,-1.6847],[121.9355,-1.6879],[121.9296,-1.6902],[121.9307,-1.6867],[121.927,-1.6869],[121.9269,-1.6821],[121.9255,-1.6806],[121.9238,-1.6831],[121.9187,-1.6838],[121.9149,-1.6884],[121.9104,-1.6875],[121.9083,-1.6895],[121.9056,-1.6895],[121.9043,-1.7013],[121.8957,-1.6993],[121.8912,-1.6946],[121.8919,-1.6912],[121.8926,-1.692],[121.8959,-1.6885],[121.8951,-1.687],[121.8921,-1.6896],[121.8902,-1.6879],[121.8896,-1.6818],[121.8908,-1.6799],[121.8893,-1.6796],[121.8887,-1.6755],[121.8855,-1.6785],[121.8863,-1.6875],[121.8831,-1.6888],[121.8796,-1.6845],[121.8778,-1.6878],[121.8768,-1.6815],[121.8735,-1.682],[121.8749,-1.6809],[121.8745,-1.6779],[121.872,-1.6779],[121.8712,-1.6793],[121.8685,-1.6777],[121.8659,-1.6725],[121.863,-1.6708],[121.8616,-1.674],[121.8632,-1.677],[121.8606,-1.679],[121.8631,-1.6845],[121.8655,-1.6833],[121.8666,-1.6804],[121.8681,-1.6807],[121.8681,-1.6892],[121.8707,-1.6911],[121.8701,-1.6942],[121.8658,-1.694],[121.8634,-1.6908],[121.8624,-1.6977],[121.8643,-1.6979],[121.8649,-1.6996],[121.8612,-1.7005],[121.8613,-1.7023],[121.8646,-1.7019],[121.8645,-1.7063],[121.8779,-1.7008],[121.8802,-1.6964],[121.8876,-1.7039],[121.8873,-1.706],[121.8818,-1.7111],[121.8715,-1.7108],[121.8685,-1.7091],[121.8586,-1.7093],[121.8519,-1.6991],[121.8526,-1.6951],[121.8513,-1.6932],[121.8485,-1.6947],[121.8437,-1.7025],[121.8434,-1.7067],[121.8396,-1.7061],[121.837,-1.7141],[121.8271,-1.7164],[121.8232,-1.7233],[121.8257,-1.7253],[121.8242,-1.7267],[121.8154,-1.7289],[121.8118,-1.7283],[121.8076,-1.7308],[121.803,-1.7382],[121.8023,-1.7437],[121.8043,-1.7607],[121.8071,-1.763],[121.8049,-1.7652],[121.8023,-1.7647],[121.7972,-1.7713],[121.7917,-1.7853],[121.7835,-1.7984],[121.7816,-1.7995],[121.7845,-1.7915],[121.7822,-1.7928],[121.7798,-1.7991],[121.779,-1.7983],[121.7791,-1.8083],[121.7704,-1.8219],[121.7677,-1.8288],[121.7678,-1.8337],[121.7655,-1.834],[121.7634,-1.838],[121.767,-1.8355],[121.7684,-1.8375],[121.7632,-1.8546],[121.7539,-1.8672],[121.7497,-1.8759],[121.7443,-1.8814],[121.7428,-1.8889],[121.7316,-1.8945],[121.7302,-1.9018],[121.7188,-1.9055],[121.7125,-1.9201],[121.714,-1.9201],[121.7142,-1.9231],[121.7121,-1.9249],[121.7064,-1.922],[121.7009,-1.9215],[121.698,-1.9247],[121.6902,-1.9277],[121.6785,-1.9454],[121.6636,-1.9501],[121.6545,-1.9565],[121.653,-1.9552],[121.6452,-1.9581],[121.6435,-1.9561],[121.639,-1.9594],[121.6313,-1.9578],[121.6261,-1.9605],[121.6155,-1.9541],[121.6014,-1.9525],[121.5804,-1.9546],[121.5738,-1.959],[121.5636,-1.9572],[121.5546,-1.9504],[121.5537,-1.9474],[121.5566,-1.9469],[121.5559,-1.946],[121.5579,-1.946],[121.5601,-1.9493],[121.5603,-1.9471],[121.5581,-1.9437],[121.553,-1.9449],[121.5513,-1.9439],[121.5478,-1.9348],[121.5445,-1.9333],[121.5429,-1.9275],[121.5402,-1.9255],[121.5413,-1.9235],[121.5391,-1.9211],[121.5407,-1.9202],[121.5396,-1.918],[121.5355,-1.9153],[121.5319,-1.9174],[121.5298,-1.9169],[121.5262,-1.9114],[121.5109,-1.9059],[121.506,-1.898],[121.5019,-1.8986],[121.4985,-1.8972],[121.4968,-1.895],[121.4989,-1.889],[121.4975,-1.8879],[121.4968,-1.89],[121.4945,-1.8897],[121.4904,-1.8846],[121.4861,-1.883],[121.4853,-1.8792],[121.4875,-1.8783],[121.4867,-1.8751],[121.4885,-1.8732],[121.4861,-1.8748],[121.4832,-1.8702],[121.4775,-1.8715],[121.474,-1.8733],[121.4732,-1.8756],[121.4697,-1.8755],[121.4653,-1.8781],[121.4615,-1.879],[121.4577,-1.8768],[121.4646,-1.8738],[121.4698,-1.857],[121.4662,-1.8583],[121.4642,-1.8622],[121.4602,-1.8649],[121.4485,-1.8673],[121.4487,-1.8632],[121.447,-1.8619],[121.449,-1.8606],[121.4501,-1.8548],[121.4543,-1.8542],[121.4552,-1.8522],[121.4501,-1.8494],[121.4546,-1.8486],[121.4578,-1.8427],[121.4618,-1.8401],[121.4667,-1.84],[121.4658,-1.8366],[121.468,-1.8364],[121.4625,-1.8272],[121.4588,-1.8249],[121.4549,-1.8263],[121.4563,-1.8237],[121.4619,-1.8209],[121.4611,-1.8167],[121.4554,-1.8105],[121.4492,-1.8103],[121.4454,-1.8084],[121.446,-1.804],[121.4423,-1.8048],[121.438,-1.8091],[121.4319,-1.8103],[121.4308,-1.8129],[121.4278,-1.8106],[121.4218,-1.8125],[121.4228,-1.8168],[121.4205,-1.8217],[121.4187,-1.822],[121.4147,-1.8181],[121.4161,-1.814],[121.4122,-1.8133],[121.4144,-1.8124],[121.4128,-1.8098],[121.4044,-1.8079],[121.4001,-1.805],[121.3928,-1.8055],[121.3867,-1.8115],[121.3814,-1.809],[121.379,-1.8104],[121.3787,-1.8085],[121.3766,-1.8075],[121.3722,-1.8082],[121.3734,-1.8048],[121.3722,-1.801],[121.3707,-1.7974],[121.368,-1.7962],[121.367,-1.7917],[121.3611,-1.7886],[121.3579,-1.7908],[121.3536,-1.7871],[121.3499,-1.7865],[121.3506,-1.7844],[121.3475,-1.7782],[121.341,-1.7724],[121.3363,-1.7726],[121.3367,-1.7766],[121.3354,-1.7775],[121.3295,-1.7734],[121.325,-1.7728],[121.3227,-1.7639],[121.3214,-1.7645],[121.3222,-1.7668],[121.3194,-1.7694],[121.318,-1.7684],[121.3108,-1.7701],[121.3156,-1.7756],[121.3195,-1.7751],[121.3175,-1.7763],[121.3195,-1.7767],[121.3206,-1.7837],[121.318,-1.7847],[121.3125,-1.7948],[121.3105,-1.7945],[121.3087,-1.7969],[121.3079,-1.7951],[121.3072,-1.7965],[121.3027,-1.7929],[121.3022,-1.7963],[121.2994,-1.7967],[121.3007,-1.7997],[121.3001,-1.8063],[121.2987,-1.8085],[121.2961,-1.8063],[121.2949,-1.8094],[121.2966,-1.811],[121.2962,-1.813],[121.298,-1.8138],[121.2967,-1.8175],[121.2977,-1.8205],[121.2956,-1.8223],[121.2952,-1.8289],[121.2901,-1.8337],[121.2906,-1.837],[121.2889,-1.8389],[121.29,-1.8403],[121.2888,-1.8422],[121.2926,-1.8453],[121.2942,-1.857],[121.2967,-1.8561],[121.2989,-1.8572],[121.3021,-1.8525],[121.3047,-1.8564],[121.3167,-1.8535],[121.3178,-1.8561],[121.3252,-1.8547],[121.3236,-1.8573],[121.3256,-1.8596],[121.3242,-1.862],[121.3272,-1.8639],[121.3362,-1.8532],[121.3415,-1.8539],[121.344,-1.8497],[121.3443,-1.8417],[121.3458,-1.8492],[121.3499,-1.8503],[121.3495,-1.8559],[121.3515,-1.8583],[121.3472,-1.8589],[121.3469,-1.8608],[121.344,-1.8605],[121.3449,-1.8651],[121.347,-1.8673],[121.3515,-1.8682],[121.355,-1.8665],[121.3592,-1.869],[121.362,-1.8744],[121.3585,-1.8758],[121.3543,-1.8706],[121.3518,-1.8716],[121.3499,-1.8706],[121.3484,-1.8727],[121.3401,-1.874],[121.3433,-1.8772],[121.339,-1.8782],[121.3355,-1.8754],[121.3307,-1.8801],[121.3315,-1.8901],[121.3336,-1.8914],[121.3347,-1.8902],[121.3342,-1.8919],[121.338,-1.8932],[121.34,-1.8895],[121.3417,-1.896],[121.3462,-1.8972],[121.3489,-1.8959],[121.3498,-1.8973],[121.3462,-1.8985],[121.3462,-1.9005],[121.3428,-1.9002],[121.3417,-1.9018],[121.3341,-1.9018],[121.3346,-1.8989],[121.3321,-1.8987],[121.3277,-1.9086],[121.3305,-1.9116],[121.3285,-1.9135],[121.3297,-1.9154],[121.3279,-1.919],[121.3183,-1.9209],[121.3148,-1.9232],[121.3143,-1.9283],[121.3122,-1.9294],[121.3176,-1.9369],[121.3211,-1.9358],[121.3223,-1.9335],[121.3231,-1.9353],[121.3265,-1.9378],[121.3288,-1.9389],[121.3257,-1.9357],[121.3287,-1.9332],[121.3298,-1.9383],[121.3316,-1.9375],[121.3333,-1.9462],[121.3391,-1.9509],[121.3474,-1.952],[121.3482,-1.9511],[121.3511,-1.9502],[121.3482,-1.9539],[121.3488,-1.96],[121.3475,-1.9649],[121.3427,-1.9697],[121.3413,-1.9752],[121.3391,-1.9774],[121.3422,-1.9812],[121.3392,-1.9853],[121.3415,-1.9886],[121.3394,-1.9913],[121.3414,-2.0001],[121.3434,-2.0019],[121.3422,-2.0027],[121.3427,-2.0054],[121.3451,-2.0035],[121.3473,-2.004],[121.3488,-2.0083],[121.3502,-2.0014],[121.3535,-2.0009],[121.3531,-1.9931],[121.3587,-1.9907],[121.3584,-1.9874],[121.3622,-1.9827],[121.3705,-1.9826],[121.3713,-1.9783],[121.3732,-1.9822],[121.3764,-1.9823],[121.3784,-1.9783],[121.381,-1.9768],[121.3806,-1.9749],[121.3776,-1.9738],[121.3763,-1.9695],[121.3789,-1.9701],[121.3796,-1.9657],[121.377,-1.9631],[121.3771,-1.9576],[121.3789,-1.9552],[121.3774,-1.9507],[121.3792,-1.9455],[121.3762,-1.9394],[121.3783,-1.9369],[121.376,-1.9323],[121.3767,-1.9291],[121.3799,-1.9301],[121.3814,-1.9267],[121.3782,-1.9214],[121.3788,-1.9174],[121.3888,-1.9074],[121.3909,-1.9083],[121.3925,-1.9038],[121.3931,-1.9064],[121.3982,-1.9097],[121.3984,-1.9136],[121.4003,-1.9155],[121.401,-1.91],[121.4029,-1.9104],[121.4071,-1.9066],[121.4086,-1.9088],[121.4093,-1.9062],[121.4101,-1.9101],[121.4137,-1.9125],[121.4117,-1.9145],[121.4138,-1.918],[121.4122,-1.9218],[121.4165,-1.9234],[121.4188,-1.9311],[121.4177,-1.9333],[121.4136,-1.9349],[121.4168,-1.9364],[121.4135,-1.9407],[121.4197,-1.9392],[121.4208,-1.9422],[121.4233,-1.9409],[121.4231,-1.9427],[121.4267,-1.9464],[121.4252,-1.9495],[121.4211,-1.9523],[121.4208,-1.9568],[121.4265,-1.9647],[121.4289,-1.9635],[121.4307,-1.9649],[121.4332,-1.9692],[121.4328,-1.9723],[121.4351,-1.9733],[121.4348,-1.9754],[121.4369,-1.9772],[121.4383,-1.9776],[121.44,-1.9748],[121.4436,-1.9747],[121.4403,-1.9816],[121.4409,-1.9839],[121.4445,-1.9887],[121.4498,-1.9908],[121.4488,-1.9942],[121.4526,-1.9978],[121.4525,-1.9998],[121.4632,-2.0012],[121.465,-1.9996],[121.4734,-2.0151],[121.4784,-2.0176],[121.4817,-2.0175],[121.4837,-2.0155],[121.487,-2.0164],[121.4889,-2.0203],[121.4856,-2.0237],[121.4868,-2.0259],[121.4918,-2.0202],[121.4926,-2.0239],[121.4992,-2.0268],[121.5013,-2.0305],[121.4949,-2.0284],[121.4915,-2.0308],[121.4911,-2.0348],[121.4933,-2.042],[121.5002,-2.0478],[121.5069,-2.048],[121.5088,-2.0502],[121.5068,-2.0532],[121.5138,-2.0547],[121.5135,-2.0568],[121.5111,-2.0579],[121.5134,-2.0575],[121.5148,-2.0593],[121.5139,-2.0573],[121.5166,-2.0528],[121.5218,-2.0539],[121.521,-2.0513],[121.5276,-2.0489],[121.5297,-2.0455],[121.5316,-2.0573],[121.5314,-2.0636],[121.5292,-2.0676],[121.5314,-2.0697],[121.5326,-2.0686],[121.5318,-2.065],[121.5347,-2.0486],[121.5327,-2.0728],[121.5294,-2.0733],[121.5262,-2.0707],[121.5223,-2.0737],[121.5221,-2.0749],[121.5247,-2.0794],[121.5227,-2.0746],[121.5256,-2.0716],[121.5312,-2.0753],[121.5338,-2.075],[121.5356,-2.0789],[121.5372,-2.1003],[121.54,-2.1068],[121.5435,-2.1072],[121.5448,-2.1096],[121.5408,-2.1204],[121.54,-2.1338],[121.5383,-2.1307],[121.5362,-2.13],[121.5342,-2.1314],[121.5314,-2.1318],[121.5266,-2.1333],[121.5259,-2.1339],[121.5339,-2.1318],[121.5346,-2.1327],[121.5334,-2.133],[121.5331,-2.1339],[121.5348,-2.1329],[121.5354,-2.1307],[121.5382,-2.1312],[121.5391,-2.1354],[121.5415,-2.1364],[121.544,-2.1476],[121.5535,-2.1679],[121.5609,-2.1735],[121.5668,-2.1747],[121.5701,-2.1726],[121.5716,-2.1765],[121.5753,-2.1743],[121.5783,-2.1747],[121.5848,-2.1787],[121.5925,-2.1784],[121.5969,-2.1812],[121.6002,-2.181],[121.6064,-2.1851],[121.614,-2.1865],[121.6191,-2.1832],[121.6251,-2.1844],[121.631,-2.1833],[121.6334,-2.1848],[121.6424,-2.1858],[121.6455,-2.1882],[121.6503,-2.1846],[121.657,-2.1859],[121.6599,-2.1827],[121.6633,-2.1891],[121.666,-2.1908],[121.6624,-2.1851],[121.6701,-2.1848],[121.6803,-2.1801],[121.6801,-2.1774],[121.677,-2.1754],[121.6756,-2.1724],[121.6794,-2.1734],[121.6898,-2.1895],[121.6907,-2.1884],[121.6966,-2.1915],[121.705,-2.1884],[121.7121,-2.1947],[121.7196,-2.1955],[121.7238,-2.1981],[121.7273,-2.2035],[121.7299,-2.2153],[121.741,-2.2232],[121.7435,-2.2322],[121.7462,-2.2358],[121.7552,-2.2403],[121.7569,-2.2496],[121.7661,-2.2549],[121.7718,-2.2554],[121.7761,-2.2618],[121.7784,-2.2712],[121.7828,-2.2734],[121.7952,-2.2882],[121.8082,-2.2915],[121.8182,-2.2915],[121.8248,-2.2939],[121.8284,-2.3056],[121.8347,-2.3187],[121.8344,-2.3243],[121.8369,-2.328],[121.8371,-2.3335],[121.8397,-2.3363],[121.8404,-2.3456],[121.8444,-2.3503],[121.8546,-2.355],[121.8565,-2.3628],[121.8635,-2.3698],[121.8649,-2.3747],[121.8684,-2.3779],[121.8706,-2.383],[121.8706,-2.3913],[121.8759,-2.3933],[121.8749,-2.4029],[121.8836,-2.4113],[121.8883,-2.413],[121.8891,-2.4169],[121.8947,-2.42],[121.8961,-2.4244],[121.9022,-2.4269],[121.9036,-2.43],[121.9053,-2.4299],[121.9078,-2.4329],[121.9117,-2.4388],[121.9123,-2.4479],[121.919,-2.4575],[121.928,-2.4631],[121.9341,-2.4754],[121.9405,-2.4784],[121.9419,-2.4823],[121.9413,-2.4883],[121.943,-2.492],[121.9483,-2.4958],[121.9585,-2.5172],[121.9682,-2.5281],[121.9708,-2.5425],[121.9727,-2.5431],[121.9751,-2.5498],[121.9773,-2.5513],[121.9807,-2.5681],[121.9865,-2.5773],[121.9859,-2.5843],[121.9884,-2.5886],[121.9873,-2.5916],[121.9899,-2.6011],[121.9969,-2.6115],[121.9975,-2.6148],[122.0002,-2.6153],[122.0018,-2.6193],[122.0031,-2.6188],[122.0052,-2.6212],[122.0009,-2.6244],[122.0017,-2.6278],[122.0096,-2.6305],[122.0166,-2.6458],[122.0182,-2.6469],[122.0238,-2.6454],[122.0354,-2.657],[122.0373,-2.6686],[122.0327,-2.6738],[122.03,-2.6743],[122.0254,-2.6703],[122.0199,-2.6692],[122.0105,-2.6741],[122.0074,-2.687],[122.0065,-2.7016],[122.0101,-2.7184],[122.0191,-2.7228],[122.0202,-2.7213],[122.0292,-2.7248],[122.0589,-2.7491],[122.0644,-2.7628],[122.0696,-2.7656],[122.0744,-2.7755],[122.0833,-2.7835],[122.0856,-2.7887],[122.094,-2.7894],[122.1044,-2.7872],[122.1157,-2.789],[122.1256,-2.7875],[122.1395,-2.7887],[122.1492,-2.7954],[122.1563,-2.8044],[122.1547,-2.8042],[122.1583,-2.8127],[122.1638,-2.8175],[122.1642,-2.8196],[122.1663,-2.8191],[122.1678,-2.8219],[122.1696,-2.8208],[122.1726,-2.8225],[122.1737,-2.8198],[122.1773,-2.8179],[122.1849,-2.8237],[122.1932,-2.8448],[122.1855,-2.8578],[122.1842,-2.8655],[122.1852,-2.8696],[122.1913,-2.878],[122.1936,-2.8781],[122.1985,-2.8827],[122.2045,-2.8827],[122.207,-2.8876],[122.2075,-2.8951],[122.2054,-2.8972],[122.2081,-2.9007],[122.2163,-2.9001],[122.2176,-2.897],[122.222,-2.8953],[122.2242,-2.8926],[122.2243,-2.8891],[122.2262,-2.8869],[122.2313,-2.8874],[122.2373,-2.8846],[122.2399,-2.8862],[122.2391,-2.8831],[122.2424,-2.8836],[122.2449,-2.8796],[122.2503,-2.8776],[122.254,-2.8801],[122.2513,-2.8891],[122.2531,-2.8913],[122.2557,-2.8875],[122.2592,-2.8872],[122.2646,-2.8898],[122.2718,-2.8862],[122.2783,-2.8864],[122.2846,-2.8905],[122.2918,-2.892],[122.2943,-2.8958],[122.299,-2.8973],[122.301,-2.902],[122.3035,-2.9019],[122.3121,-2.9106],[122.3146,-2.9103],[122.3207,-2.921],[122.3182,-2.9291],[122.3078,-2.9461],[122.3085,-2.9499],[122.307,-2.9562],[122.3005,-2.9624],[122.2899,-2.9793],[122.2806,-2.9894],[122.2785,-2.9994],[122.2737,-3.0006],[122.2695,-2.9992],[122.2629,-3.0075],[122.2544,-3.0108],[122.2518,-3.017],[122.252,-3.0215],[122.2505,-3.0224],[122.2513,-3.0264],[122.2553,-3.0286],[122.2587,-3.0364],[122.2671,-3.0404],[122.2743,-3.049],[122.2789,-3.0492],[122.2839,-3.0523],[122.288,-3.0516],[122.2979,-3.0581],[122.3051,-3.0607],[122.3067,-3.0666],[122.3121,-3.0726],[122.3356,-3.0858],[122.3364,-3.0918],[122.3461,-3.1025],[122.3488,-3.1036],[122.3519,-3.1156],[122.3585,-3.1288],[122.3684,-3.1361],[122.3714,-3.1416],[122.3802,-3.1448],[122.3854,-3.1404],[122.3982,-3.1388],[122.4007,-3.1342],[122.4074,-3.1304],[122.4222,-3.1263],[122.4266,-3.1269],[122.4284,-3.1309],[122.4258,-3.1336],[122.4284,-3.1368],[122.4304,-3.1372],[122.4328,-3.1406],[122.4437,-3.142],[122.4458,-3.1521],[122.4435,-3.1597],[122.4453,-3.1621],[122.4536,-3.1639],[122.4597,-3.1628],[122.4579,-3.1541],[122.4538,-3.1508],[122.4644,-3.1498],[122.4665,-3.1529],[122.4648,-3.1597],[122.4691,-3.1621],[122.4733,-3.1682],[122.4859,-3.1786],[122.4822,-3.1827],[122.4692,-3.1888],[122.4364,-3.1879],[122.4286,-3.1925],[122.4292,-3.1983]]]}},{"type":"Feature","properties":{"name":"Palu","name_en":"Palu","admin_level":"5","osm_id":""},"geometry":{"type":"Polygon","coordinates":[[[119.8739,-0.9231],[119.8622,-0.9253],[119.8621,-0.9331],[119.8512,-0.9347],[119.8307,-0.9418],[119.8278,-0.9111],[119.8327,-0.9098],[119.8325,-0.9048],[119.8272,-0.9046],[119.8247,-0.8817],[119.8223,-0.8741],[119.8171,-0.8732],[119.8117,-0.8678],[119.8005,-0.8691],[119.7933,-0.8742],[119.7835,-0.8872],[119.7814,-0.8976],[119.7684,-0.8932],[119.7686,-0.887],[119.7665,-0.8823],[119.7671,-0.8715],[119.773,-0.8643],[119.7699,-0.8645],[119.7703,-0.8605],[119.765,-0.8522],[119.7666,-0.8445],[119.7605,-0.8381],[119.7596,-0.835],[119.7782,-0.8215],[119.7892,-0.8203],[119.7966,-0.8173],[119.8016,-0.8114],[119.8051,-0.8031],[119.8082,-0.8014],[119.8128,-0.8077],[119.813,-0.8277],[119.816,-0.8382],[119.8206,-0.8436],[119.825,-0.846],[119.8388,-0.8791],[119.8459,-0.8829],[119.8602,-0.8847],[119.8623,-0.8838],[119.8656,-0.885],[119.8712,-0.8831],[119.8737,-0.8766],[119.8744,-0.8688],[119.88,-0.8633],[119.881,-0.8602],[119.8793,-0.857],[119.8822,-0.8337],[119.881,-0.8292],[119.8842,-0.8215],[119.8804,-0.8177],[119.8785,-0.8104],[119.8784,-0.8012],[119.872,-0.7972],[119.8631,-0.7881],[119.8592,-0.7777],[119.859,-0.7645],[119.8622,-0.7556],[119.8611,-0.7511],[119.8554,-0.7429],[119.8547,-0.7353],[119.8587,-0.7242],[119.8627,-0.7188],[119.8615,-0.7182],[119.8633,-0.7179],[119.8627,-0.7136],[119.8446,-0.7024],[119.8437,-0.6968],[119.8501,-0.691],[119.8547,-0.6719],[119.8598,-0.669],[119.855,-0.6627],[119.8599,-0.6586],[119.8698,-0.658],[119.875,-0.6481],[119.8795,-0.6452],[119.8884,-0.6439],[119.892,-0.6388],[119.8986,-0.6358],[119.9044,-0.6348],[119.9107,-0.6365],[119.9152,-0.6351],[119.9236,-0.6367],[119.9283,-0.6354],[119.925,-0.6448],[119.9199,-0.6505],[119.9096,-0.6571],[119.8961,-0.6689],[119.8747,-0.6818],[119.8717,-0.6889],[119.8719,-0.6951],[119.8976,-0.6982],[119.919,-0.6987],[119.9259,-0.6966],[119.9548,-0.6807],[119.9536,-0.6883],[119.9516,-0.6905],[119.96,-0.6873],[119.9615,-0.6917],[119.9605,-0.6981],[119.9554,-0.7034],[119.9497,-0.7056],[119.9414,-0.715],[119.9064,-0.7192],[119.8934,-0.729],[119.8818,-0.7265],[119.8779,-0.7277],[119.8773,-0.7286],[119.8829,-0.7286],[119.8828,-0.7317],[119.8784,-0.7329],[119.8781,-0.7392],[119.8953,-0.7512],[119.8773,-0.7653],[119.8772,-0.7675],[119.8728,-0.7661],[119.8741,-0.7691],[119.8855,-0.7715],[119.8874,-0.7742],[119.8866,-0.7782],[119.9036,-0.778],[119.9127,-0.7738],[119.9165,-0.7891],[119.9211,-0.7929],[119.9273,-0.7921],[119.9341,-0.7968],[119.9398,-0.7986],[119.9545,-0.7975],[119.9741,-0.8083],[119.98,-0.8033],[119.9871,-0.8015],[119.9925,-0.7952],[120.0002,-0.7938],[120.0149,-0.7945],[120.0257,-0.8086],[120.0285,-0.8209],[120.0331,-0.8297],[120.034,-0.8413],[120.0368,-0.848],[120.0342,-0.858],[120.0389,-0.8684],[120.0324,-0.874],[120.0313,-0.8806],[120.0225,-0.88],[120.0232,-0.8843],[120.0185,-0.8869],[120.0169,-0.8898],[120.0182,-0.8957],[120.0094,-0.8953],[120.0098,-0.8983],[120.0057,-0.8996],[120.0034,-0.9026],[119.9959,-0.9042],[119.9765,-0.9132],[119.964,-0.9129],[119.9583,-0.917],[119.9548,-0.9144],[119.948,-0.9131],[119.9293,-0.9208],[119.9372,-0.9409],[119.9333,-0.9444],[119.905,-0.9429],[119.8859,-0.932],[119.8815,-0.9323],[119.8806,-0.9266],[119.8759,-0.9226],[119.8739,-0.9231]]]}},{"type":"Feature","properties":{"name":"ParigiMoutong","name_en":"ParigiMoutong","admin_level":"5","osm_id":""},"geometry":{"type":"Polygon","coordinates":[[[120.2909,-0.9416],[120.297,-0.9458],[120.2977,-0.9492],[120.3031,-0.9537],[120.3102,-0.9648],[120.3101,-0.9634],[120.3144,-0.9624],[120.3188,-0.9575],[120.3223,-0.9559],[120.3223,-0.9569],[120.3266,-0.9564],[120.3335,-0.9502],[120.3373,-0.9532],[120.3437,-0.9531],[120.3482,-0.9554],[120.3506,-0.9526],[120.352,-0.9529],[120.3494,-0.9451],[120.3508,-0.9461],[120.3517,-0.9461],[120.3508,-0.9454],[120.353,-0.9418],[120.3583,-0.9432],[120.358,-0.9417],[120.3609,-0.9411],[120.3646,-0.9356],[120.3699,-0.9368],[120.3687,-0.9336],[120.3706,-0.9323],[120.3698,-0.9304],[120.3718,-0.9277],[120.3809,-0.9285],[120.3946,-0.9248],[120.3956,-0.9269],[120.3972,-0.9241],[120.4004,-0.9258],[120.4065,-0.923],[120.4119,-0.9243],[120.4207,-0.9304],[120.4271,-0.9388],[120.4297,-0.9396],[120.4347,-0.9646],[120.44,-0.9693],[120.4423,-0.9693],[120.4435,-0.9727],[120.4542,-0.9818],[120.4565,-0.9866],[120.4598,-0.989],[120.4609,-0.9936],[120.4649,-0.9935],[120.467,-0.9912],[120.4726,-0.9955],[120.4739,-0.9923],[120.4718,-0.9925],[120.4724,-0.9906],[120.4809,-0.9923],[120.4852,-0.9895],[120.4857,-0.9916],[120.4869,-0.9897],[120.4895,-0.9914],[120.4918,-0.9953],[120.508,-0.9971],[120.5167,-1.0159],[120.5241,-1.0217],[120.5316,-1.0337],[120.534,-1.0432],[120.5329,-1.0446],[120.5314,-1.0436],[120.5327,-1.0412],[120.5307,-1.0408],[120.5289,-1.0443],[120.5296,-1.0471],[120.534,-1.0527],[120.5399,-1.0547],[120.5401,-1.0614],[120.5437,-1.064],[120.5443,-1.0629],[120.5442,-1.065],[120.5468,-1.0647],[120.5505,-1.07],[120.5501,-1.0733],[120.5523,-1.0734],[120.5559,-1.077],[120.5582,-1.0824],[120.5569,-1.0853],[120.561,-1.0895],[120.5601,-1.0923],[120.5658,-1.0938],[120.5665,-1.0966],[120.5777,-1.1007],[120.5823,-1.1085],[120.5709,-1.1096],[120.568,-1.1128],[120.5301,-1.1299],[120.5118,-1.1314],[120.5025,-1.1378],[120.4929,-1.142],[120.4916,-1.1412],[120.4656,-1.148],[120.4461,-1.1462],[120.4341,-1.1526],[120.4272,-1.1497],[120.3378,-1.1894],[120.3358,-1.189],[120.3421,-1.1869],[120.3408,-1.1784],[120.3433,-1.168],[120.3487,-1.1593],[120.3535,-1.1552],[120.3576,-1.1472],[120.3565,-1.1459],[120.349,-1.1445],[120.3462,-1.1461],[120.3422,-1.1539],[120.34,-1.1551],[120.3375,-1.1531],[120.3357,-1.1465],[120.3269,-1.137],[120.3124,-1.1343],[120.3062,-1.1356],[120.2931,-1.133],[120.2849,-1.1376],[120.2831,-1.1421],[120.2779,-1.1431],[120.272,-1.1513],[120.2672,-1.1518],[120.2561,-1.1353],[120.2478,-1.1324],[120.2394,-1.1332],[120.2326,-1.1298],[120.2283,-1.1256],[120.2249,-1.1171],[120.2272,-1.1119],[120.2245,-1.1046],[120.2307,-1.0921],[120.2266,-1.0814],[120.2186,-1.0731],[120.2189,-1.0654],[120.2098,-1.0618],[120.2027,-1.0543],[120.201,-1.056],[120.1984,-1.0546],[120.1953,-1.0634],[120.1922,-1.0646],[120.1838,-1.0639],[120.1663,-1.0477],[120.1603,-1.0499],[120.1588,-1.0538],[120.1513,-1.0493],[120.1514,-1.045],[120.1473,-1.0428],[120.1289,-1.0444],[120.1256,-1.0411],[120.1252,-1.0379],[120.1194,-1.0322],[120.1182,-1.0231],[120.1153,-1.0228],[120.1128,-1.0161],[120.1057,-1.0176],[120.0988,-1.0271],[120.0941,-1.0196],[120.0808,-1.0158],[120.0762,-1.0173],[120.0803,-1.011],[120.0736,-1.0083],[120.0777,-0.9996],[120.0761,-0.9975],[120.0788,-0.9903],[120.0784,-0.9877],[120.0744,-0.9851],[120.0733,-0.9773],[120.0691,-0.9747],[120.0662,-0.9699],[120.0573,-0.9675],[120.066,-0.9517],[120.0666,-0.943],[120.0691,-0.9387],[120.068,-0.9322],[120.0697,-0.923],[120.0681,-0.9199],[120.072,-0.9132],[120.0697,-0.9105],[120.0665,-0.9121],[120.0653,-0.9097],[120.0511,-0.9018],[120.0469,-0.8973],[120.0361,-0.8928],[120.0314,-0.8927],[120.0225,-0.8803],[120.0313,-0.8806],[120.0324,-0.874],[120.0389,-0.8684],[120.0341,-0.8571],[120.0362,-0.8489],[120.0417,-0.843],[120.0445,-0.8297],[120.0412,-0.8227],[120.0422,-0.8211],[120.0341,-0.8076],[120.0324,-0.7901],[120.0275,-0.7875],[120.0233,-0.7809],[120.0259,-0.7744],[120.0238,-0.7633],[120.0181,-0.7529],[120.0193,-0.7472],[120.0262,-0.7475],[120.0258,-0.7453],[120.0273,-0.7442],[120.0241,-0.7373],[120.0244,-0.7288],[120.0196,-0.7233],[120.0205,-0.7083],[120.027,-0.7084],[120.0306,-0.7052],[120.0322,-0.6925],[120.0298,-0.6897],[120.0329,-0.684],[120.0248,-0.6714],[120.0172,-0.6649],[120.0196,-0.6606],[120.0171,-0.6505],[120.0197,-0.6418],[120.0154,-0.6379],[120.0108,-0.6394],[120.0024,-0.6333],[120.0055,-0.6302],[120.0047,-0.6246],[120.0081,-0.6153],[120.0068,-0.6102],[120.0035,-0.6072],[120.0015,-0.5911],[119.9992,-0.5892],[119.9903,-0.5871],[119.9881,-0.5848],[119.9879,-0.5772],[119.9786,-0.571],[119.9687,-0.5531],[119.9592,-0.5475],[119.9535,-0.5467],[119.954,-0.5401],[119.9506,-0.5273],[119.9436,-0.5167],[119.9388,-0.5158],[119.9315,-0.5057],[119.9353,-0.4972],[119.935,-0.4832],[119.9372,-0.4803],[119.9376,-0.4692],[119.9411,-0.4603],[119.937,-0.4476],[119.9271,-0.4483],[119.9227,-0.4436],[119.9225,-0.4337],[119.9191,-0.427],[119.9204,-0.4185],[119.9184,-0.4132],[119.9214,-0.4128],[119.9203,-0.4087],[119.9256,-0.3987],[119.9255,-0.3932],[119.923,-0.3905],[119.9225,-0.3847],[119.9183,-0.3773],[119.9139,-0.3733],[119.9132,-0.3701],[119.9166,-0.363],[119.9138,-0.3557],[119.9143,-0.3518],[119.9206,-0.3482],[119.9299,-0.3348],[119.9269,-0.3289],[119.9304,-0.323],[119.9205,-0.3163],[119.9289,-0.3039],[119.9194,-0.2972],[119.9227,-0.2914],[119.9209,-0.2914],[119.9245,-0.2872],[119.9096,-0.2838],[119.9095,-0.2803],[119.905,-0.2704],[119.919,-0.2625],[119.9224,-0.2588],[119.9211,-0.254],[119.9145,-0.2467],[119.9125,-0.2369],[119.9182,-0.2343],[119.9227,-0.2286],[119.9291,-0.215],[119.9377,-0.2097],[119.9325,-0.2064],[119.9238,-0.1723],[119.9137,-0.1687],[119.9141,-0.1643],[119.9109,-0.1613],[119.9078,-0.1519],[119.8999,-0.1403],[119.9001,-0.1363],[119.9011,-0.1341],[119.9087,-0.1301],[119.9132,-0.1238],[119.9151,-0.116],[119.9182,-0.1176],[119.9222,-0.1088],[119.9358,-0.1009],[119.9433,-0.077],[119.9476,-0.0717],[119.9473,-0.0689],[119.9442,-0.0658],[119.9433,-0.0442],[119.94,-0.0383],[119.9418,-0.0367],[119.94,-0.0256],[119.9441,-0.02],[119.9408,-0.0116],[119.9448,0.0139],[119.9512,0.0176],[119.9523,0.0239],[119.9574,0.0321],[119.9574,0.0434],[119.9553,0.0458],[119.9538,0.0542],[119.9602,0.0719],[119.9576,0.0738],[119.9614,0.0844],[119.9672,0.0883],[119.9699,0.0947],[119.973,0.0966],[119.9829,0.096],[119.9836,0.0975],[119.9861,0.0952],[119.9906,0.1074],[120.0009,0.1108],[120.0015,0.1232],[120.0378,0.1288],[120.0342,0.1345],[120.0369,0.1389],[120.046,0.1471],[120.0401,0.1573],[120.0405,0.1587],[120.0435,0.157],[120.045,0.1595],[120.0436,0.1683],[120.045,0.1728],[120.052,0.179],[120.0524,0.1812],[120.0686,0.1813],[120.0701,0.1829],[120.0695,0.1904],[120.0803,0.1977],[120.0909,0.1981],[120.0958,0.207],[120.0969,0.2207],[120.1008,0.2252],[120.0959,0.2275],[120.0927,0.236],[120.0965,0.2444],[120.0925,0.2495],[120.0902,0.25],[120.0791,0.2743],[120.0652,0.2747],[120.0612,0.2809],[120.0546,0.286],[120.0589,0.2934],[120.0551,0.2995],[120.0618,0.3057],[120.0616,0.3169],[120.0593,0.3196],[120.0592,0.3264],[120.0566,0.3306],[120.0566,0.3345],[120.0623,0.3405],[120.075,0.3461],[120.0736,0.3615],[120.079,0.3685],[120.0791,0.3798],[120.0828,0.3858],[120.0958,0.3931],[120.1,0.3913],[120.1138,0.3952],[120.1203,0.4],[120.1222,0.4075],[120.1269,0.4084],[120.1287,0.4155],[120.1174,0.4221],[120.1139,0.4268],[120.1139,0.4294],[120.1187,0.4388],[120.124,0.4441],[120.1299,0.4581],[120.1367,0.46],[120.144,0.4679],[120.1567,0.4684],[120.1593,0.4799],[120.1582,0.4927],[120.1611,0.503],[120.161,0.5245],[120.1586,0.5312],[120.1761,0.5407],[120.1803,0.5463],[120.1799,0.5525],[120.1831,0.5623],[120.1876,0.5697],[120.1924,0.5728],[120.2031,0.5748],[120.2025,0.5789],[120.1959,0.5839],[120.1941,0.5873],[120.192,0.6152],[120.1949,0.6153],[120.2152,0.6055],[120.2193,0.6049],[120.2296,0.608],[120.2514,0.6203],[120.2591,0.6235],[120.2644,0.6228],[120.269,0.6303],[120.2852,0.6311],[120.287,0.6391],[120.2998,0.6426],[120.3007,0.6519],[120.3078,0.657],[120.3298,0.6678],[120.3443,0.6683],[120.3505,0.6738],[120.3518,0.6771],[120.3557,0.6782],[120.3736,0.6753],[120.382,0.6706],[120.4083,0.6687],[120.412,0.6635],[120.4165,0.6615],[120.439,0.6641],[120.4414,0.6559],[120.4489,0.6428],[120.4592,0.6416],[120.4717,0.6443],[120.482,0.6434],[120.4844,0.6446],[120.4927,0.6416],[120.496,0.6363],[120.5058,0.6358],[120.5093,0.6342],[120.5166,0.6364],[120.5222,0.6333],[120.5276,0.6362],[120.5382,0.6351],[120.5409,0.632],[120.5434,0.6204],[120.541,0.6142],[120.5422,0.6064],[120.5456,0.5966],[120.5474,0.5952],[120.557,0.5947],[120.563,0.6055],[120.5749,0.6093],[120.5804,0.6053],[120.5897,0.6043],[120.5968,0.5956],[120.6012,0.5956],[120.6073,0.6011],[120.6139,0.5997],[120.6153,0.5894],[120.6188,0.5871],[120.6263,0.5876],[120.6296,0.593],[120.6378,0.598],[120.6369,0.6058],[120.6422,0.612],[120.644,0.6118],[120.6502,0.617],[120.6565,0.6172],[120.6609,0.6156],[120.6613,0.6236],[120.6663,0.6279],[120.6659,0.6338],[120.6743,0.6451],[120.6852,0.6502],[120.6969,0.6614],[120.7053,0.6616],[120.7064,0.6686],[120.7362,0.6608],[120.7444,0.6638],[120.7543,0.662],[120.7641,0.6699],[120.7759,0.6729],[120.7832,0.6783],[120.7967,0.6792],[120.7973,0.6761],[120.797,0.6793],[120.8146,0.6759],[120.8188,0.6788],[120.8194,0.6842],[120.8301,0.6892],[120.8294,0.6901],[120.8353,0.6906],[120.8385,0.6877],[120.848,0.6968],[120.85,0.7006],[120.8603,0.7089],[120.8704,0.7046],[120.8738,0.7004],[120.8832,0.7029],[120.8912,0.6985],[120.9084,0.6925],[120.9183,0.6913],[120.9345,0.6863],[120.9546,0.6928],[120.9702,0.6897],[120.9725,0.6927],[120.9779,0.6949],[121.0024,0.7012],[121.0106,0.708],[121.02,0.7032],[121.0268,0.7028],[121.0359,0.6952],[121.0515,0.6906],[121.055,0.694],[121.0578,0.6931],[121.0618,0.6977],[121.0626,0.7011],[121.0777,0.697],[121.0958,0.6987],[121.102,0.6947],[121.1066,0.695],[121.1083,0.6899],[121.1205,0.6867],[121.1261,0.6815],[121.1498,0.6814],[121.1584,0.6758],[121.1625,0.6766],[121.1655,0.6693],[121.1733,0.6654],[121.1792,0.6551],[121.1867,0.6514],[121.1973,0.6416],[121.2026,0.6426],[121.2189,0.6384],[121.2285,0.6453],[121.2318,0.6415],[121.2317,0.6361],[121.2275,0.6292],[121.2279,0.6261],[121.2311,0.6214],[121.2351,0.6082],[121.2394,0.6022],[121.2428,0.6005],[121.25,0.6009],[121.2618,0.5899],[121.2701,0.5876],[121.2754,0.5825],[121.2949,0.5801],[121.3004,0.5753],[121.3016,0.5698],[121.3038,0.5679],[121.3076,0.5686],[121.3164,0.5784],[121.3299,0.5745],[121.3353,0.5752],[121.3433,0.5658],[121.3457,0.5658],[121.3503,0.5552],[121.344,0.5474],[121.3477,0.5377],[121.3473,0.5352],[121.3426,0.5268],[121.3357,0.5265],[121.3343,0.5239],[121.3313,0.5227],[121.3337,0.5201],[121.3337,0.5117],[121.3356,0.5113],[121.3381,0.5065],[121.3444,0.5054],[121.3431,0.5035],[121.3443,0.5029],[121.3446,0.497],[121.3517,0.492],[121.3508,0.4883],[121.3426,0.4837],[121.3419,0.4787],[121.337,0.4737],[121.3347,0.4775],[121.3243,0.4822],[121.3226,0.4851],[121.3205,0.4842],[121.3082,0.4863],[121.2918,0.4948],[121.2826,0.4924],[121.2694,0.4923],[121.267,0.4895],[121.2633,0.4897],[121.256,0.4866],[121.2505,0.4887],[121.2504,0.4843],[121.2448,0.4774],[121.2387,0.4625],[121.2329,0.4584],[121.2303,0.4581],[121.2211,0.4632],[121.2144,0.4571],[121.2108,0.459],[121.2024,0.4576],[121.2005,0.4618],[121.1974,0.4634],[121.1906,0.4627],[121.1913,0.4595],[121.1896,0.4571],[121.1874,0.4613],[121.1847,0.461],[121.1777,0.4516],[121.1792,0.4465],[121.1733,0.4467],[121.171,0.4423],[121.1672,0.4436],[121.1608,0.4364],[121.1618,0.4337],[121.1586,0.4249],[121.1619,0.4155],[121.1525,0.4113],[121.1359,0.4118],[121.1298,0.4102],[121.1226,0.4116],[121.1113,0.4011],[121.0975,0.4075],[121.0901,0.4044],[121.0853,0.3995],[121.0808,0.3976],[121.0747,0.4],[121.0675,0.404],[121.0654,0.4091],[121.0614,0.409],[121.0534,0.4133],[121.0437,0.4233],[121.0383,0.4258],[121.0366,0.4318],[121.0343,0.4323],[121.0275,0.4403],[121.023,0.4379],[121.0218,0.4347],[121.0176,0.434],[121.0119,0.4354],[121.0042,0.4316],[121.0015,0.4321],[121.0003,0.4294],[120.9959,0.4273],[120.9923,0.4275],[120.9929,0.4256],[120.9857,0.421],[120.9787,0.4212],[120.979,0.4191],[120.9774,0.418],[120.9715,0.417],[120.9674,0.4181],[120.9639,0.4152],[120.9601,0.4152],[120.9569,0.4114],[120.9544,0.412],[120.9524,0.4155],[120.9487,0.4144],[120.9365,0.406],[120.9323,0.4003],[120.9215,0.3995],[120.9126,0.4011],[120.8973,0.3959],[120.8793,0.4128],[120.8748,0.4206],[120.871,0.4222],[120.8676,0.4267],[120.8633,0.4258],[120.8647,0.4281],[120.8638,0.4316],[120.8612,0.4354],[120.8582,0.4357],[120.8573,0.4394],[120.8544,0.4425],[120.8443,0.4461],[120.8378,0.4464],[120.8327,0.444],[120.83,0.4404],[120.8294,0.443],[120.8238,0.4489],[120.819,0.4492],[120.8169,0.4473],[120.8088,0.4532],[120.8101,0.4581],[120.8069,0.4629],[120.8109,0.4663],[120.8107,0.475],[120.8082,0.474],[120.8075,0.4695],[120.801,0.4717],[120.7948,0.4706],[120.7952,0.4689],[120.7899,0.4605],[120.7809,0.4631],[120.7743,0.4577],[120.7679,0.4569],[120.7635,0.4597],[120.761,0.4641],[120.7587,0.4636],[120.7569,0.4651],[120.756,0.4638],[120.7554,0.4659],[120.7498,0.4666],[120.7259,0.4769],[120.7171,0.4859],[120.7176,0.4881],[120.714,0.4877],[120.7101,0.4915],[120.709,0.4963],[120.7,0.5013],[120.6879,0.5111],[120.6884,0.5133],[120.682,0.5099],[120.6692,0.5096],[120.6559,0.5151],[120.6491,0.5209],[120.6429,0.5174],[120.6337,0.5159],[120.6222,0.5196],[120.6181,0.5179],[120.6169,0.5199],[120.608,0.5215],[120.6042,0.5202],[120.6034,0.5179],[120.5995,0.5192],[120.5908,0.5162],[120.5902,0.5172],[120.5882,0.5144],[120.5779,0.5114],[120.5742,0.5087],[120.569,0.5118],[120.5576,0.5131],[120.5519,0.512],[120.5511,0.5131],[120.551,0.5115],[120.5301,0.5172],[120.5257,0.5159],[120.5237,0.5132],[120.5117,0.5139],[120.5065,0.5096],[120.4991,0.508],[120.4984,0.5126],[120.4794,0.5035],[120.4788,0.5001],[120.4748,0.497],[120.4619,0.4977],[120.4478,0.4784],[120.4368,0.4714],[120.4259,0.4718],[120.4167,0.4815],[120.4108,0.4819],[120.3977,0.4756],[120.3988,0.4728],[120.3966,0.4705],[120.3879,0.4653],[120.3755,0.4644],[120.3629,0.4593],[120.3589,0.4559],[120.3541,0.4551],[120.349,0.4496],[120.3443,0.4485],[120.3368,0.4421],[120.3334,0.441],[120.3242,0.4279],[120.3136,0.4264],[120.3128,0.4246],[120.3104,0.4243],[120.2988,0.4124],[120.2916,0.4005],[120.2923,0.392],[120.2896,0.3852],[120.2864,0.3802],[120.2821,0.379],[120.2804,0.3756],[120.2767,0.3748],[120.2779,0.3715],[120.2738,0.3692],[120.2762,0.369],[120.2766,0.3674],[120.27,0.3618],[120.2622,0.3643],[120.2576,0.3637],[120.2499,0.3542],[120.2471,0.3523],[120.2458,0.3534],[120.2427,0.3485],[120.2422,0.3444],[120.2399,0.3445],[120.2442,0.3429],[120.2451,0.3376],[120.2409,0.3311],[120.2333,0.3239],[120.2328,0.3207],[120.2294,0.3157],[120.2294,0.3117],[120.2233,0.3075],[120.2227,0.3009],[120.2152,0.2956],[120.215,0.2898],[120.202,0.2643],[120.1829,0.2529],[120.1814,0.2481],[120.174,0.243],[120.1749,0.2416],[120.1734,0.2377],[120.1669,0.2356],[120.1663,0.2311],[120.1645,0.2291],[120.1592,0.2289],[120.1577,0.2266],[120.1583,0.2203],[120.1543,0.2123],[120.1518,0.2102],[120.1501,0.2106],[120.1519,0.209],[120.1506,0.2072],[120.1462,0.2066],[120.1458,0.2025],[120.1429,0.1977],[120.1363,0.1917],[120.1338,0.1861],[120.1339,0.1818],[120.1314,0.1811],[120.1295,0.1776],[120.129,0.1712],[120.1275,0.1714],[120.1239,0.1632],[120.1254,0.1591],[120.1339,0.1534],[120.1334,0.1489],[120.1363,0.1391],[120.1349,0.1318],[120.1327,0.127],[120.1237,0.118],[120.1137,0.1127],[120.1114,0.1012],[120.106,0.0951],[120.106,0.0881],[120.1092,0.0813],[120.1078,0.0685],[120.1108,0.0627],[120.1116,0.0561],[120.1086,0.046],[120.1055,0.0449],[120.1022,0.0404],[120.0992,0.0291],[120.0992,0.0259],[120.1035,0.0178],[120.1013,0.0132],[120.1027,0.0063],[120.1017,0.0027],[120.1031,0.0011],[120.1018,-0.0071],[120.0987,-0.0115],[120.1003,-0.0158],[120.0969,-0.0197],[120.095,-0.0314],[120.092,-0.0338],[120.0883,-0.0404],[120.0705,-0.0515],[120.0665,-0.0601],[120.0538,-0.0583],[120.0511,-0.0592],[120.0494,-0.0573],[120.0503,-0.0564],[120.0479,-0.0561],[120.039,-0.0594],[120.0351,-0.0655],[120.0333,-0.0752],[120.0352,-0.0816],[120.0335,-0.0862],[120.0343,-0.0983],[120.0357,-0.1038],[120.0412,-0.1109],[120.0402,-0.1167],[120.0422,-0.1291],[120.0401,-0.1412],[120.0343,-0.1541],[120.0261,-0.1637],[120.0212,-0.1667],[120.0194,-0.1724],[120.0125,-0.1733],[120.0087,-0.1777],[120.0103,-0.1853],[120.008,-0.1883],[120.0086,-0.191],[120.0071,-0.1912],[120.0092,-0.1918],[120.0107,-0.1956],[120.0083,-0.2048],[120.0095,-0.2068],[120.0082,-0.2113],[120.0093,-0.2163],[120.008,-0.2188],[120.0091,-0.2222],[120.0053,-0.2229],[120.0047,-0.2307],[120.0115,-0.2488],[120.0075,-0.2688],[120.0075,-0.2782],[120.009,-0.2808],[120.0087,-0.2859],[120.0122,-0.2917],[120.021,-0.2955],[120.0302,-0.3037],[120.0334,-0.3153],[120.0338,-0.333],[120.0333,-0.3431],[120.0309,-0.3419],[120.0312,-0.3468],[120.0356,-0.359],[120.0346,-0.3635],[120.0383,-0.3678],[120.0375,-0.3698],[120.0351,-0.3695],[120.035,-0.3711],[120.0384,-0.3761],[120.0408,-0.3763],[120.039,-0.382],[120.0417,-0.3887],[120.0409,-0.3908],[120.0429,-0.3915],[120.046,-0.3982],[120.0504,-0.397],[120.053,-0.3988],[120.0533,-0.4036],[120.0549,-0.4045],[120.0535,-0.4061],[120.0575,-0.4133],[120.0579,-0.418],[120.0599,-0.4185],[120.0648,-0.416],[120.0631,-0.4191],[120.0661,-0.4218],[120.0657,-0.4305],[120.0706,-0.4323],[120.0685,-0.4357],[120.0723,-0.4416],[120.0706,-0.4601],[120.0667,-0.4647],[120.0658,-0.4707],[120.0551,-0.4809],[120.0494,-0.4929],[120.0499,-0.5042],[120.0535,-0.5124],[120.0519,-0.517],[120.0449,-0.517],[120.0524,-0.5173],[120.0501,-0.5273],[120.0474,-0.5313],[120.0485,-0.5356],[120.0516,-0.5394],[120.0509,-0.5462],[120.0534,-0.5515],[120.0515,-0.5653],[120.0565,-0.5721],[120.0553,-0.578],[120.0589,-0.5936],[120.0575,-0.5966],[120.0618,-0.6058],[120.0624,-0.6269],[120.0597,-0.6299],[120.0656,-0.6413],[120.0649,-0.6456],[120.0697,-0.653],[120.072,-0.6542],[120.076,-0.6667],[120.0754,-0.6693],[120.0819,-0.6771],[120.0833,-0.6856],[120.0875,-0.6938],[120.0911,-0.6954],[120.0971,-0.7035],[120.1023,-0.7058],[120.1066,-0.7188],[120.1077,-0.73],[120.11,-0.735],[120.1093,-0.7377],[120.1171,-0.7436],[120.131,-0.7587],[120.1302,-0.7639],[120.1321,-0.7672],[120.1326,-0.774],[120.1375,-0.7778],[120.1397,-0.7728],[120.1412,-0.7725],[120.1483,-0.7789],[120.1646,-0.7881],[120.1742,-0.7974],[120.1785,-0.806],[120.1883,-0.8383],[120.1937,-0.8413],[120.1988,-0.8473],[120.1984,-0.8487],[120.2045,-0.8522],[120.2095,-0.8479],[120.2145,-0.8473],[120.215,-0.8459],[120.2197,-0.8461],[120.2232,-0.8482],[120.2247,-0.8521],[120.2317,-0.86],[120.2375,-0.8724],[120.2431,-0.8768],[120.2422,-0.8804],[120.2437,-0.8824],[120.2434,-0.8857],[120.2477,-0.8919],[120.2649,-0.9018],[120.2784,-0.9126],[120.2814,-0.9212],[120.283,-0.9213],[120.2883,-0.9306],[120.2877,-0.9395],[120.2909,-0.9416]]]}},{"type":"Feature","properties":{"name":"Poso","name_en":"Poso","admin_level":"5","osm_id":""},"geometry":{"type":"Polygon","coordinates":[[[120.6766,-2.1957],[120.6684,-2.1923],[120.6223,-2.1621],[120.5864,-2.1295],[120.5803,-2.1226],[120.5782,-2.1162],[120.5433,-2.0783],[120.5397,-2.0703],[120.5028,-2.0296],[120.4839,-2.0021],[120.4839,-1.9873],[120.4808,-1.9842],[120.4798,-1.9799],[120.477,-1.9778],[120.4705,-1.9629],[120.4657,-1.9611],[120.4618,-1.9537],[120.4462,-1.9373],[120.4416,-1.9365],[120.4274,-1.9241],[120.4188,-1.9145],[120.4085,-1.8973],[120.4034,-1.8955],[120.3908,-1.8952],[120.3888,-1.8975],[120.3795,-1.9452],[120.3793,-1.9534],[120.3754,-1.9611],[120.3721,-1.9629],[120.3629,-1.9916],[120.3619,-2.0108],[120.358,-2.0129],[120.357,-2.019],[120.3493,-2.0301],[120.3447,-2.0567],[120.3398,-2.0613],[120.3349,-2.0616],[120.3173,-2.0519],[120.3111,-2.0506],[120.2916,-2.0402],[120.2824,-2.0326],[120.2706,-2.0283],[120.2383,-2.029],[120.2324,-2.0321],[120.2178,-2.0326],[120.2034,-2.0362],[120.1791,-2.0344],[120.1747,-2.0319],[120.1642,-2.0296],[120.1519,-2.0226],[120.1417,-2.0216],[120.1194,-2.0124],[120.115,-2.009],[120.1144,-2.0068],[120.1134,-1.992],[120.1104,-1.9921],[120.099,-1.9857],[120.1065,-1.965],[120.1009,-1.9588],[120.1001,-1.9511],[120.1014,-1.9425],[120.0976,-1.9349],[120.1032,-1.9166],[120.103,-1.8994],[120.1054,-1.897],[120.112,-1.8959],[120.1207,-1.9042],[120.1245,-1.9056],[120.1319,-1.8957],[120.1448,-1.8862],[120.138,-1.8727],[120.1356,-1.8714],[120.1356,-1.8645],[120.1312,-1.8618],[120.1331,-1.8609],[120.1328,-1.8585],[120.1265,-1.855],[120.1271,-1.8505],[120.1237,-1.8458],[120.1192,-1.844],[120.1208,-1.837],[120.116,-1.8356],[120.1144,-1.8316],[120.1103,-1.8339],[120.1006,-1.8236],[120.1042,-1.8212],[120.1074,-1.8155],[120.1091,-1.8154],[120.1076,-1.8031],[120.1124,-1.797],[120.1214,-1.7988],[120.1469,-1.7927],[120.1721,-1.7853],[120.1776,-1.7809],[120.177,-1.777],[120.1702,-1.7676],[120.1671,-1.7564],[120.1707,-1.7446],[120.1699,-1.7415],[120.1605,-1.7308],[120.1556,-1.7279],[120.1513,-1.7215],[120.1563,-1.7186],[120.1559,-1.7142],[120.1484,-1.6986],[120.1514,-1.6822],[120.1454,-1.6691],[120.1438,-1.6577],[120.1359,-1.6508],[120.1377,-1.6413],[120.1369,-1.629],[120.14,-1.6268],[120.146,-1.6179],[120.1446,-1.6083],[120.1408,-1.6041],[120.1403,-1.5993],[120.1424,-1.5932],[120.1431,-1.5711],[120.14,-1.5662],[120.1385,-1.5597],[120.1336,-1.5567],[120.1308,-1.5562],[120.1288,-1.5581],[120.1231,-1.5589],[120.1179,-1.5641],[120.1134,-1.5622],[120.1062,-1.5634],[120.1026,-1.5603],[120.1012,-1.5567],[120.0988,-1.5569],[120.1061,-1.543],[120.1067,-1.5355],[120.1104,-1.5296],[120.1094,-1.5239],[120.1107,-1.5199],[120.113,-1.5178],[120.1203,-1.516],[120.1279,-1.5037],[120.1306,-1.5024],[120.1364,-1.5039],[120.1371,-1.4958],[120.1438,-1.4927],[120.1511,-1.479],[120.1596,-1.4725],[120.1667,-1.4606],[120.17,-1.4577],[120.1748,-1.4565],[120.181,-1.4481],[120.1867,-1.4515],[120.1955,-1.4502],[120.203,-1.4553],[120.2142,-1.4532],[120.2192,-1.4562],[120.2217,-1.4559],[120.2267,-1.446],[120.2419,-1.4355],[120.2441,-1.4239],[120.2501,-1.4129],[120.2538,-1.4118],[120.2604,-1.4158],[120.2671,-1.4159],[120.2777,-1.4069],[120.2794,-1.3993],[120.2755,-1.3955],[120.2748,-1.3908],[120.2711,-1.3876],[120.2652,-1.3858],[120.282,-1.3844],[120.288,-1.3786],[120.2864,-1.37],[120.2881,-1.3665],[120.2875,-1.3636],[120.2825,-1.3585],[120.2764,-1.3461],[120.2715,-1.3414],[120.2652,-1.3392],[120.2607,-1.3356],[120.2574,-1.3219],[120.2403,-1.311],[120.2303,-1.2995],[120.2156,-1.2888],[120.2053,-1.2867],[120.1961,-1.2798],[120.1898,-1.2775],[120.1858,-1.2735],[120.209,-1.2636],[120.2163,-1.2545],[120.2249,-1.2511],[120.2198,-1.2435],[120.2206,-1.239],[120.2225,-1.2338],[120.232,-1.2245],[120.2483,-1.2308],[120.26,-1.2302],[120.2703,-1.2316],[120.2726,-1.2305],[120.2787,-1.2166],[120.284,-1.2115],[120.2898,-1.2017],[120.2979,-1.1987],[120.2994,-1.1959],[120.3079,-1.1923],[120.3155,-1.1901],[120.3236,-1.1939],[120.3282,-1.1868],[120.3378,-1.1894],[120.3488,-1.1856],[120.4039,-1.1592],[120.4272,-1.1497],[120.4341,-1.1526],[120.4461,-1.1462],[120.4656,-1.148],[120.4916,-1.1412],[120.4929,-1.142],[120.5025,-1.1378],[120.5118,-1.1314],[120.5301,-1.1299],[120.568,-1.1128],[120.5709,-1.1096],[120.5806,-1.1085],[120.586,-1.1119],[120.5864,-1.114],[120.5831,-1.1182],[120.5872,-1.1204],[120.5878,-1.1245],[120.5818,-1.1249],[120.5813,-1.1308],[120.5832,-1.1318],[120.5816,-1.1338],[120.5852,-1.1355],[120.5853,-1.1382],[120.5885,-1.1414],[120.5887,-1.1452],[120.593,-1.1487],[120.5931,-1.1526],[120.5913,-1.1534],[120.5932,-1.1561],[120.5932,-1.1607],[120.591,-1.164],[120.5931,-1.1683],[120.5915,-1.178],[120.5875,-1.1809],[120.5885,-1.1811],[120.5868,-1.1864],[120.5837,-1.1859],[120.5857,-1.1878],[120.5838,-1.1946],[120.58,-1.1926],[120.5774,-1.1944],[120.5758,-1.1986],[120.5714,-1.1991],[120.5723,-1.205],[120.5696,-1.208],[120.572,-1.2123],[120.5708,-1.2195],[120.5665,-1.2262],[120.5674,-1.2292],[120.565,-1.2321],[120.5677,-1.2344],[120.568,-1.2388],[120.5704,-1.2419],[120.5694,-1.2469],[120.5716,-1.2503],[120.5712,-1.2562],[120.5735,-1.2581],[120.5786,-1.2579],[120.5868,-1.2651],[120.5888,-1.2644],[120.5881,-1.2663],[120.5904,-1.265],[120.5946,-1.2697],[120.5972,-1.27],[120.6062,-1.2838],[120.6122,-1.2849],[120.6223,-1.2948],[120.6237,-1.2999],[120.6292,-1.3003],[120.6291,-1.3024],[120.6339,-1.307],[120.6382,-1.3082],[120.6377,-1.3116],[120.6404,-1.3136],[120.6413,-1.321],[120.6467,-1.3296],[120.6473,-1.3341],[120.6462,-1.3493],[120.6476,-1.3535],[120.6428,-1.3608],[120.6432,-1.3635],[120.6459,-1.3692],[120.6562,-1.3757],[120.6576,-1.3792],[120.6594,-1.3795],[120.6586,-1.3814],[120.6608,-1.3807],[120.6611,-1.3837],[120.6618,-1.3818],[120.6654,-1.3835],[120.6646,-1.3939],[120.6672,-1.3921],[120.6729,-1.3972],[120.6725,-1.4051],[120.6753,-1.4149],[120.6855,-1.4191],[120.6934,-1.4194],[120.6942,-1.4162],[120.6994,-1.4121],[120.7004,-1.4062],[120.7042,-1.3999],[120.7071,-1.3989],[120.7119,-1.4032],[120.7114,-1.3961],[120.7181,-1.3933],[120.721,-1.388],[120.7278,-1.3839],[120.7383,-1.3811],[120.7402,-1.3854],[120.7481,-1.3893],[120.753,-1.3847],[120.753,-1.3807],[120.7584,-1.3749],[120.7575,-1.3713],[120.7589,-1.3684],[120.7627,-1.365],[120.7684,-1.3685],[120.775,-1.3683],[120.7816,-1.372],[120.7847,-1.3721],[120.7884,-1.3676],[120.7882,-1.3642],[120.7901,-1.3617],[120.7894,-1.358],[120.7953,-1.3579],[120.7944,-1.3545],[120.8002,-1.3558],[120.8022,-1.3505],[120.8049,-1.3521],[120.8071,-1.3513],[120.8071,-1.3551],[120.8095,-1.3562],[120.8146,-1.3559],[120.8192,-1.3534],[120.8319,-1.3569],[120.8368,-1.3558],[120.8403,-1.3581],[120.8403,-1.3673],[120.8362,-1.3691],[120.839,-1.3865],[120.8391,-1.3901],[120.837,-1.3937],[120.8412,-1.4016],[120.8486,-1.407],[120.8526,-1.4069],[120.8589,-1.4121],[120.8644,-1.4135],[120.8831,-1.4099],[120.8852,-1.4138],[120.8905,-1.4133],[120.891,-1.4152],[120.8888,-1.4149],[120.8888,-1.4211],[120.8936,-1.4248],[120.8922,-1.4289],[120.8898,-1.4285],[120.8913,-1.4411],[120.8897,-1.4552],[120.8906,-1.4832],[120.8955,-1.4979],[120.8969,-1.5173],[120.8981,-1.5201],[120.9007,-1.52],[120.9008,-1.5228],[120.9026,-1.5236],[120.9007,-1.5276],[120.902,-1.5378],[120.9059,-1.5402],[120.9076,-1.55],[120.915,-1.5715],[120.9309,-1.5826],[120.9619,-1.6237],[120.8823,-1.6249],[120.8575,-1.6813],[120.8337,-1.7522],[120.8356,-1.7612],[120.8343,-1.7607],[120.8394,-1.7723],[120.851,-1.7882],[120.8564,-1.8084],[120.8641,-1.8257],[120.8653,-1.8341],[120.8626,-1.8393],[120.8638,-1.842],[120.8696,-1.8476],[120.8712,-1.8517],[120.8792,-1.8576],[120.8853,-1.8562],[120.8884,-1.8578],[120.8954,-1.8701],[120.8955,-1.8778],[120.8975,-1.8815],[120.9009,-1.8834],[120.9011,-1.8889],[120.9077,-1.8902],[120.9121,-1.8973],[120.9136,-1.8948],[120.916,-1.8944],[120.9211,-1.8984],[120.9245,-1.9051],[120.9283,-1.9052],[120.9297,-1.9115],[120.9285,-1.9157],[120.9238,-1.917],[120.9203,-1.9199],[120.921,-1.9234],[120.9188,-1.9338],[120.9125,-1.9388],[120.8732,-1.9919],[120.8577,-2.0098],[120.8585,-2.011],[120.8437,-2.0309],[120.8409,-2.038],[120.8298,-2.0946],[120.8325,-2.1229],[120.8316,-2.1218],[120.8387,-2.156],[120.8415,-2.1832],[120.8421,-2.2184],[120.805,-2.2253],[120.791,-2.2385],[120.7566,-2.239],[120.7423,-2.2303],[120.7256,-2.2267],[120.7174,-2.2233],[120.6992,-2.2108],[120.6853,-2.2054],[120.6766,-2.1957]]]}},{"type":"Feature","properties":{"name":"Sigi","name_en":"Sigi","admin_level":"5","osm_id":""},"geometry":{"type":"Polygon","coordinates":[[[119.8697,-1.942],[119.8707,-1.9378],[119.8633,-1.935],[119.8605,-1.928],[119.8631,-1.92],[119.8605,-1.9158],[119.8657,-1.9118],[119.8691,-1.8904],[119.8658,-1.8813],[119.8593,-1.8803],[119.8569,-1.8765],[119.8736,-1.8652],[119.8754,-1.8624],[119.8672,-1.8499],[119.8689,-1.8423],[119.8624,-1.8362],[119.8579,-1.8221],[119.8627,-1.8165],[119.859,-1.8088],[119.8605,-1.8011],[119.8651,-1.7949],[119.8657,-1.7884],[119.8711,-1.7815],[119.8709,-1.7775],[119.8661,-1.7709],[119.8614,-1.7724],[119.8548,-1.7699],[119.8438,-1.7755],[119.8357,-1.7698],[119.8269,-1.7674],[119.8224,-1.763],[119.8201,-1.7581],[119.8146,-1.755],[119.8146,-1.7493],[119.809,-1.7413],[119.8045,-1.7437],[119.7975,-1.7392],[119.7925,-1.7303],[119.7943,-1.7246],[119.792,-1.7211],[119.7788,-1.7123],[119.7765,-1.7091],[119.7765,-1.7045],[119.7794,-1.7003],[119.7789,-1.69],[119.7643,-1.6786],[119.7594,-1.6685],[119.7598,-1.6593],[119.7513,-1.6531],[119.7505,-1.6434],[119.7362,-1.6434],[119.7299,-1.645],[119.7278,-1.6435],[119.7262,-1.635],[119.7288,-1.627],[119.7271,-1.6223],[119.7334,-1.6178],[119.7357,-1.6139],[119.7334,-1.605],[119.7153,-1.5922],[119.7097,-1.5824],[119.71,-1.5768],[119.7033,-1.5727],[119.7013,-1.5661],[119.692,-1.5648],[119.6897,-1.5629],[119.6889,-1.558],[119.6857,-1.5539],[119.6727,-1.5464],[119.671,-1.5431],[119.6735,-1.5356],[119.6685,-1.5335],[119.6666,-1.5305],[119.6664,-1.5256],[119.6687,-1.5211],[119.6693,-1.5142],[119.6805,-1.4945],[119.6801,-1.4903],[119.6848,-1.4853],[119.6866,-1.4774],[119.6934,-1.4727],[119.6926,-1.467],[119.7005,-1.4587],[119.697,-1.4525],[119.71,-1.434],[119.7182,-1.4322],[119.7279,-1.4203],[119.7405,-1.429],[119.7511,-1.4284],[119.7539,-1.4258],[119.7636,-1.4235],[119.7545,-1.404],[119.7474,-1.3839],[119.7382,-1.3769],[119.7315,-1.3667],[119.7286,-1.3591],[119.728,-1.3475],[119.731,-1.3433],[119.7344,-1.3334],[119.7435,-1.3224],[119.7439,-1.3105],[119.7505,-1.2907],[119.7507,-1.2854],[119.7482,-1.2754],[119.7429,-1.2637],[119.7449,-1.2553],[119.7532,-1.239],[119.7676,-1.2331],[119.7694,-1.2268],[119.7665,-1.2194],[119.7747,-1.2097],[119.7696,-1.1978],[119.7774,-1.1937],[119.7797,-1.1895],[119.787,-1.1854],[119.7868,-1.1724],[119.7907,-1.1721],[119.7912,-1.1705],[119.7894,-1.1644],[119.7936,-1.1559],[119.7936,-1.1512],[119.8052,-1.1427],[119.8061,-1.1345],[119.8048,-1.1328],[119.8009,-1.1333],[119.7959,-1.1309],[119.7959,-1.1207],[119.799,-1.1017],[119.8042,-1.0886],[119.8005,-1.0878],[119.7965,-1.084],[119.7951,-1.0781],[119.79,-1.0763],[119.7847,-1.0675],[119.784,-1.0573],[119.7795,-1.0424],[119.7673,-1.03],[119.7612,-1.0268],[119.7593,-1.0164],[119.7535,-1.0087],[119.7504,-1.0073],[119.74,-1.0083],[119.737,-1.0095],[119.7301,-1.0171],[119.7248,-1.0112],[119.7225,-1.0061],[119.7195,-1.005],[119.7121,-1.012],[119.7124,-1.0181],[119.704,-1.0197],[119.6829,-1.0145],[119.6747,-1.0082],[119.6707,-0.997],[119.6652,-0.9947],[119.6605,-0.9884],[119.6546,-0.989],[119.6497,-0.9936],[119.6506,-0.9799],[119.6479,-0.9695],[119.6508,-0.9566],[119.653,-0.9563],[119.6543,-0.9512],[119.6609,-0.9511],[119.6725,-0.9409],[119.6894,-0.9383],[119.695,-0.9392],[119.7054,-0.9354],[119.7238,-0.9082],[119.731,-0.9005],[119.7396,-0.9145],[119.7456,-0.919],[119.7516,-0.9099],[119.7538,-0.909],[119.7602,-0.9077],[119.7653,-0.9089],[119.7692,-0.9069],[119.7733,-0.9073],[119.7846,-0.9041],[119.7824,-0.9033],[119.781,-0.8992],[119.7823,-0.8903],[119.7863,-0.8832],[119.7961,-0.8713],[119.8005,-0.8691],[119.8108,-0.8677],[119.8171,-0.8732],[119.8223,-0.8741],[119.8247,-0.8817],[119.8272,-0.9046],[119.8325,-0.9048],[119.8327,-0.9098],[119.8278,-0.9111],[119.8307,-0.9418],[119.8512,-0.9347],[119.8621,-0.9331],[119.8622,-0.9253],[119.8759,-0.9226],[119.8806,-0.9266],[119.8815,-0.9323],[119.8859,-0.932],[119.905,-0.9429],[119.9333,-0.9444],[119.9372,-0.9409],[119.9293,-0.9208],[119.948,-0.9131],[119.9548,-0.9144],[119.9583,-0.917],[119.964,-0.9129],[119.9765,-0.9132],[119.9959,-0.9042],[120.0034,-0.9026],[120.0057,-0.8996],[120.0098,-0.8983],[120.0094,-0.8953],[120.0182,-0.8957],[120.0169,-0.893],[120.0174,-0.8885],[120.0234,-0.8829],[120.0314,-0.8927],[120.0361,-0.8928],[120.0469,-0.8973],[120.0511,-0.9018],[120.0653,-0.9097],[120.0665,-0.9121],[120.0697,-0.9105],[120.072,-0.9132],[120.0681,-0.9199],[120.0697,-0.923],[120.068,-0.9322],[120.0691,-0.9387],[120.0666,-0.943],[120.066,-0.9517],[120.0573,-0.9675],[120.0662,-0.9699],[120.0691,-0.9747],[120.0733,-0.9773],[120.0744,-0.9851],[120.0784,-0.9877],[120.0788,-0.9903],[120.0761,-0.9975],[120.0777,-0.9996],[120.0736,-1.0083],[120.0803,-1.011],[120.0762,-1.0173],[120.0808,-1.0158],[120.0941,-1.0196],[120.0988,-1.0271],[120.1057,-1.0176],[120.1128,-1.0161],[120.1153,-1.0228],[120.1182,-1.0231],[120.1194,-1.0322],[120.1252,-1.0379],[120.1256,-1.0411],[120.1289,-1.0444],[120.1473,-1.0428],[120.1514,-1.045],[120.1513,-1.0493],[120.1588,-1.0538],[120.1603,-1.0499],[120.1663,-1.0477],[120.1838,-1.0639],[120.1922,-1.0646],[120.1953,-1.0634],[120.1984,-1.0546],[120.201,-1.056],[120.2027,-1.0543],[120.2098,-1.0618],[120.2189,-1.0654],[120.2186,-1.0731],[120.2266,-1.0814],[120.2307,-1.0921],[120.2245,-1.1046],[120.2272,-1.1119],[120.2249,-1.1171],[120.2283,-1.1256],[120.2326,-1.1298],[120.2394,-1.1332],[120.2478,-1.1324],[120.2561,-1.1353],[120.2672,-1.1518],[120.272,-1.1513],[120.2779,-1.1431],[120.2831,-1.1421],[120.2849,-1.1376],[120.2931,-1.133],[120.3062,-1.1356],[120.3124,-1.1343],[120.3269,-1.137],[120.3357,-1.1465],[120.3375,-1.1531],[120.34,-1.1551],[120.3422,-1.1539],[120.3462,-1.1461],[120.349,-1.1445],[120.3576,-1.1472],[120.3535,-1.1552],[120.3487,-1.1593],[120.3433,-1.168],[120.3408,-1.1784],[120.3421,-1.1869],[120.3332,-1.189],[120.3282,-1.1868],[120.3236,-1.1939],[120.3133,-1.1901],[120.2898,-1.2017],[120.284,-1.2115],[120.2787,-1.2166],[120.2726,-1.2305],[120.2703,-1.2316],[120.26,-1.2302],[120.2483,-1.2308],[120.232,-1.2245],[120.2225,-1.2338],[120.2206,-1.239],[120.2198,-1.2435],[120.2249,-1.2511],[120.2163,-1.2545],[120.209,-1.2636],[120.1858,-1.2735],[120.1898,-1.2775],[120.1961,-1.2798],[120.2053,-1.2867],[120.2156,-1.2888],[120.2303,-1.2995],[120.2403,-1.311],[120.2574,-1.3219],[120.2607,-1.3356],[120.2652,-1.3392],[120.2715,-1.3414],[120.2764,-1.3461],[120.2825,-1.3585],[120.2875,-1.3636],[120.2881,-1.3665],[120.2864,-1.37],[120.288,-1.3786],[120.282,-1.3844],[120.2652,-1.3858],[120.2711,-1.3876],[120.2748,-1.3908],[120.2755,-1.3955],[120.2794,-1.3993],[120.2777,-1.4069],[120.2671,-1.4159],[120.2604,-1.4158],[120.2538,-1.4118],[120.2501,-1.4129],[120.2441,-1.4239],[120.2419,-1.4355],[120.2267,-1.446],[120.2217,-1.4559],[120.2192,-1.4562],[120.2142,-1.4532],[120.203,-1.4553],[120.1955,-1.4502],[120.1867,-1.4515],[120.181,-1.4481],[120.1748,-1.4565],[120.17,-1.4577],[120.1667,-1.4606],[120.1596,-1.4725],[120.1511,-1.479],[120.1438,-1.4927],[120.1371,-1.4958],[120.1364,-1.5039],[120.1306,-1.5024],[120.1279,-1.5037],[120.1203,-1.516],[120.113,-1.5178],[120.1107,-1.5199],[120.1094,-1.5239],[120.1104,-1.5296],[120.1067,-1.5355],[120.1061,-1.543],[120.0988,-1.5569],[120.1012,-1.5567],[120.1026,-1.5603],[120.1062,-1.5634],[120.1134,-1.5622],[120.1179,-1.5641],[120.1231,-1.5589],[120.1288,-1.5581],[120.1308,-1.5562],[120.1336,-1.5567],[120.1385,-1.5597],[120.14,-1.5662],[120.1431,-1.5711],[120.1424,-1.5932],[120.1403,-1.5993],[120.1408,-1.6041],[120.1446,-1.6083],[120.146,-1.6179],[120.14,-1.6268],[120.1369,-1.629],[120.1377,-1.6413],[120.1359,-1.6508],[120.1438,-1.6577],[120.1454,-1.6691],[120.1514,-1.6822],[120.1484,-1.6986],[120.1559,-1.7142],[120.1563,-1.7186],[120.1513,-1.7215],[120.1556,-1.7279],[120.1605,-1.7308],[120.1699,-1.7415],[120.1707,-1.7446],[120.1671,-1.7564],[120.1702,-1.7676],[120.177,-1.777],[120.1776,-1.7809],[120.1721,-1.7853],[120.1469,-1.7927],[120.1214,-1.7988],[120.1124,-1.797],[120.1076,-1.8031],[120.1091,-1.8154],[120.1074,-1.8155],[120.1042,-1.8212],[120.1006,-1.8236],[120.1103,-1.8339],[120.1144,-1.8316],[120.116,-1.8356],[120.1208,-1.837],[120.1192,-1.844],[120.1237,-1.8458],[120.1271,-1.8505],[120.1265,-1.855],[120.1328,-1.8585],[120.1331,-1.8609],[120.1312,-1.8618],[120.1356,-1.8645],[120.1356,-1.8714],[120.138,-1.8727],[120.1448,-1.8862],[120.1319,-1.8957],[120.1245,-1.9056],[120.1207,-1.9042],[120.112,-1.8959],[120.1054,-1.897],[120.103,-1.8994],[120.1032,-1.9166],[120.0976,-1.9349],[120.1014,-1.9425],[120.1001,-1.9511],[120.1009,-1.9588],[120.1065,-1.965],[120.099,-1.9857],[120.0853,-1.9797],[120.0613,-1.9809],[120.0535,-1.9822],[120.0509,-1.9848],[120.0408,-1.9805],[120.0339,-1.9726],[120.0216,-1.9677],[120.0157,-1.97],[120.01,-1.9644],[119.9913,-1.966],[119.9838,-1.9736],[119.972,-1.975],[119.9684,-1.9773],[119.9645,-1.9896],[119.9638,-2.0003],[119.9555,-2.0038],[119.9523,-2.0094],[119.9445,-2.0155],[119.9452,-2.0202],[119.9438,-2.0224],[119.9452,-2.0273],[119.944,-2.0293],[119.9393,-2.0308],[119.9366,-2.0352],[119.9304,-2.0375],[119.9244,-2.0339],[119.9207,-2.0337],[119.9091,-2.0534],[119.9003,-2.0554],[119.8968,-2.054],[119.8938,-2.0489],[119.8911,-2.0497],[119.8839,-2.0462],[119.8793,-2.038],[119.8716,-2.0345],[119.8684,-2.0284],[119.8734,-2.0211],[119.8661,-2.0114],[119.8704,-1.9998],[119.8676,-1.9844],[119.8677,-1.9678],[119.8638,-1.9612],[119.8676,-1.9528],[119.8656,-1.9497],[119.8697,-1.942]]]}},{"type":"Feature","properties":{"name":"TojoUna-Una","name_en":"TojoUna-Una","admin_level":"5","osm_id":""},"geometry":{"type":"Polygon","coordinates":[[[121.1676,-1.5534],[121.1585,-1.5617],[121.1583,-1.5659],[121.1614,-1.5695],[121.1615,-1.5749],[121.1435,-1.572],[121.1258,-1.5728],[121.0737,-1.5804],[121.0201,-1.6187],[121.0071,-1.6242],[120.9826,-1.6225],[120.9619,-1.6237],[120.9309,-1.5826],[120.915,-1.5715],[120.9076,-1.55],[120.9059,-1.5402],[120.902,-1.5378],[120.9007,-1.5276],[120.9026,-1.5236],[120.9008,-1.5228],[120.9007,-1.52],[120.8981,-1.5201],[120.8969,-1.5173],[120.8955,-1.4979],[120.8906,-1.4832],[120.8897,-1.4552],[120.8913,-1.4411],[120.8898,-1.4285],[120.8922,-1.4289],[120.8936,-1.4248],[120.8888,-1.4211],[120.8888,-1.4149],[120.891,-1.4152],[120.8893,-1.4107],[120.9132,-1.4172],[120.9296,-1.4131],[120.9312,-1.4144],[120.9304,-1.4129],[120.95,-1.4149],[120.9647,-1.4116],[120.9819,-1.3991],[120.9934,-1.4056],[121.0008,-1.4134],[121.0175,-1.4197],[121.0321,-1.4187],[121.0354,-1.4175],[121.0397,-1.4128],[121.0415,-1.4173],[121.0385,-1.4209],[121.0391,-1.4339],[121.0478,-1.432],[121.0589,-1.44],[121.0639,-1.4398],[121.069,-1.4362],[121.0767,-1.4353],[121.0826,-1.4388],[121.0916,-1.4398],[121.0979,-1.4364],[121.1009,-1.4376],[121.1034,-1.4352],[121.1041,-1.4318],[121.1124,-1.429],[121.1212,-1.4209],[121.125,-1.4156],[121.1253,-1.4086],[121.1301,-1.4061],[121.1327,-1.402],[121.1323,-1.3931],[121.1364,-1.3832],[121.1413,-1.3779],[121.1518,-1.3722],[121.1575,-1.3666],[121.1635,-1.3672],[121.1636,-1.357],[121.1614,-1.3486],[121.1664,-1.3439],[121.1681,-1.3383],[121.1739,-1.3324],[121.1798,-1.3292],[121.182,-1.3255],[121.1814,-1.3191],[121.1845,-1.306],[121.1881,-1.3042],[121.1886,-1.299],[121.1945,-1.2946],[121.1948,-1.2911],[121.1928,-1.2873],[121.1957,-1.2819],[121.1943,-1.2719],[121.1986,-1.2668],[121.2085,-1.2615],[121.2056,-1.2533],[121.2061,-1.2457],[121.2043,-1.2456],[121.2042,-1.2366],[121.2055,-1.2346],[121.2118,-1.2321],[121.2168,-1.2234],[121.2166,-1.2205],[121.2204,-1.2171],[121.2232,-1.2168],[121.2243,-1.2132],[121.2208,-1.2089],[121.2227,-1.2025],[121.225,-1.2031],[121.2293,-1.1999],[121.2303,-1.1966],[121.2326,-1.1953],[121.2325,-1.1928],[121.2362,-1.1944],[121.2397,-1.1921],[121.2459,-1.193],[121.2487,-1.1901],[121.2499,-1.1838],[121.2542,-1.1778],[121.2545,-1.1748],[121.2622,-1.169],[121.2645,-1.1643],[121.2717,-1.1648],[121.2796,-1.1588],[121.2822,-1.1541],[121.2823,-1.1481],[121.286,-1.1465],[121.2837,-1.1429],[121.2883,-1.137],[121.295,-1.1326],[121.2965,-1.124],[121.2945,-1.121],[121.2952,-1.116],[121.3015,-1.1119],[121.3027,-1.1059],[121.3081,-1.0984],[121.3147,-1.0948],[121.3284,-1.0793],[121.3377,-1.0633],[121.3426,-1.0612],[121.3518,-1.0522],[121.3794,-1.0346],[121.3872,-1.0385],[121.3923,-1.035],[121.3959,-1.0229],[121.3994,-1.0192],[121.3977,-1.0155],[121.4,-1.0106],[121.3963,-1.005],[121.4039,-0.9987],[121.4062,-0.9989],[121.4076,-0.997],[121.4094,-0.9989],[121.4083,-0.9963],[121.4137,-0.9923],[121.4438,-0.9783],[121.4493,-0.9731],[121.4596,-0.9565],[121.46,-0.9501],[121.4576,-0.9454],[121.4671,-0.9375],[121.4685,-0.9297],[121.4716,-0.925],[121.4715,-0.9204],[121.4737,-0.9175],[121.4737,-0.9101],[121.477,-0.9038],[121.4806,-0.9039],[121.4798,-0.9001],[121.4917,-0.8996],[121.4945,-0.8965],[121.4946,-0.893],[121.5014,-0.8874],[121.5053,-0.8862],[121.5075,-0.8882],[121.5095,-0.8851],[121.5223,-0.8851],[121.5385,-0.8732],[121.5514,-0.8744],[121.5614,-0.867],[121.5715,-0.8676],[121.5783,-0.8659],[121.5839,-0.8676],[121.5888,-0.866],[121.5977,-0.8574],[121.6012,-0.8506],[121.6009,-0.8443],[121.60027777777778,-0.844122222222224],[121.6003,-0.8441],[121.6002,-0.8441],[121.6002,-0.8441],[121.596,-0.8429],[121.5949,-0.8418],[121.5971,-0.8383],[121.5935,-0.8375],[121.5962,-0.8351],[121.5924,-0.8346],[121.5896,-0.8362],[121.5969,-0.8252],[121.6075,-0.8268],[121.617,-0.8154],[121.6204,-0.8149],[121.6336,-0.8071],[121.6459,-0.8063],[121.6541,-0.8021],[121.657,-0.808],[121.6602,-0.8088],[121.6631,-0.8127],[121.6646,-0.82],[121.6652,-0.8385],[121.6629,-0.8471],[121.6658,-0.8526],[121.6682,-0.8541],[121.669,-0.8577],[121.6636,-0.8651],[121.6646,-0.8679],[121.6607,-0.8777],[121.662,-0.8808],[121.6575,-0.8844],[121.6554,-0.9086],[121.6573,-0.9133],[121.6599,-0.9131],[121.6644,-0.9154],[121.6667,-0.9217],[121.6798,-0.9211],[121.6836,-0.9259],[121.6898,-0.9237],[121.6932,-0.926],[121.6963,-0.9261],[121.6974,-0.9316],[121.7015,-0.9321],[121.7111,-0.9407],[121.7118,-0.9421],[121.7087,-0.9471],[121.7099,-0.9495],[121.7188,-0.9531],[121.7207,-0.9516],[121.7259,-0.9534],[121.7298,-0.952],[121.7366,-0.9593],[121.746,-0.9637],[121.7537,-0.965],[121.7606,-0.971],[121.7676,-0.9702],[121.7702,-0.9718],[121.7781,-0.9706],[121.7933,-0.9604],[121.8072,-0.9635],[121.8097,-0.9618],[121.8111,-0.9579],[121.8144,-0.9562],[121.8228,-0.957],[121.8254,-0.9596],[121.8268,-0.9645],[121.8337,-0.9682],[121.835,-0.9681],[121.8344,-0.9617],[121.8425,-0.962],[121.8526,-1.0476],[121.8856,-1.1173],[121.8985,-1.1489],[121.9246,-1.143],[121.9293,-1.1391],[121.9369,-1.1374],[121.9423,-1.1337],[121.9399,-1.1289],[121.9413,-1.1269],[121.9477,-1.1275],[121.9498,-1.1253],[121.9502,-1.1196],[121.9522,-1.1179],[121.9511,-1.116],[121.9489,-1.1168],[121.9492,-1.1135],[121.9559,-1.1105],[121.9563,-1.1145],[121.9601,-1.1142],[121.9609,-1.1174],[121.9636,-1.1193],[121.9668,-1.1182],[121.9666,-1.12],[121.9701,-1.1231],[121.9727,-1.1221],[121.9749,-1.1232],[121.9756,-1.1221],[121.9883,-1.1231],[121.9905,-1.1274],[121.9952,-1.126],[121.9969,-1.13],[122.0005,-1.1279],[122.0032,-1.1284],[122.0031,-1.1329],[122.0061,-1.1315],[122.0073,-1.133],[122.0062,-1.1423],[122.019,-1.1408],[122.026,-1.131],[122.031,-1.12],[122.0432,-1.14],[122.0545,-1.1762],[122.0822,-1.2105],[122.0788,-1.2105],[122.0784,-1.212],[122.0813,-1.215],[122.0811,-1.2184],[122.0843,-1.2179],[122.0881,-1.2235],[122.0927,-1.226],[122.0963,-1.2369],[122.0956,-1.2392],[122.1008,-1.249],[122.0972,-1.2668],[122.0891,-1.2823],[122.0848,-1.3002],[122.0481,-1.3326],[122.0418,-1.3463],[122.0374,-1.3513],[122.0313,-1.3481],[122.0271,-1.3404],[122.0232,-1.3387],[122.0153,-1.339],[122.0119,-1.3362],[122.0074,-1.3385],[122.0096,-1.3462],[121.9996,-1.3552],[121.9947,-1.3514],[121.9904,-1.3517],[121.98,-1.3478],[121.9728,-1.342],[121.9723,-1.3391],[121.9748,-1.3359],[121.9744,-1.3341],[121.9652,-1.3325],[121.962,-1.3277],[121.9628,-1.3218],[121.9652,-1.322],[121.9655,-1.3208],[121.9614,-1.3175],[121.9619,-1.3139],[121.96,-1.3095],[121.9625,-1.3071],[121.963,-1.3024],[121.9652,-1.3017],[121.9632,-1.3],[121.9651,-1.2988],[121.9634,-1.2978],[121.9635,-1.2946],[121.9682,-1.2914],[121.9633,-1.29],[121.9639,-1.2847],[121.9533,-1.2857],[121.9493,-1.2828],[121.9322,-1.2875],[121.93,-1.2957],[121.9237,-1.2994],[121.9147,-1.2951],[121.909,-1.3009],[121.8985,-1.3011],[121.8902,-1.3069],[121.883,-1.3029],[121.8735,-1.3041],[121.8695,-1.3083],[121.8691,-1.3157],[121.8494,-1.3159],[121.8401,-1.3112],[121.8319,-1.3132],[121.8279,-1.3064],[121.8232,-1.306],[121.804,-1.324],[121.8008,-1.3254],[121.7788,-1.3305],[121.7696,-1.3298],[121.7623,-1.3328],[121.7497,-1.3338],[121.7345,-1.3461],[121.7243,-1.3589],[121.7115,-1.3629],[121.6909,-1.3625],[121.6817,-1.3654],[121.6637,-1.3644],[121.6537,-1.377],[121.6435,-1.3867],[121.6306,-1.3929],[121.6287,-1.3958],[121.6146,-1.4062],[121.5896,-1.4142],[121.5872,-1.4182],[121.5706,-1.425],[121.5481,-1.406],[121.5405,-1.4031],[121.5257,-1.4014],[121.5184,-1.3979],[121.5149,-1.3837],[121.5062,-1.3758],[121.5029,-1.3745],[121.4884,-1.3755],[121.4748,-1.3744],[121.4752,-1.3777],[121.4748,-1.3754],[121.4662,-1.3988],[121.466,-1.4049],[121.4327,-1.4049],[121.4031,-1.4353],[121.3764,-1.4523],[121.3603,-1.4568],[121.352,-1.4731],[121.2978,-1.4729],[121.2751,-1.4713],[121.2619,-1.4731],[121.2257,-1.4995],[121.2273,-1.5084],[121.2209,-1.5161],[121.2153,-1.5168],[121.2084,-1.5095],[121.191,-1.5161],[121.185,-1.522],[121.1754,-1.543],[121.1676,-1.5534]]]}},{"type":"Feature","properties":{"name":"Toli-Toli","name_en":"Toli-Toli","admin_level":"5","osm_id":""},"geometry":{"type":"Polygon","coordinates":[[[120.1927,0.6246],[120.1934,0.6384],[120.1962,0.6466],[120.1959,0.6581],[120.1989,0.6638],[120.1999,0.6734],[120.1966,0.7006],[120.1889,0.7065],[120.1839,0.7076],[120.1783,0.7133],[120.1521,0.7242],[120.1498,0.7273],[120.1466,0.7285],[120.1396,0.7382],[120.1383,0.742],[120.1394,0.7431],[120.1377,0.744],[120.1367,0.748],[120.1614,0.7545],[120.1713,0.7549],[120.1725,0.7532],[120.1717,0.755],[120.1779,0.7566],[120.1889,0.7649],[120.1914,0.7643],[120.1891,0.7656],[120.2027,0.7728],[120.2304,0.792],[120.2389,0.8019],[120.242,0.8155],[120.2446,0.8193],[120.246,0.834],[120.2452,0.8383],[120.2428,0.8409],[120.2405,0.8776],[120.2354,0.8816],[120.2346,0.8863],[120.237,0.8954],[120.2396,0.8967],[120.2416,0.9033],[120.2403,0.9214],[120.2435,0.9222],[120.2523,0.9376],[120.2471,0.9577],[120.2483,0.9602],[120.2544,0.9578],[120.2595,0.9586],[120.2631,0.9612],[120.2636,0.9655],[120.2661,0.9657],[120.2647,0.9689],[120.2756,0.969],[120.2791,0.9807],[120.2844,0.9765],[120.282,0.9836],[120.2802,0.9842],[120.2809,0.9854],[120.2846,0.9861],[120.3011,0.9815],[120.3113,0.9823],[120.3202,0.9856],[120.3242,0.9835],[120.3294,0.9838],[120.3364,0.9816],[120.3419,0.9846],[120.3541,0.9842],[120.3541,0.9806],[120.3503,0.9802],[120.3468,0.9758],[120.3465,0.974],[120.3487,0.973],[120.352,0.9749],[120.355,0.9737],[120.3532,0.969],[120.348,0.9701],[120.3456,0.968],[120.3456,0.9628],[120.3498,0.9619],[120.3486,0.9592],[120.3455,0.9594],[120.3449,0.9587],[120.3467,0.951],[120.3432,0.9451],[120.3413,0.945],[120.3403,0.9416],[120.3421,0.9367],[120.3419,0.9313],[120.339,0.9287],[120.339,0.9263],[120.3415,0.9189],[120.3379,0.9099],[120.3401,0.9029],[120.3404,0.8922],[120.3387,0.8928],[120.3361,0.8846],[120.3299,0.878],[120.3311,0.8663],[120.3267,0.8604],[120.3271,0.8549],[120.3287,0.8513],[120.3426,0.8415],[120.35,0.8401],[120.3521,0.838],[120.3605,0.837],[120.3573,0.8331],[120.3569,0.8295],[120.3581,0.8282],[120.3605,0.8293],[120.3634,0.8283],[120.3658,0.83],[120.3657,0.8365],[120.3653,0.8392],[120.3621,0.8416],[120.3655,0.846],[120.365,0.8521],[120.3675,0.8576],[120.3674,0.8646],[120.3697,0.8671],[120.3738,0.8668],[120.3761,0.8619],[120.3734,0.8437],[120.3749,0.829],[120.3806,0.8232],[120.3838,0.8169],[120.3851,0.8043],[120.3973,0.7922],[120.4044,0.7903],[120.4162,0.7929],[120.4328,0.7894],[120.4483,0.7819],[120.4739,0.778],[120.4774,0.7794],[120.4823,0.786],[120.4881,0.7902],[120.4955,0.7931],[120.5186,0.7934],[120.5302,0.791],[120.5343,0.7923],[120.5454,0.7816],[120.5442,0.7795],[120.5457,0.7817],[120.5518,0.7779],[120.5565,0.7704],[120.5574,0.7678],[120.5551,0.7712],[120.5493,0.7735],[120.555,0.7706],[120.5478,0.7611],[120.5465,0.7585],[120.5472,0.7557],[120.5524,0.7566],[120.5633,0.7548],[120.5709,0.7532],[120.571,0.7508],[120.571,0.7535],[120.5744,0.7554],[120.5757,0.7502],[120.5772,0.7496],[120.5774,0.7509],[120.5865,0.7523],[120.5875,0.7505],[120.5929,0.7493],[120.5969,0.7534],[120.591,0.7581],[120.5923,0.7643],[120.5852,0.7648],[120.5837,0.7668],[120.5794,0.768],[120.582,0.7701],[120.5798,0.7709],[120.5789,0.7732],[120.5778,0.769],[120.5761,0.7677],[120.5739,0.7696],[120.5761,0.7761],[120.5835,0.7831],[120.5906,0.7941],[120.5948,0.7961],[120.5976,0.7938],[120.6018,0.8021],[120.5972,0.8048],[120.5959,0.8073],[120.5967,0.8093],[120.5995,0.8074],[120.6055,0.8109],[120.6072,0.807],[120.6103,0.8093],[120.6077,0.8144],[120.613,0.8209],[120.6072,0.8247],[120.603,0.8216],[120.5999,0.8279],[120.6025,0.8316],[120.6007,0.8323],[120.6009,0.8344],[120.5976,0.8355],[120.5979,0.8392],[120.6013,0.8444],[120.6063,0.8484],[120.605,0.8519],[120.6071,0.856],[120.6115,0.8586],[120.6087,0.8592],[120.6098,0.8615],[120.605,0.8637],[120.6037,0.872],[120.606,0.8759],[120.6107,0.8755],[120.6107,0.8807],[120.6134,0.8826],[120.6171,0.8922],[120.62,0.8921],[120.621,0.8959],[120.6198,0.8983],[120.6219,0.9042],[120.6245,0.9058],[120.6231,0.9126],[120.6318,0.9108],[120.632,0.9129],[120.6348,0.9144],[120.6356,0.9182],[120.6381,0.919],[120.6347,0.9331],[120.6352,0.9371],[120.637,0.9369],[120.6353,0.9377],[120.6353,0.9395],[120.6385,0.9384],[120.6411,0.9423],[120.6446,0.9432],[120.6473,0.9411],[120.6548,0.9435],[120.6575,0.9416],[120.6575,0.9451],[120.6706,0.95],[120.6644,0.9513],[120.6632,0.9529],[120.6701,0.9579],[120.6686,0.9599],[120.669,0.9614],[120.671,0.9612],[120.6695,0.9634],[120.6702,0.9657],[120.6767,0.9646],[120.6751,0.9596],[120.6773,0.9556],[120.6761,0.9542],[120.6785,0.9535],[120.6789,0.9505],[120.6823,0.9497],[120.6814,0.953],[120.689,0.9535],[120.6874,0.9555],[120.6887,0.9558],[120.6864,0.9574],[120.6827,0.9572],[120.6836,0.9585],[120.6807,0.9612],[120.6832,0.9618],[120.6926,0.9568],[120.6912,0.9609],[120.6946,0.9591],[120.6974,0.9612],[120.6948,0.9613],[120.694,0.9631],[120.6959,0.9659],[120.6927,0.9657],[120.6929,0.9634],[120.6919,0.9649],[120.6905,0.9639],[120.6867,0.9715],[120.6824,0.9683],[120.6787,0.9701],[120.6823,0.9754],[120.6862,0.9762],[120.6866,0.9788],[120.6918,0.9822],[120.6916,0.9839],[120.6944,0.9842],[120.697,0.9869],[120.7001,0.9858],[120.6976,0.9797],[120.7,0.9783],[120.7011,0.9749],[120.7019,0.9786],[120.7005,0.9803],[120.7036,0.9863],[120.7057,0.9819],[120.7035,0.981],[120.7054,0.9784],[120.7079,0.9798],[120.708,0.9778],[120.7063,0.9768],[120.7071,0.9744],[120.7119,0.9741],[120.7121,0.9766],[120.7143,0.9749],[120.7153,0.9763],[120.7175,0.9752],[120.7174,0.9781],[120.7228,0.9728],[120.721,0.9721],[120.7199,0.9629],[120.7125,0.9592],[120.7053,0.9616],[120.7126,0.958],[120.7147,0.959],[120.7175,0.9578],[120.7247,0.9652],[120.7322,0.9616],[120.7292,0.9635],[120.7316,0.9649],[120.7273,0.9657],[120.725,0.9712],[120.7307,0.9686],[120.7319,0.9705],[120.7272,0.9731],[120.7298,0.9739],[120.73,0.9773],[120.7332,0.979],[120.735,0.9741],[120.7373,0.9764],[120.7379,0.9748],[120.7442,0.9753],[120.7418,0.9759],[120.7419,0.9797],[120.7392,0.9789],[120.7373,0.9802],[120.7373,0.9841],[120.7406,0.9859],[120.7383,0.9873],[120.7383,0.9897],[120.7399,0.989],[120.7417,0.9908],[120.7418,0.9924],[120.7389,0.9942],[120.7411,0.9953],[120.7422,0.9933],[120.7479,0.9935],[120.7471,0.9962],[120.7495,1.0014],[120.7522,1.0012],[120.7549,1.0056],[120.7596,1.004],[120.7609,1.0058],[120.7585,1.0106],[120.7652,1.0129],[120.7753,1.0216],[120.7771,1.0217],[120.7766,1.0237],[120.781,1.0255],[120.7851,1.0303],[120.7936,1.0304],[120.8032,1.0282],[120.8087,1.0289],[120.8101,1.0343],[120.8086,1.0351],[120.8085,1.0427],[120.8108,1.045],[120.8092,1.0463],[120.8097,1.0479],[120.8059,1.0524],[120.8014,1.0525],[120.7995,1.0502],[120.7958,1.0535],[120.7984,1.0618],[120.7971,1.0678],[120.801,1.075],[120.7984,1.0808],[120.8007,1.082],[120.7985,1.081],[120.7972,1.0891],[120.7891,1.1035],[120.7866,1.1052],[120.7843,1.1034],[120.7824,1.1038],[120.777,1.1082],[120.7769,1.1108],[120.7842,1.1198],[120.7868,1.1299],[120.7909,1.1379],[120.7894,1.1419],[120.7876,1.1424],[120.7882,1.1641],[120.7924,1.1638],[120.7973,1.1579],[120.8145,1.1706],[120.822,1.1718],[120.8273,1.192],[120.8257,1.2001],[120.828,1.2023],[120.8274,1.2051],[120.8184,1.2058],[120.8161,1.2102],[120.8166,1.2119],[120.8103,1.2193],[120.82,1.2567],[120.8183,1.2589],[120.8134,1.2583],[120.8084,1.2626],[120.8083,1.2667],[120.8119,1.2782],[120.8115,1.2816],[120.8162,1.2805],[120.8188,1.2834],[120.8205,1.2832],[120.8196,1.2867],[120.8216,1.2939],[120.8206,1.2958],[120.8114,1.2996],[120.8093,1.3174],[120.8074,1.3192],[120.8076,1.3254],[120.8166,1.3232],[120.8222,1.3231],[120.8248,1.325],[120.8265,1.3219],[120.8315,1.3194],[120.8329,1.314],[120.8385,1.3126],[120.8451,1.3147],[120.8473,1.3188],[120.8494,1.3163],[120.8565,1.3166],[120.8633,1.322],[120.8649,1.3182],[120.869,1.3177],[120.8701,1.3208],[120.876,1.3226],[120.8815,1.3222],[120.8887,1.3279],[120.8882,1.3353],[120.8951,1.3419],[120.8947,1.3475],[120.8912,1.3494],[120.8914,1.3507],[120.8973,1.3506],[120.9034,1.3567],[120.9089,1.354],[120.9145,1.3431],[120.9152,1.3372],[120.9134,1.3371],[120.9116,1.3395],[120.9079,1.3386],[120.9045,1.3397],[120.8994,1.3342],[120.8985,1.3288],[120.9007,1.3282],[120.9001,1.3251],[120.9063,1.3223],[120.9058,1.318],[120.8986,1.3179],[120.8966,1.3228],[120.8914,1.326],[120.89,1.3245],[120.8958,1.3179],[120.8928,1.3182],[120.8929,1.3205],[120.8901,1.3212],[120.8852,1.3167],[120.8888,1.3184],[120.893,1.3127],[120.901,1.3135],[120.9013,1.3092],[120.8944,1.3092],[120.8929,1.3065],[120.8952,1.3039],[120.8971,1.3069],[120.9004,1.3072],[120.903,1.3056],[120.911,1.3085],[120.9121,1.3119],[120.9087,1.3144],[120.9161,1.3195],[120.9184,1.3261],[120.9206,1.3254],[120.9199,1.3196],[120.9223,1.3188],[120.9224,1.3171],[120.9244,1.317],[120.9245,1.3193],[120.9263,1.318],[120.9283,1.3186],[120.9285,1.321],[120.9249,1.3235],[120.9281,1.3226],[120.9303,1.3251],[120.9301,1.3305],[120.9244,1.3281],[120.9211,1.3283],[120.9217,1.3306],[120.9287,1.3341],[120.9311,1.3402],[120.9394,1.346],[120.9422,1.3504],[120.9662,1.3425],[120.9734,1.3443],[120.9829,1.3389],[120.9931,1.3357],[120.9956,1.34],[120.999,1.3318],[121.0055,1.3289],[121.0071,1.3295],[121.009,1.3275],[121.0083,1.326],[121.009,1.327],[121.018,1.3253],[121.0208,1.3294],[121.0255,1.3277],[121.0248,1.3229],[121.0342,1.3212],[121.0384,1.3219],[121.0396,1.3128],[121.0459,1.3136],[121.0463,1.3102],[121.0527,1.3102],[121.0556,1.3051],[121.0627,1.3028],[121.0682,1.3054],[121.0701,1.3104],[121.0743,1.3099],[121.0796,1.3195],[121.0929,1.3149],[121.1001,1.3164],[121.1431,1.2927],[121.1419,1.2902],[121.1432,1.2927],[121.1496,1.289],[121.1553,1.2846],[121.1543,1.2834],[121.1556,1.2848],[121.1631,1.2776],[121.1775,1.2679],[121.1764,1.2568],[121.1775,1.2488],[121.1753,1.245],[121.1724,1.2446],[121.1712,1.2424],[121.1676,1.2425],[121.1652,1.24],[121.1589,1.2447],[121.1579,1.243],[121.1496,1.2414],[121.1514,1.2388],[121.151,1.2346],[121.1481,1.2311],[121.1488,1.2259],[121.137,1.2059],[121.1338,1.2049],[121.1293,1.2062],[121.1214,1.1966],[121.1151,1.1916],[121.0983,1.1838],[121.0987,1.1762],[121.0928,1.1753],[121.0928,1.1673],[121.0802,1.1516],[121.081,1.1427],[121.0852,1.1347],[121.0802,1.1333],[121.084,1.1272],[121.0893,1.1225],[121.0926,1.1076],[121.0893,1.0995],[121.0913,1.0951],[121.0951,1.0934],[121.0793,1.0894],[121.0731,1.0837],[121.0653,1.0831],[121.0561,1.0782],[121.0504,1.0698],[121.0481,1.0698],[121.0414,1.0614],[121.0402,1.0488],[121.0339,1.0468],[121.0264,1.0393],[121.0111,1.0349],[121.0068,1.0322],[121.012,1.0242],[121.0121,1.0204],[121.0144,1.0162],[121.0239,1.0148],[121.027,1.002],[121.0265,0.9991],[121.0239,0.9984],[121.0213,0.9951],[121.0194,0.9882],[121.0215,0.9819],[121.019,0.9777],[121.0204,0.9723],[121.0173,0.965],[121.0125,0.9384],[121.0053,0.892],[121.006,0.8868],[121.0022,0.8828],[121.0025,0.8806],[121.0072,0.8765],[121.0079,0.8686],[121.0062,0.8666],[121.006,0.8615],[121.0002,0.8596],[120.9986,0.8544],[120.9959,0.8524],[120.9903,0.8416],[120.9844,0.8427],[120.9775,0.841],[120.9728,0.8374],[120.9635,0.8364],[120.9505,0.8273],[120.9318,0.8267],[120.9328,0.8193],[120.9301,0.8187],[120.9247,0.8111],[120.9167,0.8036],[120.9153,0.7969],[120.9126,0.7946],[120.9002,0.7926],[120.8919,0.788],[120.8909,0.7804],[120.8794,0.7499],[120.8423,0.6959],[120.8455,0.6992],[120.85,0.7006],[120.848,0.6968],[120.8385,0.6877],[120.8353,0.6906],[120.8294,0.6901],[120.8301,0.6892],[120.8194,0.6842],[120.8188,0.6788],[120.8146,0.6759],[120.797,0.6793],[120.7973,0.6761],[120.7967,0.6792],[120.7832,0.6783],[120.7759,0.6729],[120.7641,0.6699],[120.7543,0.662],[120.7444,0.6638],[120.7362,0.6608],[120.7064,0.6686],[120.7053,0.6616],[120.6969,0.6614],[120.6852,0.6502],[120.6743,0.6451],[120.6659,0.6338],[120.6663,0.6279],[120.6613,0.6236],[120.6609,0.6156],[120.6565,0.6172],[120.6502,0.617],[120.644,0.6118],[120.6422,0.612],[120.6369,0.6058],[120.6378,0.598],[120.6296,0.593],[120.6263,0.5876],[120.623,0.5871],[120.6188,0.5871],[120.6153,0.5894],[120.6139,0.5997],[120.6073,0.6011],[120.6012,0.5956],[120.5968,0.5956],[120.5897,0.6043],[120.5804,0.6053],[120.5749,0.6093],[120.563,0.6055],[120.557,0.5947],[120.5465,0.5957],[120.5411,0.6121],[120.5432,0.6215],[120.5409,0.632],[120.5382,0.6351],[120.5276,0.6362],[120.5222,0.6333],[120.5166,0.6364],[120.5093,0.6342],[120.5058,0.6358],[120.496,0.6363],[120.4927,0.6416],[120.4844,0.6446],[120.482,0.6434],[120.4717,0.6443],[120.4592,0.6416],[120.4489,0.6428],[120.4414,0.6559],[120.439,0.6641],[120.4165,0.6615],[120.412,0.6635],[120.4083,0.6687],[120.382,0.6706],[120.3736,0.6753],[120.3557,0.6782],[120.3518,0.6771],[120.3505,0.6738],[120.3443,0.6683],[120.3298,0.6678],[120.3078,0.657],[120.3007,0.6519],[120.2998,0.6426],[120.287,0.6391],[120.2852,0.6311],[120.269,0.6303],[120.2644,0.6228],[120.2591,0.6235],[120.2514,0.6203],[120.2296,0.608],[120.2193,0.6049],[120.2081,0.6079],[120.1928,0.6158],[120.1927,0.6246]]]}}]}